date,mes_ref,casos,temp_media,temp_min,temp_max,n_correlacao_mensal,rho_spearman_mensal,p_valor_spearman_mensal,interpretacao_mensal,metodo,escopo_associacao
2020-01-08,2020-01-01,1,27.954166666666666,24,35.1,3,NA,NA,não estimável,spearman,"mensal: temperatura media diaria vs casos diarios, somente dias com casos"
2020-01-10,2020-01-01,2,27.879166666666663,23.4,34.5,3,NA,NA,não estimável,spearman,"mensal: temperatura media diaria vs casos diarios, somente dias com casos"
2020-01-28,2020-01-01,1,27.645833333333332,23,34.6,3,NA,NA,não estimável,spearman,"mensal: temperatura media diaria vs casos diarios, somente dias com casos"
2020-02-13,2020-02-01,1,22.8125,21.4,25.7,1,NA,NA,não estimável,spearman,"mensal: temperatura media diaria vs casos diarios, somente dias com casos"
2020-04-06,2020-04-01,1,24.65416666666667,21.6,29.1,2,NA,NA,não estimável,spearman,"mensal: temperatura media diaria vs casos diarios, somente dias com casos"
2020-04-10,2020-04-01,1,23.175,20.4,26.6,2,NA,NA,não estimável,spearman,"mensal: temperatura media diaria vs casos diarios, somente dias com casos"
2020-06-26,2020-06-01,1,22.179166666666667,17.2,29.7,2,NA,NA,não estimável,spearman,"mensal: temperatura media diaria vs casos diarios, somente dias com casos"
2020-06-29,2020-06-01,1,19.6875,18.1,23.4,2,NA,NA,não estimável,spearman,"mensal: temperatura media diaria vs casos diarios, somente dias com casos"
2020-07-21,2020-07-01,1,21.845833333333335,17.1,29.3,1,NA,NA,não estimável,spearman,"mensal: temperatura media diaria vs casos diarios, somente dias com casos"
2020-09-22,2020-09-01,1,21.258333333333333,19.7,22.8,1,NA,NA,não estimável,spearman,"mensal: temperatura media diaria vs casos diarios, somente dias com casos"
2021-03-22,2021-03-01,1,26.59583333333333,21.8,33.3,1,NA,NA,não estimável,spearman,"mensal: temperatura media diaria vs casos diarios, somente dias com casos"
2021-05-21,2021-05-01,9,23.991666666666667,19.5,31,3,NA,NA,não estimável,spearman,"mensal: temperatura media diaria vs casos diarios, somente dias com casos"
2021-05-26,2021-05-01,1,22.075,17.9,27.5,3,NA,NA,não estimável,spearman,"mensal: temperatura media diaria vs casos diarios, somente dias com casos"
2021-05-31,2021-05-01,1,23.3,20.5,29.9,3,NA,NA,não estimável,spearman,"mensal: temperatura media diaria vs casos diarios, somente dias com casos"
2021-06-07,2021-06-01,1,22.691666666666663,17.9,28.2,7,-0.07881104062391005,0.866621343241869,muito fraca,spearman,"mensal: temperatura media diaria vs casos diarios, somente dias com casos"
2021-06-11,2021-06-01,1,23.2375,20.3,29.2,7,-0.07881104062391005,0.866621343241869,muito fraca,spearman,"mensal: temperatura media diaria vs casos diarios, somente dias com casos"
2021-06-14,2021-06-01,5,19.925,15.4,23.6,7,-0.07881104062391005,0.866621343241869,muito fraca,spearman,"mensal: temperatura media diaria vs casos diarios, somente dias com casos"
2021-06-18,2021-06-01,1,19.891666666666666,17.1,24.1,7,-0.07881104062391005,0.866621343241869,muito fraca,spearman,"mensal: temperatura media diaria vs casos diarios, somente dias com casos"
2021-06-21,2021-06-01,2,21.71666666666667,18,27.1,7,-0.07881104062391005,0.866621343241869,muito fraca,spearman,"mensal: temperatura media diaria vs casos diarios, somente dias com casos"
2021-06-25,2021-06-01,1,19.7875,14.5,27.4,7,-0.07881104062391005,0.866621343241869,muito fraca,spearman,"mensal: temperatura media diaria vs casos diarios, somente dias com casos"
2021-06-28,2021-06-01,4,20.483333333333334,15.3,27.9,7,-0.07881104062391005,0.866621343241869,muito fraca,spearman,"mensal: temperatura media diaria vs casos diarios, somente dias com casos"
2021-07-05,2021-07-01,2,18.125,13.1,25.6,4,-0.7745966692414834,0.22540333075851632,forte,spearman,"mensal: temperatura media diaria vs casos diarios, somente dias com casos"
2021-07-06,2021-07-01,1,19.420833333333334,15.6,24.6,4,-0.7745966692414834,0.22540333075851632,forte,spearman,"mensal: temperatura media diaria vs casos diarios, somente dias com casos"
2021-07-12,2021-07-01,1,20.6375,15.2,27.7,4,-0.7745966692414834,0.22540333075851632,forte,spearman,"mensal: temperatura media diaria vs casos diarios, somente dias com casos"
2021-07-26,2021-07-01,1,20.645833333333332,15,29.5,4,-0.7745966692414834,0.22540333075851632,forte,spearman,"mensal: temperatura media diaria vs casos diarios, somente dias com casos"
2021-08-02,2021-08-01,2,17.3375,11.8,24.8,8,0.07824607964359516,0.8538863228291349,muito fraca,spearman,"mensal: temperatura media diaria vs casos diarios, somente dias com casos"
2021-08-04,2021-08-01,2,20.0625,17.3,24.2,8,0.07824607964359516,0.8538863228291349,muito fraca,spearman,"mensal: temperatura media diaria vs casos diarios, somente dias com casos"
2021-08-09,2021-08-01,3,20.583333333333332,15.7,27.3,8,0.07824607964359516,0.8538863228291349,muito fraca,spearman,"mensal: temperatura media diaria vs casos diarios, somente dias com casos"
2021-08-17,2021-08-01,2,22.3375,18.6,27,8,0.07824607964359516,0.8538863228291349,muito fraca,spearman,"mensal: temperatura media diaria vs casos diarios, somente dias com casos"
2021-08-23,2021-08-01,2,22.59166666666667,16.9,30.3,8,0.07824607964359516,0.8538863228291349,muito fraca,spearman,"mensal: temperatura media diaria vs casos diarios, somente dias com casos"
2021-08-25,2021-08-01,3,22.520833333333332,17.5,29.3,8,0.07824607964359516,0.8538863228291349,muito fraca,spearman,"mensal: temperatura media diaria vs casos diarios, somente dias com casos"
2021-08-30,2021-08-01,3,19.97083333333333,17.6,23.9,8,0.07824607964359516,0.8538863228291349,muito fraca,spearman,"mensal: temperatura media diaria vs casos diarios, somente dias com casos"
2021-08-31,2021-08-01,1,20.4,18.6,24,8,0.07824607964359516,0.8538863228291349,muito fraca,spearman,"mensal: temperatura media diaria vs casos diarios, somente dias com casos"
2021-09-03,2021-09-01,1,21.9625,17.7,28.3,9,0.4107919181288746,0.27207082745361133,moderada,spearman,"mensal: temperatura media diaria vs casos diarios, somente dias com casos"
2021-09-08,2021-09-01,1,21.704166666666666,20,24.2,9,0.4107919181288746,0.27207082745361133,moderada,spearman,"mensal: temperatura media diaria vs casos diarios, somente dias com casos"
2021-09-10,2021-09-01,1,24.183333333333337,22.3,28.2,9,0.4107919181288746,0.27207082745361133,moderada,spearman,"mensal: temperatura media diaria vs casos diarios, somente dias com casos"
2021-09-15,2021-09-01,1,25.766666666666666,21.3,33.3,9,0.4107919181288746,0.27207082745361133,moderada,spearman,"mensal: temperatura media diaria vs casos diarios, somente dias com casos"
2021-09-17,2021-09-01,1,21.0375,20,22.2,9,0.4107919181288746,0.27207082745361133,moderada,spearman,"mensal: temperatura media diaria vs casos diarios, somente dias com casos"
2021-09-20,2021-09-01,1,24.15,22.2,27.5,9,0.4107919181288746,0.27207082745361133,moderada,spearman,"mensal: temperatura media diaria vs casos diarios, somente dias com casos"
2021-09-21,2021-09-01,3,25.5,21.5,35.4,9,0.4107919181288746,0.27207082745361133,moderada,spearman,"mensal: temperatura media diaria vs casos diarios, somente dias com casos"
2021-09-27,2021-09-01,1,23.934782608695652,21,27.6,9,0.4107919181288746,0.27207082745361133,moderada,spearman,"mensal: temperatura media diaria vs casos diarios, somente dias com casos"
2021-09-29,2021-09-01,1,24.4875,20,30.6,9,0.4107919181288746,0.27207082745361133,moderada,spearman,"mensal: temperatura media diaria vs casos diarios, somente dias com casos"
2021-10-04,2021-10-01,2,25.241666666666667,22.3,30.9,5,0.28867513459481287,0.6376180914006018,fraca,spearman,"mensal: temperatura media diaria vs casos diarios, somente dias com casos"
2021-10-07,2021-10-01,1,24.46666666666667,21.5,31.3,5,0.28867513459481287,0.6376180914006018,fraca,spearman,"mensal: temperatura media diaria vs casos diarios, somente dias com casos"
2021-10-13,2021-10-01,2,21.645833333333332,18.8,25.7,5,0.28867513459481287,0.6376180914006018,fraca,spearman,"mensal: temperatura media diaria vs casos diarios, somente dias com casos"
2021-10-22,2021-10-01,1,20.3,15.8,26.1,5,0.28867513459481287,0.6376180914006018,fraca,spearman,"mensal: temperatura media diaria vs casos diarios, somente dias com casos"
2021-10-26,2021-10-01,2,23.275,19.3,27.6,5,0.28867513459481287,0.6376180914006018,fraca,spearman,"mensal: temperatura media diaria vs casos diarios, somente dias com casos"
2021-11-04,2021-11-01,2,23.370833333333337,20.9,27.4,4,0.894427190999916,0.10557280900008408,forte,spearman,"mensal: temperatura media diaria vs casos diarios, somente dias com casos"
2021-11-08,2021-11-01,1,23.225,20.8,26.5,4,0.894427190999916,0.10557280900008408,forte,spearman,"mensal: temperatura media diaria vs casos diarios, somente dias com casos"
2021-11-16,2021-11-01,1,22.5375,19.4,26.2,4,0.894427190999916,0.10557280900008408,forte,spearman,"mensal: temperatura media diaria vs casos diarios, somente dias com casos"
2021-11-24,2021-11-01,2,24.208333333333332,19.7,29.4,4,0.894427190999916,0.10557280900008408,forte,spearman,"mensal: temperatura media diaria vs casos diarios, somente dias com casos"
2021-12-07,2021-12-01,1,22.7375,20.6,25.9,6,-0.6546536707079772,0.1583024233754577,forte,spearman,"mensal: temperatura media diaria vs casos diarios, somente dias com casos"
2021-12-09,2021-12-01,2,21.8625,17.5,28.4,6,-0.6546536707079772,0.1583024233754577,forte,spearman,"mensal: temperatura media diaria vs casos diarios, somente dias com casos"
2021-12-20,2021-12-01,1,22.741666666666667,20,25.4,6,-0.6546536707079772,0.1583024233754577,forte,spearman,"mensal: temperatura media diaria vs casos diarios, somente dias com casos"
2021-12-21,2021-12-01,1,23.858333333333334,20.8,27.4,6,-0.6546536707079772,0.1583024233754577,forte,spearman,"mensal: temperatura media diaria vs casos diarios, somente dias com casos"
2021-12-27,2021-12-01,1,25.9625,20.3,34.1,6,-0.6546536707079772,0.1583024233754577,forte,spearman,"mensal: temperatura media diaria vs casos diarios, somente dias com casos"
2021-12-30,2021-12-01,1,24.27916666666667,22.2,26.8,6,-0.6546536707079772,0.1583024233754577,forte,spearman,"mensal: temperatura media diaria vs casos diarios, somente dias com casos"
2022-01-17,2022-01-01,1,26.491666666666667,23.2,30.7,4,NA,NA,não estimável,spearman,"mensal: temperatura media diaria vs casos diarios, somente dias com casos"
2022-01-18,2022-01-01,1,26.9375,23.3,32.2,4,NA,NA,não estimável,spearman,"mensal: temperatura media diaria vs casos diarios, somente dias com casos"
2022-01-24,2022-01-01,1,26.275,22.1,31,4,NA,NA,não estimável,spearman,"mensal: temperatura media diaria vs casos diarios, somente dias com casos"
2022-01-31,2022-01-01,1,27.029166666666665,23,34,4,NA,NA,não estimável,spearman,"mensal: temperatura media diaria vs casos diarios, somente dias com casos"
2022-02-02,2022-02-01,1,25.325,22.8,29.8,5,0.7905694150420948,0.11136715471408384,forte,spearman,"mensal: temperatura media diaria vs casos diarios, somente dias com casos"
2022-02-07,2022-02-01,3,26.729166666666668,23.1,31.8,5,0.7905694150420948,0.11136715471408384,forte,spearman,"mensal: temperatura media diaria vs casos diarios, somente dias com casos"
2022-02-14,2022-02-01,2,26.570833333333333,22.9,32.1,5,0.7905694150420948,0.11136715471408384,forte,spearman,"mensal: temperatura media diaria vs casos diarios, somente dias com casos"
2022-02-21,2022-02-01,2,26.854166666666668,23.6,33.6,5,0.7905694150420948,0.11136715471408384,forte,spearman,"mensal: temperatura media diaria vs casos diarios, somente dias com casos"
2022-02-24,2022-02-01,1,26.3875,23.1,30.6,5,0.7905694150420948,0.11136715471408384,forte,spearman,"mensal: temperatura media diaria vs casos diarios, somente dias com casos"
2022-03-07,2022-03-01,1,26.7375,22.5,32.6,9,NA,NA,não estimável,spearman,"mensal: temperatura media diaria vs casos diarios, somente dias com casos"
2022-03-09,2022-03-01,1,26.679166666666667,21.9,31.8,9,NA,NA,não estimável,spearman,"mensal: temperatura media diaria vs casos diarios, somente dias com casos"
2022-03-11,2022-03-01,1,26.533333333333335,21.8,33,9,NA,NA,não estimável,spearman,"mensal: temperatura media diaria vs casos diarios, somente dias com casos"
2022-03-17,2022-03-01,1,27.575,23,32.6,9,NA,NA,não estimável,spearman,"mensal: temperatura media diaria vs casos diarios, somente dias com casos"
2022-03-22,2022-03-01,1,22.166666666666664,20.9,24.5,9,NA,NA,não estimável,spearman,"mensal: temperatura media diaria vs casos diarios, somente dias com casos"
2022-03-23,2022-03-01,1,23.7625,19.8,28.3,9,NA,NA,não estimável,spearman,"mensal: temperatura media diaria vs casos diarios, somente dias com casos"
2022-03-24,2022-03-01,1,25.083333333333332,20.6,30.8,9,NA,NA,não estimável,spearman,"mensal: temperatura media diaria vs casos diarios, somente dias com casos"
2022-03-25,2022-03-01,1,26.270833333333332,21.4,33.8,9,NA,NA,não estimável,spearman,"mensal: temperatura media diaria vs casos diarios, somente dias com casos"
2022-03-29,2022-03-01,1,25.775,22,32.3,9,NA,NA,não estimável,spearman,"mensal: temperatura media diaria vs casos diarios, somente dias com casos"
2022-04-04,2022-04-01,1,26.3625,22.9,31.6,12,-0.3781131186160174,0.22555394534778989,moderada,spearman,"mensal: temperatura media diaria vs casos diarios, somente dias com casos"
2022-04-05,2022-04-01,3,26.9375,22.8,34.8,12,-0.3781131186160174,0.22555394534778989,moderada,spearman,"mensal: temperatura media diaria vs casos diarios, somente dias com casos"
2022-04-12,2022-04-01,3,25.4375,21.1,32.3,12,-0.3781131186160174,0.22555394534778989,moderada,spearman,"mensal: temperatura media diaria vs casos diarios, somente dias com casos"
2022-04-18,2022-04-01,3,22.233333333333334,16.7,27.8,12,-0.3781131186160174,0.22555394534778989,moderada,spearman,"mensal: temperatura media diaria vs casos diarios, somente dias com casos"
2022-04-19,2022-04-01,2,22.65,17.4,28,12,-0.3781131186160174,0.22555394534778989,moderada,spearman,"mensal: temperatura media diaria vs casos diarios, somente dias com casos"
2022-04-20,2022-04-01,9,23.054166666666667,17.9,29.8,12,-0.3781131186160174,0.22555394534778989,moderada,spearman,"mensal: temperatura media diaria vs casos diarios, somente dias com casos"
2022-04-23,2022-04-01,1,26.645833333333332,20.5,35,12,-0.3781131186160174,0.22555394534778989,moderada,spearman,"mensal: temperatura media diaria vs casos diarios, somente dias com casos"
2022-04-25,2022-04-01,17,23.925,21.3,27.5,12,-0.3781131186160174,0.22555394534778989,moderada,spearman,"mensal: temperatura media diaria vs casos diarios, somente dias com casos"
2022-04-26,2022-04-01,5,23.875,19.3,30.6,12,-0.3781131186160174,0.22555394534778989,moderada,spearman,"mensal: temperatura media diaria vs casos diarios, somente dias com casos"
2022-04-27,2022-04-01,8,25.304166666666667,21,31.7,12,-0.3781131186160174,0.22555394534778989,moderada,spearman,"mensal: temperatura media diaria vs casos diarios, somente dias com casos"
2022-04-28,2022-04-01,5,25.245833333333337,20.9,32,12,-0.3781131186160174,0.22555394534778989,moderada,spearman,"mensal: temperatura media diaria vs casos diarios, somente dias com casos"
2022-04-29,2022-04-01,4,25.654166666666665,21,32.9,12,-0.3781131186160174,0.22555394534778989,moderada,spearman,"mensal: temperatura media diaria vs casos diarios, somente dias com casos"
2022-05-02,2022-05-01,11,25.945833333333333,21.2,33.6,23,-0.038633105094115584,0.8610714652093766,muito fraca,spearman,"mensal: temperatura media diaria vs casos diarios, somente dias com casos"
2022-05-03,2022-05-01,7,25.2375,20.3,33,23,-0.038633105094115584,0.8610714652093766,muito fraca,spearman,"mensal: temperatura media diaria vs casos diarios, somente dias com casos"
2022-05-04,2022-05-01,8,26.041666666666668,21.4,33.3,23,-0.038633105094115584,0.8610714652093766,muito fraca,spearman,"mensal: temperatura media diaria vs casos diarios, somente dias com casos"
2022-05-05,2022-05-01,9,23.933333333333337,22.4,25.4,23,-0.038633105094115584,0.8610714652093766,muito fraca,spearman,"mensal: temperatura media diaria vs casos diarios, somente dias com casos"
2022-05-06,2022-05-01,12,23.40833333333333,20.4,27,23,-0.038633105094115584,0.8610714652093766,muito fraca,spearman,"mensal: temperatura media diaria vs casos diarios, somente dias com casos"
2022-05-09,2022-05-01,18,22.1375,18.2,26.8,23,-0.038633105094115584,0.8610714652093766,muito fraca,spearman,"mensal: temperatura media diaria vs casos diarios, somente dias com casos"
2022-05-10,2022-05-01,9,20.5125,18.2,23.5,23,-0.038633105094115584,0.8610714652093766,muito fraca,spearman,"mensal: temperatura media diaria vs casos diarios, somente dias com casos"
2022-05-11,2022-05-01,15,22.558333333333337,18.2,29.2,23,-0.038633105094115584,0.8610714652093766,muito fraca,spearman,"mensal: temperatura media diaria vs casos diarios, somente dias com casos"
2022-05-12,2022-05-01,14,23.216666666666665,19.7,28.1,23,-0.038633105094115584,0.8610714652093766,muito fraca,spearman,"mensal: temperatura media diaria vs casos diarios, somente dias com casos"
2022-05-13,2022-05-01,10,23.3625,20.7,27.1,23,-0.038633105094115584,0.8610714652093766,muito fraca,spearman,"mensal: temperatura media diaria vs casos diarios, somente dias com casos"
2022-05-16,2022-05-01,29,24,20.6,28.1,23,-0.038633105094115584,0.8610714652093766,muito fraca,spearman,"mensal: temperatura media diaria vs casos diarios, somente dias com casos"
2022-05-17,2022-05-01,23,22.870833333333337,19.8,29.2,23,-0.038633105094115584,0.8610714652093766,muito fraca,spearman,"mensal: temperatura media diaria vs casos diarios, somente dias com casos"
2022-05-18,2022-05-01,21,19.525,16.3,23.4,23,-0.038633105094115584,0.8610714652093766,muito fraca,spearman,"mensal: temperatura media diaria vs casos diarios, somente dias com casos"
2022-05-19,2022-05-01,9,19.058333333333337,15.4,24.7,23,-0.038633105094115584,0.8610714652093766,muito fraca,spearman,"mensal: temperatura media diaria vs casos diarios, somente dias com casos"
2022-05-20,2022-05-01,16,18.575,13,25.2,23,-0.038633105094115584,0.8610714652093766,muito fraca,spearman,"mensal: temperatura media diaria vs casos diarios, somente dias com casos"
2022-05-21,2022-05-01,1,18.570833333333333,12.7,26.2,23,-0.038633105094115584,0.8610714652093766,muito fraca,spearman,"mensal: temperatura media diaria vs casos diarios, somente dias com casos"
2022-05-23,2022-05-01,26,19.708333333333332,16.3,25.2,23,-0.038633105094115584,0.8610714652093766,muito fraca,spearman,"mensal: temperatura media diaria vs casos diarios, somente dias com casos"
2022-05-24,2022-05-01,13,20.2875,16.6,25.6,23,-0.038633105094115584,0.8610714652093766,muito fraca,spearman,"mensal: temperatura media diaria vs casos diarios, somente dias com casos"
2022-05-25,2022-05-01,12,21.775,17,27.2,23,-0.038633105094115584,0.8610714652093766,muito fraca,spearman,"mensal: temperatura media diaria vs casos diarios, somente dias com casos"
2022-05-26,2022-05-01,11,20.754166666666663,17.3,25.8,23,-0.038633105094115584,0.8610714652093766,muito fraca,spearman,"mensal: temperatura media diaria vs casos diarios, somente dias com casos"
2022-05-27,2022-05-01,7,20.6375,14.9,27.2,23,-0.038633105094115584,0.8610714652093766,muito fraca,spearman,"mensal: temperatura media diaria vs casos diarios, somente dias com casos"
2022-05-30,2022-05-01,19,24.816666666666663,20.1,31.9,23,-0.038633105094115584,0.8610714652093766,muito fraca,spearman,"mensal: temperatura media diaria vs casos diarios, somente dias com casos"
2022-05-31,2022-05-01,11,22.770833333333332,18.7,28.5,23,-0.038633105094115584,0.8610714652093766,muito fraca,spearman,"mensal: temperatura media diaria vs casos diarios, somente dias com casos"
2022-06-01,2022-06-01,11,23.225,19,30.4,22,0.010189673594095512,0.9641033731144282,muito fraca,spearman,"mensal: temperatura media diaria vs casos diarios, somente dias com casos"
2022-06-02,2022-06-01,10,24.55,20.2,32.3,22,0.010189673594095512,0.9641033731144282,muito fraca,spearman,"mensal: temperatura media diaria vs casos diarios, somente dias com casos"
2022-06-03,2022-06-01,4,22.666666666666668,19.6,26,22,0.010189673594095512,0.9641033731144282,muito fraca,spearman,"mensal: temperatura media diaria vs casos diarios, somente dias com casos"
2022-06-05,2022-06-01,1,19.245833333333337,16.7,23.9,22,0.010189673594095512,0.9641033731144282,muito fraca,spearman,"mensal: temperatura media diaria vs casos diarios, somente dias com casos"
2022-06-06,2022-06-01,17,18.891666666666666,12.8,27.1,22,0.010189673594095512,0.9641033731144282,muito fraca,spearman,"mensal: temperatura media diaria vs casos diarios, somente dias com casos"
2022-06-07,2022-06-01,13,22.1125,16.6,30.4,22,0.010189673594095512,0.9641033731144282,muito fraca,spearman,"mensal: temperatura media diaria vs casos diarios, somente dias com casos"
2022-06-08,2022-06-01,9,22.379166666666663,15.8,30.5,22,0.010189673594095512,0.9641033731144282,muito fraca,spearman,"mensal: temperatura media diaria vs casos diarios, somente dias com casos"
2022-06-09,2022-06-01,9,22.2625,18.3,28.4,22,0.010189673594095512,0.9641033731144282,muito fraca,spearman,"mensal: temperatura media diaria vs casos diarios, somente dias com casos"
2022-06-10,2022-06-01,7,23.483333333333334,18.9,30.6,22,0.010189673594095512,0.9641033731144282,muito fraca,spearman,"mensal: temperatura media diaria vs casos diarios, somente dias com casos"
2022-06-13,2022-06-01,18,20.020833333333332,16.4,24.6,22,0.010189673594095512,0.9641033731144282,muito fraca,spearman,"mensal: temperatura media diaria vs casos diarios, somente dias com casos"
2022-06-14,2022-06-01,2,18.758333333333333,16,23.1,22,0.010189673594095512,0.9641033731144282,muito fraca,spearman,"mensal: temperatura media diaria vs casos diarios, somente dias com casos"
2022-06-15,2022-06-01,11,18.058333333333337,12.5,25.4,22,0.010189673594095512,0.9641033731144282,muito fraca,spearman,"mensal: temperatura media diaria vs casos diarios, somente dias com casos"
2022-06-17,2022-06-01,3,19.658333333333335,13.8,28,22,0.010189673594095512,0.9641033731144282,muito fraca,spearman,"mensal: temperatura media diaria vs casos diarios, somente dias com casos"
2022-06-20,2022-06-01,8,19.720833333333335,15.5,24.8,22,0.010189673594095512,0.9641033731144282,muito fraca,spearman,"mensal: temperatura media diaria vs casos diarios, somente dias com casos"
2022-06-21,2022-06-01,7,20.825,16.2,27.7,22,0.010189673594095512,0.9641033731144282,muito fraca,spearman,"mensal: temperatura media diaria vs casos diarios, somente dias com casos"
2022-06-22,2022-06-01,6,22.083333333333332,17.8,29.4,22,0.010189673594095512,0.9641033731144282,muito fraca,spearman,"mensal: temperatura media diaria vs casos diarios, somente dias com casos"
2022-06-23,2022-06-01,5,22.745833333333337,17.5,31,22,0.010189673594095512,0.9641033731144282,muito fraca,spearman,"mensal: temperatura media diaria vs casos diarios, somente dias com casos"
2022-06-24,2022-06-01,5,22.9125,17.5,30.6,22,0.010189673594095512,0.9641033731144282,muito fraca,spearman,"mensal: temperatura media diaria vs casos diarios, somente dias com casos"
2022-06-27,2022-06-01,16,18.7375,15.3,24,22,0.010189673594095512,0.9641033731144282,muito fraca,spearman,"mensal: temperatura media diaria vs casos diarios, somente dias com casos"
2022-06-28,2022-06-01,6,17.4875,11.7,24.8,22,0.010189673594095512,0.9641033731144282,muito fraca,spearman,"mensal: temperatura media diaria vs casos diarios, somente dias com casos"
2022-06-29,2022-06-01,2,20.495833333333337,14.6,28.9,22,0.010189673594095512,0.9641033731144282,muito fraca,spearman,"mensal: temperatura media diaria vs casos diarios, somente dias com casos"
2022-06-30,2022-06-01,6,20.5,16.7,25.2,22,0.010189673594095512,0.9641033731144282,muito fraca,spearman,"mensal: temperatura media diaria vs casos diarios, somente dias com casos"
2022-07-01,2022-07-01,5,20.22083333333333,15.5,25.8,21,-0.16634525557163687,0.4711204980111666,fraca,spearman,"mensal: temperatura media diaria vs casos diarios, somente dias com casos"
2022-07-04,2022-07-01,16,21.46666666666667,16.1,28.8,21,-0.16634525557163687,0.4711204980111666,fraca,spearman,"mensal: temperatura media diaria vs casos diarios, somente dias com casos"
2022-07-05,2022-07-01,6,22.25,16.6,30.1,21,-0.16634525557163687,0.4711204980111666,fraca,spearman,"mensal: temperatura media diaria vs casos diarios, somente dias com casos"
2022-07-06,2022-07-01,6,21.8625,16.7,29.5,21,-0.16634525557163687,0.4711204980111666,fraca,spearman,"mensal: temperatura media diaria vs casos diarios, somente dias com casos"
2022-07-07,2022-07-01,12,21.370833333333337,16,29.3,21,-0.16634525557163687,0.4711204980111666,fraca,spearman,"mensal: temperatura media diaria vs casos diarios, somente dias com casos"
2022-07-08,2022-07-01,4,21.616666666666667,16.1,29.3,21,-0.16634525557163687,0.4711204980111666,fraca,spearman,"mensal: temperatura media diaria vs casos diarios, somente dias com casos"
2022-07-11,2022-07-01,4,22.079166666666666,17.3,28.2,21,-0.16634525557163687,0.4711204980111666,fraca,spearman,"mensal: temperatura media diaria vs casos diarios, somente dias com casos"
2022-07-12,2022-07-01,8,23.345833333333335,18.8,32.1,21,-0.16634525557163687,0.4711204980111666,fraca,spearman,"mensal: temperatura media diaria vs casos diarios, somente dias com casos"
2022-07-13,2022-07-01,12,21.870833333333337,17.5,27.5,21,-0.16634525557163687,0.4711204980111666,fraca,spearman,"mensal: temperatura media diaria vs casos diarios, somente dias com casos"
2022-07-14,2022-07-01,2,22.470833333333335,20,26.1,21,-0.16634525557163687,0.4711204980111666,fraca,spearman,"mensal: temperatura media diaria vs casos diarios, somente dias com casos"
2022-07-15,2022-07-01,9,22.708333333333332,19.8,28.3,21,-0.16634525557163687,0.4711204980111666,fraca,spearman,"mensal: temperatura media diaria vs casos diarios, somente dias com casos"
2022-07-18,2022-07-01,10,22.52173913043478,18.7,28.1,21,-0.16634525557163687,0.4711204980111666,fraca,spearman,"mensal: temperatura media diaria vs casos diarios, somente dias com casos"
2022-07-19,2022-07-01,4,21.9,17.5,28.8,21,-0.16634525557163687,0.4711204980111666,fraca,spearman,"mensal: temperatura media diaria vs casos diarios, somente dias com casos"
2022-07-20,2022-07-01,7,21.6625,18.1,26.8,21,-0.16634525557163687,0.4711204980111666,fraca,spearman,"mensal: temperatura media diaria vs casos diarios, somente dias com casos"
2022-07-21,2022-07-01,4,21.916666666666668,19.1,26.3,21,-0.16634525557163687,0.4711204980111666,fraca,spearman,"mensal: temperatura media diaria vs casos diarios, somente dias com casos"
2022-07-22,2022-07-01,8,21.8875,17.4,27.8,21,-0.16634525557163687,0.4711204980111666,fraca,spearman,"mensal: temperatura media diaria vs casos diarios, somente dias com casos"
2022-07-25,2022-07-01,12,21.2875,17.3,27.5,21,-0.16634525557163687,0.4711204980111666,fraca,spearman,"mensal: temperatura media diaria vs casos diarios, somente dias com casos"
2022-07-26,2022-07-01,8,21.341666666666665,17.7,27.1,21,-0.16634525557163687,0.4711204980111666,fraca,spearman,"mensal: temperatura media diaria vs casos diarios, somente dias com casos"
2022-07-27,2022-07-01,2,21.0625,17,26.9,21,-0.16634525557163687,0.4711204980111666,fraca,spearman,"mensal: temperatura media diaria vs casos diarios, somente dias com casos"
2022-07-28,2022-07-01,6,21.479166666666668,15.9,30.4,21,-0.16634525557163687,0.4711204980111666,fraca,spearman,"mensal: temperatura media diaria vs casos diarios, somente dias com casos"
2022-07-29,2022-07-01,2,23.025,17.2,32.6,21,-0.16634525557163687,0.4711204980111666,fraca,spearman,"mensal: temperatura media diaria vs casos diarios, somente dias com casos"
2022-08-01,2022-08-01,6,20.591666666666665,15.3,28.3,22,-0.2078090815287606,0.35340657424623523,fraca,spearman,"mensal: temperatura media diaria vs casos diarios, somente dias com casos"
2022-08-02,2022-08-01,3,22.65,18.4,30.5,22,-0.2078090815287606,0.35340657424623523,fraca,spearman,"mensal: temperatura media diaria vs casos diarios, somente dias com casos"
2022-08-03,2022-08-01,3,22.829166666666666,19.8,28.7,22,-0.2078090815287606,0.35340657424623523,fraca,spearman,"mensal: temperatura media diaria vs casos diarios, somente dias com casos"
2022-08-04,2022-08-01,4,21.758333333333333,16.6,30.4,22,-0.2078090815287606,0.35340657424623523,fraca,spearman,"mensal: temperatura media diaria vs casos diarios, somente dias com casos"
2022-08-05,2022-08-01,3,24.8,19.3,33.9,22,-0.2078090815287606,0.35340657424623523,fraca,spearman,"mensal: temperatura media diaria vs casos diarios, somente dias com casos"
2022-08-08,2022-08-01,6,22.658333333333335,18.3,27.6,22,-0.2078090815287606,0.35340657424623523,fraca,spearman,"mensal: temperatura media diaria vs casos diarios, somente dias com casos"
2022-08-09,2022-08-01,4,22.8625,19.7,27.5,22,-0.2078090815287606,0.35340657424623523,fraca,spearman,"mensal: temperatura media diaria vs casos diarios, somente dias com casos"
2022-08-10,2022-08-01,2,24.645833333333332,21,31.5,22,-0.2078090815287606,0.35340657424623523,fraca,spearman,"mensal: temperatura media diaria vs casos diarios, somente dias com casos"
2022-08-11,2022-08-01,3,22.491666666666667,18.5,28.7,22,-0.2078090815287606,0.35340657424623523,fraca,spearman,"mensal: temperatura media diaria vs casos diarios, somente dias com casos"
2022-08-12,2022-08-01,3,19.708333333333332,15.9,24.3,22,-0.2078090815287606,0.35340657424623523,fraca,spearman,"mensal: temperatura media diaria vs casos diarios, somente dias com casos"
2022-08-15,2022-08-01,6,20.591666666666665,14.9,26.9,22,-0.2078090815287606,0.35340657424623523,fraca,spearman,"mensal: temperatura media diaria vs casos diarios, somente dias com casos"
2022-08-16,2022-08-01,2,22.716666666666665,17,29.8,22,-0.2078090815287606,0.35340657424623523,fraca,spearman,"mensal: temperatura media diaria vs casos diarios, somente dias com casos"
2022-08-17,2022-08-01,3,23.254166666666663,18.8,29,22,-0.2078090815287606,0.35340657424623523,fraca,spearman,"mensal: temperatura media diaria vs casos diarios, somente dias com casos"
2022-08-18,2022-08-01,3,23.866666666666667,19.2,30.5,22,-0.2078090815287606,0.35340657424623523,fraca,spearman,"mensal: temperatura media diaria vs casos diarios, somente dias com casos"
2022-08-19,2022-08-01,3,20.933333333333337,17.1,25.9,22,-0.2078090815287606,0.35340657424623523,fraca,spearman,"mensal: temperatura media diaria vs casos diarios, somente dias com casos"
2022-08-22,2022-08-01,2,19.1375,16.3,22.6,22,-0.2078090815287606,0.35340657424623523,fraca,spearman,"mensal: temperatura media diaria vs casos diarios, somente dias com casos"
2022-08-23,2022-08-01,3,19.466666666666665,13.9,25.4,22,-0.2078090815287606,0.35340657424623523,fraca,spearman,"mensal: temperatura media diaria vs casos diarios, somente dias com casos"
2022-08-24,2022-08-01,4,20.72083333333333,18.1,26.1,22,-0.2078090815287606,0.35340657424623523,fraca,spearman,"mensal: temperatura media diaria vs casos diarios, somente dias com casos"
2022-08-25,2022-08-01,4,20.9375,18.2,25.2,22,-0.2078090815287606,0.35340657424623523,fraca,spearman,"mensal: temperatura media diaria vs casos diarios, somente dias com casos"
2022-08-26,2022-08-01,2,22.725,18.8,27.8,22,-0.2078090815287606,0.35340657424623523,fraca,spearman,"mensal: temperatura media diaria vs casos diarios, somente dias com casos"
2022-08-29,2022-08-01,1,20.275,16.4,22,22,-0.2078090815287606,0.35340657424623523,fraca,spearman,"mensal: temperatura media diaria vs casos diarios, somente dias com casos"
2022-08-30,2022-08-01,6,17.233333333333334,14.7,21.2,22,-0.2078090815287606,0.35340657424623523,fraca,spearman,"mensal: temperatura media diaria vs casos diarios, somente dias com casos"
2022-09-01,2022-09-01,3,18.775,13.3,25.4,20,0.1125149372887475,0.6367219114196949,fraca,spearman,"mensal: temperatura media diaria vs casos diarios, somente dias com casos"
2022-09-02,2022-09-01,2,20.758333333333333,13.9,29.1,20,0.1125149372887475,0.6367219114196949,fraca,spearman,"mensal: temperatura media diaria vs casos diarios, somente dias com casos"
2022-09-06,2022-09-01,3,20.5125,16.1,25.1,20,0.1125149372887475,0.6367219114196949,fraca,spearman,"mensal: temperatura media diaria vs casos diarios, somente dias com casos"
2022-09-08,2022-09-01,6,22.1,15.7,29.2,20,0.1125149372887475,0.6367219114196949,fraca,spearman,"mensal: temperatura media diaria vs casos diarios, somente dias com casos"
2022-09-09,2022-09-01,4,23.4,18.1,32,20,0.1125149372887475,0.6367219114196949,fraca,spearman,"mensal: temperatura media diaria vs casos diarios, somente dias com casos"
2022-09-10,2022-09-01,1,24.375,18,35.2,20,0.1125149372887475,0.6367219114196949,fraca,spearman,"mensal: temperatura media diaria vs casos diarios, somente dias com casos"
2022-09-12,2022-09-01,6,20.391666666666666,18.3,23.4,20,0.1125149372887475,0.6367219114196949,fraca,spearman,"mensal: temperatura media diaria vs casos diarios, somente dias com casos"
2022-09-13,2022-09-01,6,22.529166666666665,18.7,28.6,20,0.1125149372887475,0.6367219114196949,fraca,spearman,"mensal: temperatura media diaria vs casos diarios, somente dias com casos"
2022-09-15,2022-09-01,3,22.666666666666668,20.3,27.8,20,0.1125149372887475,0.6367219114196949,fraca,spearman,"mensal: temperatura media diaria vs casos diarios, somente dias com casos"
2022-09-16,2022-09-01,1,18.6125,16.9,20,20,0.1125149372887475,0.6367219114196949,fraca,spearman,"mensal: temperatura media diaria vs casos diarios, somente dias com casos"
2022-09-19,2022-09-01,1,19.3,13.5,26.1,20,0.1125149372887475,0.6367219114196949,fraca,spearman,"mensal: temperatura media diaria vs casos diarios, somente dias com casos"
2022-09-20,2022-09-01,2,22.0875,17,31.4,20,0.1125149372887475,0.6367219114196949,fraca,spearman,"mensal: temperatura media diaria vs casos diarios, somente dias com casos"
2022-09-21,2022-09-01,2,23.033333333333335,20.2,27.5,20,0.1125149372887475,0.6367219114196949,fraca,spearman,"mensal: temperatura media diaria vs casos diarios, somente dias com casos"
2022-09-22,2022-09-01,2,23.9625,20.3,32.8,20,0.1125149372887475,0.6367219114196949,fraca,spearman,"mensal: temperatura media diaria vs casos diarios, somente dias com casos"
2022-09-23,2022-09-01,3,22.375,20,27.2,20,0.1125149372887475,0.6367219114196949,fraca,spearman,"mensal: temperatura media diaria vs casos diarios, somente dias com casos"
2022-09-26,2022-09-01,3,22.954166666666666,20.2,26.6,20,0.1125149372887475,0.6367219114196949,fraca,spearman,"mensal: temperatura media diaria vs casos diarios, somente dias com casos"
2022-09-27,2022-09-01,5,24.45,21.9,30,20,0.1125149372887475,0.6367219114196949,fraca,spearman,"mensal: temperatura media diaria vs casos diarios, somente dias com casos"
2022-09-28,2022-09-01,2,23.658333333333335,20.3,28.8,20,0.1125149372887475,0.6367219114196949,fraca,spearman,"mensal: temperatura media diaria vs casos diarios, somente dias com casos"
2022-09-29,2022-09-01,4,21,20.2,23.1,20,0.1125149372887475,0.6367219114196949,fraca,spearman,"mensal: temperatura media diaria vs casos diarios, somente dias com casos"
2022-09-30,2022-09-01,2,20.270833333333332,18.4,22.5,20,0.1125149372887475,0.6367219114196949,fraca,spearman,"mensal: temperatura media diaria vs casos diarios, somente dias com casos"
2022-10-01,2022-10-01,1,20.5625,17.6,23.9,22,0.1583737406433093,0.4814701025847218,fraca,spearman,"mensal: temperatura media diaria vs casos diarios, somente dias com casos"
2022-10-03,2022-10-01,2,21.995833333333337,20.7,24.3,22,0.1583737406433093,0.4814701025847218,fraca,spearman,"mensal: temperatura media diaria vs casos diarios, somente dias com casos"
2022-10-04,2022-10-01,2,22.033333333333335,18.9,27.7,22,0.1583737406433093,0.4814701025847218,fraca,spearman,"mensal: temperatura media diaria vs casos diarios, somente dias com casos"
2022-10-05,2022-10-01,1,21.945833333333333,20.1,24.2,22,0.1583737406433093,0.4814701025847218,fraca,spearman,"mensal: temperatura media diaria vs casos diarios, somente dias com casos"
2022-10-06,2022-10-01,2,22.8875,20.1,26,22,0.1583737406433093,0.4814701025847218,fraca,spearman,"mensal: temperatura media diaria vs casos diarios, somente dias com casos"
2022-10-07,2022-10-01,2,25.541666666666668,21.6,32,22,0.1583737406433093,0.4814701025847218,fraca,spearman,"mensal: temperatura media diaria vs casos diarios, somente dias com casos"
2022-10-10,2022-10-01,1,25.2375,22,30.6,22,0.1583737406433093,0.4814701025847218,fraca,spearman,"mensal: temperatura media diaria vs casos diarios, somente dias com casos"
2022-10-11,2022-10-01,1,25.504166666666663,22.2,29.8,22,0.1583737406433093,0.4814701025847218,fraca,spearman,"mensal: temperatura media diaria vs casos diarios, somente dias com casos"
2022-10-13,2022-10-01,1,25.354166666666668,21.7,31.3,22,0.1583737406433093,0.4814701025847218,fraca,spearman,"mensal: temperatura media diaria vs casos diarios, somente dias com casos"
2022-10-14,2022-10-01,1,25.233333333333334,22.3,29.7,22,0.1583737406433093,0.4814701025847218,fraca,spearman,"mensal: temperatura media diaria vs casos diarios, somente dias com casos"
2022-10-17,2022-10-01,3,23.525,18.9,30,22,0.1583737406433093,0.4814701025847218,fraca,spearman,"mensal: temperatura media diaria vs casos diarios, somente dias com casos"
2022-10-18,2022-10-01,1,25.141666666666666,21.4,29.6,22,0.1583737406433093,0.4814701025847218,fraca,spearman,"mensal: temperatura media diaria vs casos diarios, somente dias com casos"
2022-10-19,2022-10-01,6,24.7,21.9,28,22,0.1583737406433093,0.4814701025847218,fraca,spearman,"mensal: temperatura media diaria vs casos diarios, somente dias com casos"
2022-10-20,2022-10-01,1,24.916666666666668,21.9,29.4,22,0.1583737406433093,0.4814701025847218,fraca,spearman,"mensal: temperatura media diaria vs casos diarios, somente dias com casos"
2022-10-21,2022-10-01,1,25.833333333333332,22,31.5,22,0.1583737406433093,0.4814701025847218,fraca,spearman,"mensal: temperatura media diaria vs casos diarios, somente dias com casos"
2022-10-24,2022-10-01,8,23.917391304347827,20.3,28.2,22,0.1583737406433093,0.4814701025847218,fraca,spearman,"mensal: temperatura media diaria vs casos diarios, somente dias com casos"
2022-10-25,2022-10-01,1,23.55238095238095,20.8,28.2,22,0.1583737406433093,0.4814701025847218,fraca,spearman,"mensal: temperatura media diaria vs casos diarios, somente dias com casos"
2022-10-26,2022-10-01,2,23.075,20.1,27.1,22,0.1583737406433093,0.4814701025847218,fraca,spearman,"mensal: temperatura media diaria vs casos diarios, somente dias com casos"
2022-10-27,2022-10-01,3,25.525,21,32.3,22,0.1583737406433093,0.4814701025847218,fraca,spearman,"mensal: temperatura media diaria vs casos diarios, somente dias com casos"
2022-10-28,2022-10-01,8,26.27916666666667,21.7,34.1,22,0.1583737406433093,0.4814701025847218,fraca,spearman,"mensal: temperatura media diaria vs casos diarios, somente dias com casos"
2022-10-29,2022-10-01,2,26.95,22.8,34.3,22,0.1583737406433093,0.4814701025847218,fraca,spearman,"mensal: temperatura media diaria vs casos diarios, somente dias com casos"
2022-10-31,2022-10-01,5,27.15416666666667,24,34,22,0.1583737406433093,0.4814701025847218,fraca,spearman,"mensal: temperatura media diaria vs casos diarios, somente dias com casos"
2022-11-01,2022-11-01,3,23.729166666666668,22.3,25.4,19,-0.3842574183304853,0.10431187418006557,moderada,spearman,"mensal: temperatura media diaria vs casos diarios, somente dias com casos"
2022-11-03,2022-11-01,6,18.9875,17.5,20.4,19,-0.3842574183304853,0.10431187418006557,moderada,spearman,"mensal: temperatura media diaria vs casos diarios, somente dias com casos"
2022-11-04,2022-11-01,5,19.733333333333334,16.8,24.1,19,-0.3842574183304853,0.10431187418006557,moderada,spearman,"mensal: temperatura media diaria vs casos diarios, somente dias com casos"
2022-11-07,2022-11-01,7,21.933333333333337,16.6,26.8,19,-0.3842574183304853,0.10431187418006557,moderada,spearman,"mensal: temperatura media diaria vs casos diarios, somente dias com casos"
2022-11-08,2022-11-01,4,22.291666666666668,19.5,26.4,19,-0.3842574183304853,0.10431187418006557,moderada,spearman,"mensal: temperatura media diaria vs casos diarios, somente dias com casos"
2022-11-09,2022-11-01,6,21.139130434782608,18.1,25.6,19,-0.3842574183304853,0.10431187418006557,moderada,spearman,"mensal: temperatura media diaria vs casos diarios, somente dias com casos"
2022-11-10,2022-11-01,7,24.266666666666666,19,31.7,19,-0.3842574183304853,0.10431187418006557,moderada,spearman,"mensal: temperatura media diaria vs casos diarios, somente dias com casos"
2022-11-11,2022-11-01,3,25.225,21.8,30.1,19,-0.3842574183304853,0.10431187418006557,moderada,spearman,"mensal: temperatura media diaria vs casos diarios, somente dias com casos"
2022-11-16,2022-11-01,8,22.666666666666668,20.6,26.3,19,-0.3842574183304853,0.10431187418006557,moderada,spearman,"mensal: temperatura media diaria vs casos diarios, somente dias com casos"
2022-11-17,2022-11-01,8,23.241666666666667,19.6,27.7,19,-0.3842574183304853,0.10431187418006557,moderada,spearman,"mensal: temperatura media diaria vs casos diarios, somente dias com casos"
2022-11-18,2022-11-01,5,22.654166666666665,18.5,26.9,19,-0.3842574183304853,0.10431187418006557,moderada,spearman,"mensal: temperatura media diaria vs casos diarios, somente dias com casos"
2022-11-21,2022-11-01,11,23.375,21.2,26.6,19,-0.3842574183304853,0.10431187418006557,moderada,spearman,"mensal: temperatura media diaria vs casos diarios, somente dias com casos"
2022-11-22,2022-11-01,3,24.1625,20.3,28.3,19,-0.3842574183304853,0.10431187418006557,moderada,spearman,"mensal: temperatura media diaria vs casos diarios, somente dias com casos"
2022-11-23,2022-11-01,4,25.025,22.7,28.7,19,-0.3842574183304853,0.10431187418006557,moderada,spearman,"mensal: temperatura media diaria vs casos diarios, somente dias com casos"
2022-11-24,2022-11-01,5,23.35,21,25.8,19,-0.3842574183304853,0.10431187418006557,moderada,spearman,"mensal: temperatura media diaria vs casos diarios, somente dias com casos"
2022-11-25,2022-11-01,1,23.629166666666663,20.4,28.3,19,-0.3842574183304853,0.10431187418006557,moderada,spearman,"mensal: temperatura media diaria vs casos diarios, somente dias com casos"
2022-11-28,2022-11-01,3,24.095833333333335,22.3,26.8,19,-0.3842574183304853,0.10431187418006557,moderada,spearman,"mensal: temperatura media diaria vs casos diarios, somente dias com casos"
2022-11-29,2022-11-01,7,23.45,22.5,26.1,19,-0.3842574183304853,0.10431187418006557,moderada,spearman,"mensal: temperatura media diaria vs casos diarios, somente dias com casos"
2022-11-30,2022-11-01,10,23.436363636363637,21.7,25.7,19,-0.3842574183304853,0.10431187418006557,moderada,spearman,"mensal: temperatura media diaria vs casos diarios, somente dias com casos"
2022-12-01,2022-12-01,1,24.8375,22.2,27.3,21,0.1989590151679884,0.3872544271967133,fraca,spearman,"mensal: temperatura media diaria vs casos diarios, somente dias com casos"
2022-12-02,2022-12-01,5,23.829166666666666,23.1,25.5,21,0.1989590151679884,0.3872544271967133,fraca,spearman,"mensal: temperatura media diaria vs casos diarios, somente dias com casos"
2022-12-05,2022-12-01,6,24.934782608695652,22.5,29,21,0.1989590151679884,0.3872544271967133,fraca,spearman,"mensal: temperatura media diaria vs casos diarios, somente dias com casos"
2022-12-06,2022-12-01,8,24.516666666666666,22.6,27.6,21,0.1989590151679884,0.3872544271967133,fraca,spearman,"mensal: temperatura media diaria vs casos diarios, somente dias com casos"
2022-12-07,2022-12-01,3,24.2,22.4,27.8,21,0.1989590151679884,0.3872544271967133,fraca,spearman,"mensal: temperatura media diaria vs casos diarios, somente dias com casos"
2022-12-08,2022-12-01,8,24.05,21.8,27.5,21,0.1989590151679884,0.3872544271967133,fraca,spearman,"mensal: temperatura media diaria vs casos diarios, somente dias com casos"
2022-12-12,2022-12-01,9,27.856521739130436,23.7,34.8,21,0.1989590151679884,0.3872544271967133,fraca,spearman,"mensal: temperatura media diaria vs casos diarios, somente dias com casos"
2022-12-13,2022-12-01,3,26.545833333333334,23.3,32.7,21,0.1989590151679884,0.3872544271967133,fraca,spearman,"mensal: temperatura media diaria vs casos diarios, somente dias com casos"
2022-12-14,2022-12-01,5,23.383333333333333,21.1,25.9,21,0.1989590151679884,0.3872544271967133,fraca,spearman,"mensal: temperatura media diaria vs casos diarios, somente dias com casos"
2022-12-15,2022-12-01,8,22.975,19.5,26.8,21,0.1989590151679884,0.3872544271967133,fraca,spearman,"mensal: temperatura media diaria vs casos diarios, somente dias com casos"
2022-12-16,2022-12-01,4,23.83478260869565,19.9,30.4,21,0.1989590151679884,0.3872544271967133,fraca,spearman,"mensal: temperatura media diaria vs casos diarios, somente dias com casos"
2022-12-19,2022-12-01,10,22.870833333333337,21.7,24.7,21,0.1989590151679884,0.3872544271967133,fraca,spearman,"mensal: temperatura media diaria vs casos diarios, somente dias com casos"
2022-12-20,2022-12-01,4,22.63478260869565,20.9,24.2,21,0.1989590151679884,0.3872544271967133,fraca,spearman,"mensal: temperatura media diaria vs casos diarios, somente dias com casos"
2022-12-21,2022-12-01,6,24.547826086956523,21.9,29.9,21,0.1989590151679884,0.3872544271967133,fraca,spearman,"mensal: temperatura media diaria vs casos diarios, somente dias com casos"
2022-12-22,2022-12-01,4,23.421739130434784,21.3,26.6,21,0.1989590151679884,0.3872544271967133,fraca,spearman,"mensal: temperatura media diaria vs casos diarios, somente dias com casos"
2022-12-23,2022-12-01,3,21.8375,20.1,23.9,21,0.1989590151679884,0.3872544271967133,fraca,spearman,"mensal: temperatura media diaria vs casos diarios, somente dias com casos"
2022-12-26,2022-12-01,6,24.883333333333333,21.9,29.2,21,0.1989590151679884,0.3872544271967133,fraca,spearman,"mensal: temperatura media diaria vs casos diarios, somente dias com casos"
2022-12-27,2022-12-01,8,25.079166666666666,22.5,29.4,21,0.1989590151679884,0.3872544271967133,fraca,spearman,"mensal: temperatura media diaria vs casos diarios, somente dias com casos"
2022-12-28,2022-12-01,7,25.75,22.7,30.4,21,0.1989590151679884,0.3872544271967133,fraca,spearman,"mensal: temperatura media diaria vs casos diarios, somente dias com casos"
2022-12-29,2022-12-01,9,26.775,23.3,33.4,21,0.1989590151679884,0.3872544271967133,fraca,spearman,"mensal: temperatura media diaria vs casos diarios, somente dias com casos"
2022-12-30,2022-12-01,2,24.741666666666667,22.3,28.9,21,0.1989590151679884,0.3872544271967133,fraca,spearman,"mensal: temperatura media diaria vs casos diarios, somente dias com casos"
2023-01-02,2023-01-01,7,24.883333333333333,22.3,28.7,23,0.26078491209685084,0.2294143420175545,fraca,spearman,"mensal: temperatura media diaria vs casos diarios, somente dias com casos"
2023-01-03,2023-01-01,9,25.583333333333332,20.8,31.4,23,0.26078491209685084,0.2294143420175545,fraca,spearman,"mensal: temperatura media diaria vs casos diarios, somente dias com casos"
2023-01-04,2023-01-01,4,26.420833333333334,22.7,33,23,0.26078491209685084,0.2294143420175545,fraca,spearman,"mensal: temperatura media diaria vs casos diarios, somente dias com casos"
2023-01-05,2023-01-01,4,25.7625,22.8,33,23,0.26078491209685084,0.2294143420175545,fraca,spearman,"mensal: temperatura media diaria vs casos diarios, somente dias com casos"
2023-01-06,2023-01-01,13,23.9125,22.5,27.5,23,0.26078491209685084,0.2294143420175545,fraca,spearman,"mensal: temperatura media diaria vs casos diarios, somente dias com casos"
2023-01-09,2023-01-01,17,25.15,21.7,30.7,23,0.26078491209685084,0.2294143420175545,fraca,spearman,"mensal: temperatura media diaria vs casos diarios, somente dias com casos"
2023-01-10,2023-01-01,7,25.304166666666667,22.6,28.7,23,0.26078491209685084,0.2294143420175545,fraca,spearman,"mensal: temperatura media diaria vs casos diarios, somente dias com casos"
2023-01-11,2023-01-01,11,27.133333333333333,23.6,32.7,23,0.26078491209685084,0.2294143420175545,fraca,spearman,"mensal: temperatura media diaria vs casos diarios, somente dias com casos"
2023-01-12,2023-01-01,15,25.920833333333334,23.1,33.2,23,0.26078491209685084,0.2294143420175545,fraca,spearman,"mensal: temperatura media diaria vs casos diarios, somente dias com casos"
2023-01-13,2023-01-01,7,26.8125,23,33.5,23,0.26078491209685084,0.2294143420175545,fraca,spearman,"mensal: temperatura media diaria vs casos diarios, somente dias com casos"
2023-01-16,2023-01-01,20,26.4875,22.6,30.6,23,0.26078491209685084,0.2294143420175545,fraca,spearman,"mensal: temperatura media diaria vs casos diarios, somente dias com casos"
2023-01-17,2023-01-01,10,26.954166666666666,23.2,31.9,23,0.26078491209685084,0.2294143420175545,fraca,spearman,"mensal: temperatura media diaria vs casos diarios, somente dias com casos"
2023-01-18,2023-01-01,11,26.570833333333333,22.9,31.1,23,0.26078491209685084,0.2294143420175545,fraca,spearman,"mensal: temperatura media diaria vs casos diarios, somente dias com casos"
2023-01-19,2023-01-01,18,26.1,23.1,29.8,23,0.26078491209685084,0.2294143420175545,fraca,spearman,"mensal: temperatura media diaria vs casos diarios, somente dias com casos"
2023-01-20,2023-01-01,12,25.208333333333332,22.6,31.3,23,0.26078491209685084,0.2294143420175545,fraca,spearman,"mensal: temperatura media diaria vs casos diarios, somente dias com casos"
2023-01-22,2023-01-01,1,26.079166666666666,21.5,32.7,23,0.26078491209685084,0.2294143420175545,fraca,spearman,"mensal: temperatura media diaria vs casos diarios, somente dias com casos"
2023-01-23,2023-01-01,21,27.120833333333337,23.1,34.6,23,0.26078491209685084,0.2294143420175545,fraca,spearman,"mensal: temperatura media diaria vs casos diarios, somente dias com casos"
2023-01-24,2023-01-01,16,25.8,23.4,29.8,23,0.26078491209685084,0.2294143420175545,fraca,spearman,"mensal: temperatura media diaria vs casos diarios, somente dias com casos"
2023-01-25,2023-01-01,6,24.841666666666665,22.4,29.1,23,0.26078491209685084,0.2294143420175545,fraca,spearman,"mensal: temperatura media diaria vs casos diarios, somente dias com casos"
2023-01-26,2023-01-01,11,25.3625,23,28.5,23,0.26078491209685084,0.2294143420175545,fraca,spearman,"mensal: temperatura media diaria vs casos diarios, somente dias com casos"
2023-01-27,2023-01-01,12,25.804166666666667,22.3,30.1,23,0.26078491209685084,0.2294143420175545,fraca,spearman,"mensal: temperatura media diaria vs casos diarios, somente dias com casos"
2023-01-30,2023-01-01,18,26.45,23.3,31.4,23,0.26078491209685084,0.2294143420175545,fraca,spearman,"mensal: temperatura media diaria vs casos diarios, somente dias com casos"
2023-01-31,2023-01-01,18,26.8875,23,31.8,23,0.26078491209685084,0.2294143420175545,fraca,spearman,"mensal: temperatura media diaria vs casos diarios, somente dias com casos"
2023-02-01,2023-02-01,10,26.991666666666667,22.5,34,18,0.033040789121763975,0.8964468049399845,muito fraca,spearman,"mensal: temperatura media diaria vs casos diarios, somente dias com casos"
2023-02-02,2023-02-01,16,27.054166666666667,22.8,34.2,18,0.033040789121763975,0.8964468049399845,muito fraca,spearman,"mensal: temperatura media diaria vs casos diarios, somente dias com casos"
2023-02-03,2023-02-01,26,27.358333333333334,22.6,34.2,18,0.033040789121763975,0.8964468049399845,muito fraca,spearman,"mensal: temperatura media diaria vs casos diarios, somente dias com casos"
2023-02-06,2023-02-01,29,26.775,23.1,34.4,18,0.033040789121763975,0.8964468049399845,muito fraca,spearman,"mensal: temperatura media diaria vs casos diarios, somente dias com casos"
2023-02-07,2023-02-01,17,26.820833333333333,23.5,32.3,18,0.033040789121763975,0.8964468049399845,muito fraca,spearman,"mensal: temperatura media diaria vs casos diarios, somente dias com casos"
2023-02-08,2023-02-01,24,24.991666666666667,21.9,29.1,18,0.033040789121763975,0.8964468049399845,muito fraca,spearman,"mensal: temperatura media diaria vs casos diarios, somente dias com casos"
2023-02-09,2023-02-01,21,25.3875,21.5,31.9,18,0.033040789121763975,0.8964468049399845,muito fraca,spearman,"mensal: temperatura media diaria vs casos diarios, somente dias com casos"
2023-02-10,2023-02-01,23,26.670833333333334,22.6,32.4,18,0.033040789121763975,0.8964468049399845,muito fraca,spearman,"mensal: temperatura media diaria vs casos diarios, somente dias com casos"
2023-02-13,2023-02-01,33,27.541666666666668,23.7,33.6,18,0.033040789121763975,0.8964468049399845,muito fraca,spearman,"mensal: temperatura media diaria vs casos diarios, somente dias com casos"
2023-02-14,2023-02-01,34,27.233333333333334,23.2,33.7,18,0.033040789121763975,0.8964468049399845,muito fraca,spearman,"mensal: temperatura media diaria vs casos diarios, somente dias com casos"
2023-02-15,2023-02-01,21,26.954166666666666,22.7,33.1,18,0.033040789121763975,0.8964468049399845,muito fraca,spearman,"mensal: temperatura media diaria vs casos diarios, somente dias com casos"
2023-02-16,2023-02-01,19,27.058333333333337,24,31.7,18,0.033040789121763975,0.8964468049399845,muito fraca,spearman,"mensal: temperatura media diaria vs casos diarios, somente dias com casos"
2023-02-17,2023-02-01,3,27.779166666666665,24.5,34,18,0.033040789121763975,0.8964468049399845,muito fraca,spearman,"mensal: temperatura media diaria vs casos diarios, somente dias com casos"
2023-02-21,2023-02-01,1,27.5625,23.2,34.3,18,0.033040789121763975,0.8964468049399845,muito fraca,spearman,"mensal: temperatura media diaria vs casos diarios, somente dias com casos"
2023-02-23,2023-02-01,39,27.0375,23.6,31.7,18,0.033040789121763975,0.8964468049399845,muito fraca,spearman,"mensal: temperatura media diaria vs casos diarios, somente dias com casos"
2023-02-24,2023-02-01,38,26.558333333333337,23.1,32,18,0.033040789121763975,0.8964468049399845,muito fraca,spearman,"mensal: temperatura media diaria vs casos diarios, somente dias com casos"
2023-02-27,2023-02-01,56,27.804166666666667,23.2,35.3,18,0.033040789121763975,0.8964468049399845,muito fraca,spearman,"mensal: temperatura media diaria vs casos diarios, somente dias com casos"
2023-02-28,2023-02-01,44,27.52916666666667,23.4,33.6,18,0.033040789121763975,0.8964468049399845,muito fraca,spearman,"mensal: temperatura media diaria vs casos diarios, somente dias com casos"
2023-03-01,2023-03-01,32,27.0625,22.4,33.2,26,0.010949533518641145,0.9576622461300692,muito fraca,spearman,"mensal: temperatura media diaria vs casos diarios, somente dias com casos"
2023-03-02,2023-03-01,45,27.2375,23,32.9,26,0.010949533518641145,0.9576622461300692,muito fraca,spearman,"mensal: temperatura media diaria vs casos diarios, somente dias com casos"
2023-03-03,2023-03-01,27,27.47083333333333,23.4,33.6,26,0.010949533518641145,0.9576622461300692,muito fraca,spearman,"mensal: temperatura media diaria vs casos diarios, somente dias com casos"
2023-03-04,2023-03-01,2,27.441666666666663,22.6,33.4,26,0.010949533518641145,0.9576622461300692,muito fraca,spearman,"mensal: temperatura media diaria vs casos diarios, somente dias com casos"
2023-03-06,2023-03-01,48,27.666666666666668,22.4,36.9,26,0.010949533518641145,0.9576622461300692,muito fraca,spearman,"mensal: temperatura media diaria vs casos diarios, somente dias com casos"
2023-03-07,2023-03-01,33,27.466666666666665,23.1,32.4,26,0.010949533518641145,0.9576622461300692,muito fraca,spearman,"mensal: temperatura media diaria vs casos diarios, somente dias com casos"
2023-03-08,2023-03-01,35,27.070833333333333,23.1,32.5,26,0.010949533518641145,0.9576622461300692,muito fraca,spearman,"mensal: temperatura media diaria vs casos diarios, somente dias com casos"
2023-03-09,2023-03-01,34,27.116666666666667,23,32.6,26,0.010949533518641145,0.9576622461300692,muito fraca,spearman,"mensal: temperatura media diaria vs casos diarios, somente dias com casos"
2023-03-10,2023-03-01,53,27.191666666666663,22.1,33.8,26,0.010949533518641145,0.9576622461300692,muito fraca,spearman,"mensal: temperatura media diaria vs casos diarios, somente dias com casos"
2023-03-13,2023-03-01,62,26.5625,22.8,31.1,26,0.010949533518641145,0.9576622461300692,muito fraca,spearman,"mensal: temperatura media diaria vs casos diarios, somente dias com casos"
2023-03-14,2023-03-01,50,26.2875,22.6,30.7,26,0.010949533518641145,0.9576622461300692,muito fraca,spearman,"mensal: temperatura media diaria vs casos diarios, somente dias com casos"
2023-03-15,2023-03-01,52,25.166666666666668,22.5,30.4,26,0.010949533518641145,0.9576622461300692,muito fraca,spearman,"mensal: temperatura media diaria vs casos diarios, somente dias com casos"
2023-03-16,2023-03-01,35,25.7375,22.8,29.4,26,0.010949533518641145,0.9576622461300692,muito fraca,spearman,"mensal: temperatura media diaria vs casos diarios, somente dias com casos"
2023-03-17,2023-03-01,65,24.7625,21.5,29.2,26,0.010949533518641145,0.9576622461300692,muito fraca,spearman,"mensal: temperatura media diaria vs casos diarios, somente dias com casos"
2023-03-18,2023-03-01,2,25.633333333333333,21.3,31.4,26,0.010949533518641145,0.9576622461300692,muito fraca,spearman,"mensal: temperatura media diaria vs casos diarios, somente dias com casos"
2023-03-19,2023-03-01,1,26.275,21.6,32.8,26,0.010949533518641145,0.9576622461300692,muito fraca,spearman,"mensal: temperatura media diaria vs casos diarios, somente dias com casos"
2023-03-20,2023-03-01,71,27.004166666666663,22.2,34.5,26,0.010949533518641145,0.9576622461300692,muito fraca,spearman,"mensal: temperatura media diaria vs casos diarios, somente dias com casos"
2023-03-21,2023-03-01,60,27.2625,22.5,36,26,0.010949533518641145,0.9576622461300692,muito fraca,spearman,"mensal: temperatura media diaria vs casos diarios, somente dias com casos"
2023-03-22,2023-03-01,59,27.358333333333334,23.7,32.6,26,0.010949533518641145,0.9576622461300692,muito fraca,spearman,"mensal: temperatura media diaria vs casos diarios, somente dias com casos"
2023-03-23,2023-03-01,35,26.35,21.6,32.5,26,0.010949533518641145,0.9576622461300692,muito fraca,spearman,"mensal: temperatura media diaria vs casos diarios, somente dias com casos"
2023-03-24,2023-03-01,146,26.604166666666668,22.2,33.4,26,0.010949533518641145,0.9576622461300692,muito fraca,spearman,"mensal: temperatura media diaria vs casos diarios, somente dias com casos"
2023-03-27,2023-03-01,138,26.6625,23.4,31.1,26,0.010949533518641145,0.9576622461300692,muito fraca,spearman,"mensal: temperatura media diaria vs casos diarios, somente dias com casos"
2023-03-28,2023-03-01,43,26.416666666666668,23,30.8,26,0.010949533518641145,0.9576622461300692,muito fraca,spearman,"mensal: temperatura media diaria vs casos diarios, somente dias com casos"
2023-03-29,2023-03-01,152,26.491666666666667,22.7,31.2,26,0.010949533518641145,0.9576622461300692,muito fraca,spearman,"mensal: temperatura media diaria vs casos diarios, somente dias com casos"
2023-03-30,2023-03-01,97,27.366666666666667,23,35.3,26,0.010949533518641145,0.9576622461300692,muito fraca,spearman,"mensal: temperatura media diaria vs casos diarios, somente dias com casos"
2023-03-31,2023-03-01,107,28.15,22.1,36.8,26,0.010949533518641145,0.9576622461300692,muito fraca,spearman,"mensal: temperatura media diaria vs casos diarios, somente dias com casos"
2023-04-03,2023-04-01,110,24.858333333333334,22.7,27.9,21,-0.1371020432375431,0.5534364609157432,fraca,spearman,"mensal: temperatura media diaria vs casos diarios, somente dias com casos"
2023-04-04,2023-04-01,113,24.09166666666667,19.9,29.8,21,-0.1371020432375431,0.5534364609157432,fraca,spearman,"mensal: temperatura media diaria vs casos diarios, somente dias com casos"
2023-04-05,2023-04-01,47,24.96666666666667,20.2,32.6,21,-0.1371020432375431,0.5534364609157432,fraca,spearman,"mensal: temperatura media diaria vs casos diarios, somente dias com casos"
2023-04-06,2023-04-01,37,24.954166666666666,22.2,29.4,21,-0.1371020432375431,0.5534364609157432,fraca,spearman,"mensal: temperatura media diaria vs casos diarios, somente dias com casos"
2023-04-10,2023-04-01,95,23.3125,20.6,27.2,21,-0.1371020432375431,0.5534364609157432,fraca,spearman,"mensal: temperatura media diaria vs casos diarios, somente dias com casos"
2023-04-11,2023-04-01,55,23.445833333333333,20.3,28,21,-0.1371020432375431,0.5534364609157432,fraca,spearman,"mensal: temperatura media diaria vs casos diarios, somente dias com casos"
2023-04-12,2023-04-01,59,24.004166666666663,22.2,27.2,21,-0.1371020432375431,0.5534364609157432,fraca,spearman,"mensal: temperatura media diaria vs casos diarios, somente dias com casos"
2023-04-13,2023-04-01,43,25.704166666666666,21.4,31.7,21,-0.1371020432375431,0.5534364609157432,fraca,spearman,"mensal: temperatura media diaria vs casos diarios, somente dias com casos"
2023-04-14,2023-04-01,35,26.816666666666663,23,34.2,21,-0.1371020432375431,0.5534364609157432,fraca,spearman,"mensal: temperatura media diaria vs casos diarios, somente dias com casos"
2023-04-15,2023-04-01,2,25.354166666666668,22.1,32.2,21,-0.1371020432375431,0.5534364609157432,fraca,spearman,"mensal: temperatura media diaria vs casos diarios, somente dias com casos"
2023-04-17,2023-04-01,78,25.0375,20.6,31.8,21,-0.1371020432375431,0.5534364609157432,fraca,spearman,"mensal: temperatura media diaria vs casos diarios, somente dias com casos"
2023-04-18,2023-04-01,65,26.5875,22.9,31.6,21,-0.1371020432375431,0.5534364609157432,fraca,spearman,"mensal: temperatura media diaria vs casos diarios, somente dias com casos"
2023-04-19,2023-04-01,74,26.6375,24.1,30.4,21,-0.1371020432375431,0.5534364609157432,fraca,spearman,"mensal: temperatura media diaria vs casos diarios, somente dias com casos"
2023-04-20,2023-04-01,48,24.354166666666668,22.1,28.8,21,-0.1371020432375431,0.5534364609157432,fraca,spearman,"mensal: temperatura media diaria vs casos diarios, somente dias com casos"
2023-04-21,2023-04-01,1,23.054166666666667,19.4,26.6,21,-0.1371020432375431,0.5534364609157432,fraca,spearman,"mensal: temperatura media diaria vs casos diarios, somente dias com casos"
2023-04-24,2023-04-01,88,21.916666666666668,17.2,27.4,21,-0.1371020432375431,0.5534364609157432,fraca,spearman,"mensal: temperatura media diaria vs casos diarios, somente dias com casos"
2023-04-25,2023-04-01,66,22.841666666666665,19.2,26.7,21,-0.1371020432375431,0.5534364609157432,fraca,spearman,"mensal: temperatura media diaria vs casos diarios, somente dias com casos"
2023-04-26,2023-04-01,69,24.516666666666666,20.9,29.6,21,-0.1371020432375431,0.5534364609157432,fraca,spearman,"mensal: temperatura media diaria vs casos diarios, somente dias com casos"
2023-04-27,2023-04-01,38,25.745833333333337,22.9,31.9,21,-0.1371020432375431,0.5534364609157432,fraca,spearman,"mensal: temperatura media diaria vs casos diarios, somente dias com casos"
2023-04-28,2023-04-01,38,22.670833333333334,21,25.2,21,-0.1371020432375431,0.5534364609157432,fraca,spearman,"mensal: temperatura media diaria vs casos diarios, somente dias com casos"
2023-04-29,2023-04-01,2,23.475,21.9,27.2,21,-0.1371020432375431,0.5534364609157432,fraca,spearman,"mensal: temperatura media diaria vs casos diarios, somente dias com casos"
2023-05-01,2023-05-01,1,22.645833333333332,18,28.7,28,0.08601565383415971,0.6634108445066684,muito fraca,spearman,"mensal: temperatura media diaria vs casos diarios, somente dias com casos"
2023-05-02,2023-05-01,74,23.054166666666667,19.7,27.8,28,0.08601565383415971,0.6634108445066684,muito fraca,spearman,"mensal: temperatura media diaria vs casos diarios, somente dias com casos"
2023-05-03,2023-05-01,99,23.320833333333333,19.1,29.5,28,0.08601565383415971,0.6634108445066684,muito fraca,spearman,"mensal: temperatura media diaria vs casos diarios, somente dias com casos"
2023-05-04,2023-05-01,45,23.879166666666663,19.5,29.8,28,0.08601565383415971,0.6634108445066684,muito fraca,spearman,"mensal: temperatura media diaria vs casos diarios, somente dias com casos"
2023-05-05,2023-05-01,66,24.4875,21.3,29.5,28,0.08601565383415971,0.6634108445066684,muito fraca,spearman,"mensal: temperatura media diaria vs casos diarios, somente dias com casos"
2023-05-06,2023-05-01,1,24.333333333333332,20.3,29.4,28,0.08601565383415971,0.6634108445066684,muito fraca,spearman,"mensal: temperatura media diaria vs casos diarios, somente dias com casos"
2023-05-07,2023-05-01,2,24.325,21.7,29.1,28,0.08601565383415971,0.6634108445066684,muito fraca,spearman,"mensal: temperatura media diaria vs casos diarios, somente dias com casos"
2023-05-08,2023-05-01,70,23.270833333333332,21,27.8,28,0.08601565383415971,0.6634108445066684,muito fraca,spearman,"mensal: temperatura media diaria vs casos diarios, somente dias com casos"
2023-05-09,2023-05-01,107,24.170833333333334,21,29.1,28,0.08601565383415971,0.6634108445066684,muito fraca,spearman,"mensal: temperatura media diaria vs casos diarios, somente dias com casos"
2023-05-10,2023-05-01,74,24.1875,21.1,28.6,28,0.08601565383415971,0.6634108445066684,muito fraca,spearman,"mensal: temperatura media diaria vs casos diarios, somente dias com casos"
2023-05-11,2023-05-01,48,22.45,20.9,25.5,28,0.08601565383415971,0.6634108445066684,muito fraca,spearman,"mensal: temperatura media diaria vs casos diarios, somente dias com casos"
2023-05-12,2023-05-01,44,21.27916666666667,18.5,25.2,28,0.08601565383415971,0.6634108445066684,muito fraca,spearman,"mensal: temperatura media diaria vs casos diarios, somente dias com casos"
2023-05-15,2023-05-01,71,22.6625,19.2,27.9,28,0.08601565383415971,0.6634108445066684,muito fraca,spearman,"mensal: temperatura media diaria vs casos diarios, somente dias com casos"
2023-05-16,2023-05-01,92,21.758333333333333,17.6,27.5,28,0.08601565383415971,0.6634108445066684,muito fraca,spearman,"mensal: temperatura media diaria vs casos diarios, somente dias com casos"
2023-05-17,2023-05-01,118,20.366666666666667,15.7,26.7,28,0.08601565383415971,0.6634108445066684,muito fraca,spearman,"mensal: temperatura media diaria vs casos diarios, somente dias com casos"
2023-05-18,2023-05-01,52,20.75,17.7,24.7,28,0.08601565383415971,0.6634108445066684,muito fraca,spearman,"mensal: temperatura media diaria vs casos diarios, somente dias com casos"
2023-05-19,2023-05-01,34,20.083333333333332,16.3,23.9,28,0.08601565383415971,0.6634108445066684,muito fraca,spearman,"mensal: temperatura media diaria vs casos diarios, somente dias com casos"
2023-05-20,2023-05-01,1,20.1125,14.4,26.9,28,0.08601565383415971,0.6634108445066684,muito fraca,spearman,"mensal: temperatura media diaria vs casos diarios, somente dias com casos"
2023-05-21,2023-05-01,60,20.316666666666663,17.5,25.1,28,0.08601565383415971,0.6634108445066684,muito fraca,spearman,"mensal: temperatura media diaria vs casos diarios, somente dias com casos"
2023-05-22,2023-05-01,44,21.2875,17.1,26.9,28,0.08601565383415971,0.6634108445066684,muito fraca,spearman,"mensal: temperatura media diaria vs casos diarios, somente dias com casos"
2023-05-23,2023-05-01,33,21.0375,18.1,26.3,28,0.08601565383415971,0.6634108445066684,muito fraca,spearman,"mensal: temperatura media diaria vs casos diarios, somente dias com casos"
2023-05-24,2023-05-01,23,22.020833333333332,18.2,26.7,28,0.08601565383415971,0.6634108445066684,muito fraca,spearman,"mensal: temperatura media diaria vs casos diarios, somente dias com casos"
2023-05-25,2023-05-01,30,21.6375,17.7,26.4,28,0.08601565383415971,0.6634108445066684,muito fraca,spearman,"mensal: temperatura media diaria vs casos diarios, somente dias com casos"
2023-05-26,2023-05-01,46,22.158333333333335,19.1,27.1,28,0.08601565383415971,0.6634108445066684,muito fraca,spearman,"mensal: temperatura media diaria vs casos diarios, somente dias com casos"
2023-05-28,2023-05-01,3,22.7375,18.4,30.9,28,0.08601565383415971,0.6634108445066684,muito fraca,spearman,"mensal: temperatura media diaria vs casos diarios, somente dias com casos"
2023-05-29,2023-05-01,29,20.454166666666666,18.2,23.4,28,0.08601565383415971,0.6634108445066684,muito fraca,spearman,"mensal: temperatura media diaria vs casos diarios, somente dias com casos"
2023-05-30,2023-05-01,34,21.316666666666663,19.1,24.8,28,0.08601565383415971,0.6634108445066684,muito fraca,spearman,"mensal: temperatura media diaria vs casos diarios, somente dias com casos"
2023-05-31,2023-05-01,87,20.441666666666663,17.5,23.6,28,0.08601565383415971,0.6634108445066684,muito fraca,spearman,"mensal: temperatura media diaria vs casos diarios, somente dias com casos"
2023-06-01,2023-06-01,33,23.270833333333332,20.3,27.8,26,-0.1839990857781691,0.36823252571234755,fraca,spearman,"mensal: temperatura media diaria vs casos diarios, somente dias com casos"
2023-06-02,2023-06-01,20,21.525,18.4,24.9,26,-0.1839990857781691,0.36823252571234755,fraca,spearman,"mensal: temperatura media diaria vs casos diarios, somente dias com casos"
2023-06-04,2023-06-01,1,20.308333333333337,15.9,26.9,26,-0.1839990857781691,0.36823252571234755,fraca,spearman,"mensal: temperatura media diaria vs casos diarios, somente dias com casos"
2023-06-05,2023-06-01,35,21.233333333333334,15.4,28.4,26,-0.1839990857781691,0.36823252571234755,fraca,spearman,"mensal: temperatura media diaria vs casos diarios, somente dias com casos"
2023-06-06,2023-06-01,24,21.2375,17.3,27.2,26,-0.1839990857781691,0.36823252571234755,fraca,spearman,"mensal: temperatura media diaria vs casos diarios, somente dias com casos"
2023-06-07,2023-06-01,38,20.025,14.2,27.6,26,-0.1839990857781691,0.36823252571234755,fraca,spearman,"mensal: temperatura media diaria vs casos diarios, somente dias com casos"
2023-06-09,2023-06-01,5,20.96666666666667,16,28.7,26,-0.1839990857781691,0.36823252571234755,fraca,spearman,"mensal: temperatura media diaria vs casos diarios, somente dias com casos"
2023-06-10,2023-06-01,1,22.345833333333335,17.3,29.8,26,-0.1839990857781691,0.36823252571234755,fraca,spearman,"mensal: temperatura media diaria vs casos diarios, somente dias com casos"
2023-06-11,2023-06-01,1,23.516666666666666,17.7,31.3,26,-0.1839990857781691,0.36823252571234755,fraca,spearman,"mensal: temperatura media diaria vs casos diarios, somente dias com casos"
2023-06-12,2023-06-01,39,23.558333333333337,18.1,31.7,26,-0.1839990857781691,0.36823252571234755,fraca,spearman,"mensal: temperatura media diaria vs casos diarios, somente dias com casos"
2023-06-13,2023-06-01,29,23.416666666666668,20.6,28.1,26,-0.1839990857781691,0.36823252571234755,fraca,spearman,"mensal: temperatura media diaria vs casos diarios, somente dias com casos"
2023-06-14,2023-06-01,36,23.3375,19.2,28.9,26,-0.1839990857781691,0.36823252571234755,fraca,spearman,"mensal: temperatura media diaria vs casos diarios, somente dias com casos"
2023-06-15,2023-06-01,26,22.883333333333333,19.7,27.2,26,-0.1839990857781691,0.36823252571234755,fraca,spearman,"mensal: temperatura media diaria vs casos diarios, somente dias com casos"
2023-06-16,2023-06-01,32,23.9125,20.9,29.5,26,-0.1839990857781691,0.36823252571234755,fraca,spearman,"mensal: temperatura media diaria vs casos diarios, somente dias com casos"
2023-06-18,2023-06-01,3,20.2875,16.1,25.4,26,-0.1839990857781691,0.36823252571234755,fraca,spearman,"mensal: temperatura media diaria vs casos diarios, somente dias com casos"
2023-06-19,2023-06-01,43,20.7875,17.9,25.9,26,-0.1839990857781691,0.36823252571234755,fraca,spearman,"mensal: temperatura media diaria vs casos diarios, somente dias com casos"
2023-06-20,2023-06-01,47,19.579166666666666,15.2,25.4,26,-0.1839990857781691,0.36823252571234755,fraca,spearman,"mensal: temperatura media diaria vs casos diarios, somente dias com casos"
2023-06-21,2023-06-01,79,18.441666666666663,13.7,25.1,26,-0.1839990857781691,0.36823252571234755,fraca,spearman,"mensal: temperatura media diaria vs casos diarios, somente dias com casos"
2023-06-22,2023-06-01,28,19.6625,14.2,26.9,26,-0.1839990857781691,0.36823252571234755,fraca,spearman,"mensal: temperatura media diaria vs casos diarios, somente dias com casos"
2023-06-23,2023-06-01,34,20.108333333333334,15,27.7,26,-0.1839990857781691,0.36823252571234755,fraca,spearman,"mensal: temperatura media diaria vs casos diarios, somente dias com casos"
2023-06-25,2023-06-01,1,21.658333333333335,17.2,29,26,-0.1839990857781691,0.36823252571234755,fraca,spearman,"mensal: temperatura media diaria vs casos diarios, somente dias com casos"
2023-06-26,2023-06-01,44,22.358333333333334,18,29.2,26,-0.1839990857781691,0.36823252571234755,fraca,spearman,"mensal: temperatura media diaria vs casos diarios, somente dias com casos"
2023-06-27,2023-06-01,39,22.34166666666667,17.7,28.6,26,-0.1839990857781691,0.36823252571234755,fraca,spearman,"mensal: temperatura media diaria vs casos diarios, somente dias com casos"
2023-06-28,2023-06-01,35,22.495833333333337,17.8,30.8,26,-0.1839990857781691,0.36823252571234755,fraca,spearman,"mensal: temperatura media diaria vs casos diarios, somente dias com casos"
2023-06-29,2023-06-01,28,21.475,16.3,28.2,26,-0.1839990857781691,0.36823252571234755,fraca,spearman,"mensal: temperatura media diaria vs casos diarios, somente dias com casos"
2023-06-30,2023-06-01,42,20.883333333333333,18.9,24,26,-0.1839990857781691,0.36823252571234755,fraca,spearman,"mensal: temperatura media diaria vs casos diarios, somente dias com casos"
2023-07-01,2023-07-01,1,19.425,16.1,24,29,0.18935875600328633,0.3252081470210305,fraca,spearman,"mensal: temperatura media diaria vs casos diarios, somente dias com casos"
2023-07-02,2023-07-01,1,19.9125,15.9,25.7,29,0.18935875600328633,0.3252081470210305,fraca,spearman,"mensal: temperatura media diaria vs casos diarios, somente dias com casos"
2023-07-03,2023-07-01,35,18.875,16.9,20.8,29,0.18935875600328633,0.3252081470210305,fraca,spearman,"mensal: temperatura media diaria vs casos diarios, somente dias com casos"
2023-07-04,2023-07-01,26,16.920833333333334,13.4,20.7,29,0.18935875600328633,0.3252081470210305,fraca,spearman,"mensal: temperatura media diaria vs casos diarios, somente dias com casos"
2023-07-05,2023-07-01,14,18.258333333333333,14.1,23.2,29,0.18935875600328633,0.3252081470210305,fraca,spearman,"mensal: temperatura media diaria vs casos diarios, somente dias com casos"
2023-07-06,2023-07-01,17,19.029166666666665,14.1,26.5,29,0.18935875600328633,0.3252081470210305,fraca,spearman,"mensal: temperatura media diaria vs casos diarios, somente dias com casos"
2023-07-07,2023-07-01,20,20.008333333333333,14.2,27.5,29,0.18935875600328633,0.3252081470210305,fraca,spearman,"mensal: temperatura media diaria vs casos diarios, somente dias com casos"
2023-07-08,2023-07-01,1,20.495833333333337,14.5,29.8,29,0.18935875600328633,0.3252081470210305,fraca,spearman,"mensal: temperatura media diaria vs casos diarios, somente dias com casos"
2023-07-09,2023-07-01,1,22.2625,18.6,26.9,29,0.18935875600328633,0.3252081470210305,fraca,spearman,"mensal: temperatura media diaria vs casos diarios, somente dias com casos"
2023-07-10,2023-07-01,50,21.958333333333332,19.6,26.8,29,0.18935875600328633,0.3252081470210305,fraca,spearman,"mensal: temperatura media diaria vs casos diarios, somente dias com casos"
2023-07-11,2023-07-01,29,23.420833333333334,18.9,32.1,29,0.18935875600328633,0.3252081470210305,fraca,spearman,"mensal: temperatura media diaria vs casos diarios, somente dias com casos"
2023-07-12,2023-07-01,39,22.854166666666668,19.3,29.9,29,0.18935875600328633,0.3252081470210305,fraca,spearman,"mensal: temperatura media diaria vs casos diarios, somente dias com casos"
2023-07-13,2023-07-01,34,25.72083333333333,19.7,34.8,29,0.18935875600328633,0.3252081470210305,fraca,spearman,"mensal: temperatura media diaria vs casos diarios, somente dias com casos"
2023-07-14,2023-07-01,35,21.095833333333335,18.4,26.3,29,0.18935875600328633,0.3252081470210305,fraca,spearman,"mensal: temperatura media diaria vs casos diarios, somente dias com casos"
2023-07-15,2023-07-01,2,19.041666666666668,16.1,22.8,29,0.18935875600328633,0.3252081470210305,fraca,spearman,"mensal: temperatura media diaria vs casos diarios, somente dias com casos"
2023-07-16,2023-07-01,1,21.25,16,28.3,29,0.18935875600328633,0.3252081470210305,fraca,spearman,"mensal: temperatura media diaria vs casos diarios, somente dias com casos"
2023-07-17,2023-07-01,23,21.945833333333333,17.7,27.4,29,0.18935875600328633,0.3252081470210305,fraca,spearman,"mensal: temperatura media diaria vs casos diarios, somente dias com casos"
2023-07-18,2023-07-01,10,22.229166666666668,17.5,30,29,0.18935875600328633,0.3252081470210305,fraca,spearman,"mensal: temperatura media diaria vs casos diarios, somente dias com casos"
2023-07-19,2023-07-01,25,21.02916666666667,19.4,23.7,29,0.18935875600328633,0.3252081470210305,fraca,spearman,"mensal: temperatura media diaria vs casos diarios, somente dias com casos"
2023-07-20,2023-07-01,11,19.079166666666666,17.6,20.6,29,0.18935875600328633,0.3252081470210305,fraca,spearman,"mensal: temperatura media diaria vs casos diarios, somente dias com casos"
2023-07-21,2023-07-01,7,19.895833333333332,17.4,23.7,29,0.18935875600328633,0.3252081470210305,fraca,spearman,"mensal: temperatura media diaria vs casos diarios, somente dias com casos"
2023-07-22,2023-07-01,2,19.5625,16.2,23.3,29,0.18935875600328633,0.3252081470210305,fraca,spearman,"mensal: temperatura media diaria vs casos diarios, somente dias com casos"
2023-07-23,2023-07-01,1,20.8625,19.3,23.1,29,0.18935875600328633,0.3252081470210305,fraca,spearman,"mensal: temperatura media diaria vs casos diarios, somente dias com casos"
2023-07-24,2023-07-01,21,22.075,18,27.4,29,0.18935875600328633,0.3252081470210305,fraca,spearman,"mensal: temperatura media diaria vs casos diarios, somente dias com casos"
2023-07-25,2023-07-01,16,21.5125,17.4,27.5,29,0.18935875600328633,0.3252081470210305,fraca,spearman,"mensal: temperatura media diaria vs casos diarios, somente dias com casos"
2023-07-26,2023-07-01,11,21.995833333333337,19.5,25.6,29,0.18935875600328633,0.3252081470210305,fraca,spearman,"mensal: temperatura media diaria vs casos diarios, somente dias com casos"
2023-07-27,2023-07-01,13,22.875,20,28.4,29,0.18935875600328633,0.3252081470210305,fraca,spearman,"mensal: temperatura media diaria vs casos diarios, somente dias com casos"
2023-07-28,2023-07-01,10,22.420833333333334,18.9,27.6,29,0.18935875600328633,0.3252081470210305,fraca,spearman,"mensal: temperatura media diaria vs casos diarios, somente dias com casos"
2023-07-31,2023-07-01,20,19.933333333333337,17.2,24.6,29,0.18935875600328633,0.3252081470210305,fraca,spearman,"mensal: temperatura media diaria vs casos diarios, somente dias com casos"
2023-08-01,2023-08-01,42,20.65416666666667,17.1,26.3,25,-0.053840412622757225,0.7982558011455614,muito fraca,spearman,"mensal: temperatura media diaria vs casos diarios, somente dias com casos"
2023-08-02,2023-08-01,179,20.620833333333337,16.6,26.9,25,-0.053840412622757225,0.7982558011455614,muito fraca,spearman,"mensal: temperatura media diaria vs casos diarios, somente dias com casos"
2023-08-03,2023-08-01,13,21.875,16.1,31.6,25,-0.053840412622757225,0.7982558011455614,muito fraca,spearman,"mensal: temperatura media diaria vs casos diarios, somente dias com casos"
2023-08-04,2023-08-01,19,20.6125,14.7,25.6,25,-0.053840412622757225,0.7982558011455614,muito fraca,spearman,"mensal: temperatura media diaria vs casos diarios, somente dias com casos"
2023-08-05,2023-08-01,1,20.6125,16,27.8,25,-0.053840412622757225,0.7982558011455614,muito fraca,spearman,"mensal: temperatura media diaria vs casos diarios, somente dias com casos"
2023-08-06,2023-08-01,2,22.445833333333333,18.9,28,25,-0.053840412622757225,0.7982558011455614,muito fraca,spearman,"mensal: temperatura media diaria vs casos diarios, somente dias com casos"
2023-08-07,2023-08-01,82,22.8875,17.6,30.1,25,-0.053840412622757225,0.7982558011455614,muito fraca,spearman,"mensal: temperatura media diaria vs casos diarios, somente dias com casos"
2023-08-08,2023-08-01,57,21.895833333333332,17.5,27.8,25,-0.053840412622757225,0.7982558011455614,muito fraca,spearman,"mensal: temperatura media diaria vs casos diarios, somente dias com casos"
2023-08-09,2023-08-01,82,21.854166666666668,20.2,23.7,25,-0.053840412622757225,0.7982558011455614,muito fraca,spearman,"mensal: temperatura media diaria vs casos diarios, somente dias com casos"
2023-08-10,2023-08-01,39,22.545833333333334,19.7,26.7,25,-0.053840412622757225,0.7982558011455614,muito fraca,spearman,"mensal: temperatura media diaria vs casos diarios, somente dias com casos"
2023-08-11,2023-08-01,12,23.445833333333333,19.2,30.6,25,-0.053840412622757225,0.7982558011455614,muito fraca,spearman,"mensal: temperatura media diaria vs casos diarios, somente dias com casos"
2023-08-14,2023-08-01,15,21.1875,20,23.5,25,-0.053840412622757225,0.7982558011455614,muito fraca,spearman,"mensal: temperatura media diaria vs casos diarios, somente dias com casos"
2023-08-15,2023-08-01,43,22.133333333333333,20.3,24.2,25,-0.053840412622757225,0.7982558011455614,muito fraca,spearman,"mensal: temperatura media diaria vs casos diarios, somente dias com casos"
2023-08-16,2023-08-01,5,22.34166666666667,20.6,25.2,25,-0.053840412622757225,0.7982558011455614,muito fraca,spearman,"mensal: temperatura media diaria vs casos diarios, somente dias com casos"
2023-08-17,2023-08-01,13,21.6875,17.7,27,25,-0.053840412622757225,0.7982558011455614,muito fraca,spearman,"mensal: temperatura media diaria vs casos diarios, somente dias com casos"
2023-08-18,2023-08-01,13,22.633333333333333,17.3,30.9,25,-0.053840412622757225,0.7982558011455614,muito fraca,spearman,"mensal: temperatura media diaria vs casos diarios, somente dias com casos"
2023-08-21,2023-08-01,26,23.1125,20.2,29,25,-0.053840412622757225,0.7982558011455614,muito fraca,spearman,"mensal: temperatura media diaria vs casos diarios, somente dias com casos"
2023-08-22,2023-08-01,20,23.5125,17.3,31.8,25,-0.053840412622757225,0.7982558011455614,muito fraca,spearman,"mensal: temperatura media diaria vs casos diarios, somente dias com casos"
2023-08-23,2023-08-01,14,25.3625,20.4,34.1,25,-0.053840412622757225,0.7982558011455614,muito fraca,spearman,"mensal: temperatura media diaria vs casos diarios, somente dias com casos"
2023-08-24,2023-08-01,13,26.804166666666667,20.7,36,25,-0.053840412622757225,0.7982558011455614,muito fraca,spearman,"mensal: temperatura media diaria vs casos diarios, somente dias com casos"
2023-08-25,2023-08-01,10,25.383333333333333,23,29.4,25,-0.053840412622757225,0.7982558011455614,muito fraca,spearman,"mensal: temperatura media diaria vs casos diarios, somente dias com casos"
2023-08-28,2023-08-01,9,17.125,16.7,17.9,25,-0.053840412622757225,0.7982558011455614,muito fraca,spearman,"mensal: temperatura media diaria vs casos diarios, somente dias com casos"
2023-08-29,2023-08-01,15,19.558333333333337,17,22.9,25,-0.053840412622757225,0.7982558011455614,muito fraca,spearman,"mensal: temperatura media diaria vs casos diarios, somente dias com casos"
2023-08-30,2023-08-01,12,22.358333333333334,20.2,26.6,25,-0.053840412622757225,0.7982558011455614,muito fraca,spearman,"mensal: temperatura media diaria vs casos diarios, somente dias com casos"
2023-08-31,2023-08-01,12,21.875,17.5,26.1,25,-0.053840412622757225,0.7982558011455614,muito fraca,spearman,"mensal: temperatura media diaria vs casos diarios, somente dias com casos"
2023-09-01,2023-09-01,5,21.7,17.8,26.8,19,0.13556422066951537,0.5800171918809421,fraca,spearman,"mensal: temperatura media diaria vs casos diarios, somente dias com casos"
2023-09-04,2023-09-01,10,24.054166666666667,20.5,30.3,19,0.13556422066951537,0.5800171918809421,fraca,spearman,"mensal: temperatura media diaria vs casos diarios, somente dias com casos"
2023-09-05,2023-09-01,18,25.333333333333332,20.9,33,19,0.13556422066951537,0.5800171918809421,fraca,spearman,"mensal: temperatura media diaria vs casos diarios, somente dias com casos"
2023-09-06,2023-09-01,11,22.054166666666667,20.4,23.6,19,0.13556422066951537,0.5800171918809421,fraca,spearman,"mensal: temperatura media diaria vs casos diarios, somente dias com casos"
2023-09-11,2023-09-01,15,22.995833333333337,19.1,29.5,19,0.13556422066951537,0.5800171918809421,fraca,spearman,"mensal: temperatura media diaria vs casos diarios, somente dias com casos"
2023-09-12,2023-09-01,18,23.891666666666666,20.4,28.1,19,0.13556422066951537,0.5800171918809421,fraca,spearman,"mensal: temperatura media diaria vs casos diarios, somente dias com casos"
2023-09-13,2023-09-01,10,24.166666666666668,19.3,30.7,19,0.13556422066951537,0.5800171918809421,fraca,spearman,"mensal: temperatura media diaria vs casos diarios, somente dias com casos"
2023-09-14,2023-09-01,18,26.025,20.9,33.5,19,0.13556422066951537,0.5800171918809421,fraca,spearman,"mensal: temperatura media diaria vs casos diarios, somente dias com casos"
2023-09-15,2023-09-01,30,19.895833333333332,18.8,23.9,19,0.13556422066951537,0.5800171918809421,fraca,spearman,"mensal: temperatura media diaria vs casos diarios, somente dias com casos"
2023-09-18,2023-09-01,24,23.9375,20.8,29.9,19,0.13556422066951537,0.5800171918809421,fraca,spearman,"mensal: temperatura media diaria vs casos diarios, somente dias com casos"
2023-09-19,2023-09-01,19,23.854166666666668,19.1,29.7,19,0.13556422066951537,0.5800171918809421,fraca,spearman,"mensal: temperatura media diaria vs casos diarios, somente dias com casos"
2023-09-20,2023-09-01,8,24.0375,19.7,29.8,19,0.13556422066951537,0.5800171918809421,fraca,spearman,"mensal: temperatura media diaria vs casos diarios, somente dias com casos"
2023-09-21,2023-09-01,16,24.1875,21.9,27.7,19,0.13556422066951537,0.5800171918809421,fraca,spearman,"mensal: temperatura media diaria vs casos diarios, somente dias com casos"
2023-09-22,2023-09-01,9,24.025,19.1,30.9,19,0.13556422066951537,0.5800171918809421,fraca,spearman,"mensal: temperatura media diaria vs casos diarios, somente dias com casos"
2023-09-25,2023-09-01,21,25.09583333333333,21.3,30.7,19,0.13556422066951537,0.5800171918809421,fraca,spearman,"mensal: temperatura media diaria vs casos diarios, somente dias com casos"
2023-09-26,2023-09-01,15,25.254166666666663,22.6,30.7,19,0.13556422066951537,0.5800171918809421,fraca,spearman,"mensal: temperatura media diaria vs casos diarios, somente dias com casos"
2023-09-27,2023-09-01,14,27.454166666666666,22.8,35.1,19,0.13556422066951537,0.5800171918809421,fraca,spearman,"mensal: temperatura media diaria vs casos diarios, somente dias com casos"
2023-09-28,2023-09-01,11,23.983333333333334,21.4,26.8,19,0.13556422066951537,0.5800171918809421,fraca,spearman,"mensal: temperatura media diaria vs casos diarios, somente dias com casos"
2023-09-29,2023-09-01,5,21.1625,19.3,23.5,19,0.13556422066951537,0.5800171918809421,fraca,spearman,"mensal: temperatura media diaria vs casos diarios, somente dias com casos"
2023-10-02,2023-10-01,16,21.9875,19.4,25.7,21,0.2363289263554112,0.30236122802837295,fraca,spearman,"mensal: temperatura media diaria vs casos diarios, somente dias com casos"
2023-10-03,2023-10-01,11,22.170833333333334,20.8,24.8,21,0.2363289263554112,0.30236122802837295,fraca,spearman,"mensal: temperatura media diaria vs casos diarios, somente dias com casos"
2023-10-04,2023-10-01,15,24.181818181818183,20.8,30.6,21,0.2363289263554112,0.30236122802837295,fraca,spearman,"mensal: temperatura media diaria vs casos diarios, somente dias com casos"
2023-10-05,2023-10-01,10,24.516666666666666,23,26.8,21,0.2363289263554112,0.30236122802837295,fraca,spearman,"mensal: temperatura media diaria vs casos diarios, somente dias com casos"
2023-10-06,2023-10-01,42,26.208333333333332,23,32.7,21,0.2363289263554112,0.30236122802837295,fraca,spearman,"mensal: temperatura media diaria vs casos diarios, somente dias com casos"
2023-10-09,2023-10-01,33,26.016666666666666,21.9,32.9,21,0.2363289263554112,0.30236122802837295,fraca,spearman,"mensal: temperatura media diaria vs casos diarios, somente dias com casos"
2023-10-10,2023-10-01,11,23.416666666666668,22,25.5,21,0.2363289263554112,0.30236122802837295,fraca,spearman,"mensal: temperatura media diaria vs casos diarios, somente dias com casos"
2023-10-11,2023-10-01,17,23.6,19.9,28.5,21,0.2363289263554112,0.30236122802837295,fraca,spearman,"mensal: temperatura media diaria vs casos diarios, somente dias com casos"
2023-10-13,2023-10-01,2,25.34166666666667,23.1,28.4,21,0.2363289263554112,0.30236122802837295,fraca,spearman,"mensal: temperatura media diaria vs casos diarios, somente dias com casos"
2023-10-16,2023-10-01,20,24.420833333333334,22.1,28.4,21,0.2363289263554112,0.30236122802837295,fraca,spearman,"mensal: temperatura media diaria vs casos diarios, somente dias com casos"
2023-10-17,2023-10-01,27,26.425,22.4,33.6,21,0.2363289263554112,0.30236122802837295,fraca,spearman,"mensal: temperatura media diaria vs casos diarios, somente dias com casos"
2023-10-18,2023-10-01,15,25.258333333333333,22.9,28.6,21,0.2363289263554112,0.30236122802837295,fraca,spearman,"mensal: temperatura media diaria vs casos diarios, somente dias com casos"
2023-10-19,2023-10-01,16,22.583333333333332,20.5,25.5,21,0.2363289263554112,0.30236122802837295,fraca,spearman,"mensal: temperatura media diaria vs casos diarios, somente dias com casos"
2023-10-20,2023-10-01,21,20.958333333333332,19.3,23.1,21,0.2363289263554112,0.30236122802837295,fraca,spearman,"mensal: temperatura media diaria vs casos diarios, somente dias com casos"
2023-10-23,2023-10-01,25,23.154166666666665,20.2,27.5,21,0.2363289263554112,0.30236122802837295,fraca,spearman,"mensal: temperatura media diaria vs casos diarios, somente dias com casos"
2023-10-24,2023-10-01,21,24.695833333333333,18.4,33.3,21,0.2363289263554112,0.30236122802837295,fraca,spearman,"mensal: temperatura media diaria vs casos diarios, somente dias com casos"
2023-10-25,2023-10-01,18,24.229166666666668,22.9,28.6,21,0.2363289263554112,0.30236122802837295,fraca,spearman,"mensal: temperatura media diaria vs casos diarios, somente dias com casos"
2023-10-26,2023-10-01,19,24.0625,20.9,27.5,21,0.2363289263554112,0.30236122802837295,fraca,spearman,"mensal: temperatura media diaria vs casos diarios, somente dias com casos"
2023-10-27,2023-10-01,17,23.15,21.7,25.4,21,0.2363289263554112,0.30236122802837295,fraca,spearman,"mensal: temperatura media diaria vs casos diarios, somente dias com casos"
2023-10-30,2023-10-01,32,27.420833333333334,23.6,35.2,21,0.2363289263554112,0.30236122802837295,fraca,spearman,"mensal: temperatura media diaria vs casos diarios, somente dias com casos"
2023-10-31,2023-10-01,11,27.158333333333335,23.2,34.5,21,0.2363289263554112,0.30236122802837295,fraca,spearman,"mensal: temperatura media diaria vs casos diarios, somente dias com casos"
2023-11-01,2023-11-01,16,25.641666666666666,23.2,29.4,24,-0.015706901960836843,0.9419300553645821,muito fraca,spearman,"mensal: temperatura media diaria vs casos diarios, somente dias com casos"
2023-11-03,2023-11-01,2,25.770833333333332,21.8,31.2,24,-0.015706901960836843,0.9419300553645821,muito fraca,spearman,"mensal: temperatura media diaria vs casos diarios, somente dias com casos"
2023-11-04,2023-11-01,1,26.075,23.4,30.6,24,-0.015706901960836843,0.9419300553645821,muito fraca,spearman,"mensal: temperatura media diaria vs casos diarios, somente dias com casos"
2023-11-05,2023-11-01,2,24.2125,22.2,28.1,24,-0.015706901960836843,0.9419300553645821,muito fraca,spearman,"mensal: temperatura media diaria vs casos diarios, somente dias com casos"
2023-11-06,2023-11-01,82,23.09583333333333,19.2,27.7,24,-0.015706901960836843,0.9419300553645821,muito fraca,spearman,"mensal: temperatura media diaria vs casos diarios, somente dias com casos"
2023-11-07,2023-11-01,22,22.791666666666668,18.4,27.9,24,-0.015706901960836843,0.9419300553645821,muito fraca,spearman,"mensal: temperatura media diaria vs casos diarios, somente dias com casos"
2023-11-08,2023-11-01,42,23.45,17.5,29.3,24,-0.015706901960836843,0.9419300553645821,muito fraca,spearman,"mensal: temperatura media diaria vs casos diarios, somente dias com casos"
2023-11-09,2023-11-01,29,24.704166666666666,18.9,33.7,24,-0.015706901960836843,0.9419300553645821,muito fraca,spearman,"mensal: temperatura media diaria vs casos diarios, somente dias com casos"
2023-11-10,2023-11-01,14,26.2375,20.7,33.5,24,-0.015706901960836843,0.9419300553645821,muito fraca,spearman,"mensal: temperatura media diaria vs casos diarios, somente dias com casos"
2023-11-11,2023-11-01,1,26.383333333333333,22.1,33.9,24,-0.015706901960836843,0.9419300553645821,muito fraca,spearman,"mensal: temperatura media diaria vs casos diarios, somente dias com casos"
2023-11-13,2023-11-01,35,28.816666666666663,23.2,38.6,24,-0.015706901960836843,0.9419300553645821,muito fraca,spearman,"mensal: temperatura media diaria vs casos diarios, somente dias com casos"
2023-11-14,2023-11-01,19,28.0375,23.3,35.4,24,-0.015706901960836843,0.9419300553645821,muito fraca,spearman,"mensal: temperatura media diaria vs casos diarios, somente dias com casos"
2023-11-16,2023-11-01,21,27.7,23.4,35.4,24,-0.015706901960836843,0.9419300553645821,muito fraca,spearman,"mensal: temperatura media diaria vs casos diarios, somente dias com casos"
2023-11-17,2023-11-01,18,28.4625,23.4,35.8,24,-0.015706901960836843,0.9419300553645821,muito fraca,spearman,"mensal: temperatura media diaria vs casos diarios, somente dias com casos"
2023-11-20,2023-11-01,1,24.991666666666667,22.8,28.1,24,-0.015706901960836843,0.9419300553645821,muito fraca,spearman,"mensal: temperatura media diaria vs casos diarios, somente dias com casos"
2023-11-21,2023-11-01,34,25.8875,22.9,30.9,24,-0.015706901960836843,0.9419300553645821,muito fraca,spearman,"mensal: temperatura media diaria vs casos diarios, somente dias com casos"
2023-11-22,2023-11-01,21,27.179166666666667,22.7,33.2,24,-0.015706901960836843,0.9419300553645821,muito fraca,spearman,"mensal: temperatura media diaria vs casos diarios, somente dias com casos"
2023-11-23,2023-11-01,21,27.53333333333333,20.9,36.7,24,-0.015706901960836843,0.9419300553645821,muito fraca,spearman,"mensal: temperatura media diaria vs casos diarios, somente dias com casos"
2023-11-24,2023-11-01,18,25.308333333333337,22.8,28.1,24,-0.015706901960836843,0.9419300553645821,muito fraca,spearman,"mensal: temperatura media diaria vs casos diarios, somente dias com casos"
2023-11-26,2023-11-01,1,22.641666666666666,19.7,25.5,24,-0.015706901960836843,0.9419300553645821,muito fraca,spearman,"mensal: temperatura media diaria vs casos diarios, somente dias com casos"
2023-11-27,2023-11-01,58,24.95,22,28.7,24,-0.015706901960836843,0.9419300553645821,muito fraca,spearman,"mensal: temperatura media diaria vs casos diarios, somente dias com casos"
2023-11-28,2023-11-01,36,26.091666666666665,23,30.1,24,-0.015706901960836843,0.9419300553645821,muito fraca,spearman,"mensal: temperatura media diaria vs casos diarios, somente dias com casos"
2023-11-29,2023-11-01,27,26.758333333333333,23.8,32.3,24,-0.015706901960836843,0.9419300553645821,muito fraca,spearman,"mensal: temperatura media diaria vs casos diarios, somente dias com casos"
2023-11-30,2023-11-01,24,26.795833333333334,23.3,34.6,24,-0.015706901960836843,0.9419300553645821,muito fraca,spearman,"mensal: temperatura media diaria vs casos diarios, somente dias com casos"
2023-12-01,2023-12-01,23,25.616666666666667,22.2,34.2,26,-0.01609867559588519,0.9377842042662425,muito fraca,spearman,"mensal: temperatura media diaria vs casos diarios, somente dias com casos"
2023-12-04,2023-12-01,33,28.033333333333335,23.6,35,26,-0.01609867559588519,0.9377842042662425,muito fraca,spearman,"mensal: temperatura media diaria vs casos diarios, somente dias com casos"
2023-12-05,2023-12-01,57,27.183333333333337,23.8,32.4,26,-0.01609867559588519,0.9377842042662425,muito fraca,spearman,"mensal: temperatura media diaria vs casos diarios, somente dias com casos"
2023-12-06,2023-12-01,30,27.395833333333332,23.6,31.8,26,-0.01609867559588519,0.9377842042662425,muito fraca,spearman,"mensal: temperatura media diaria vs casos diarios, somente dias com casos"
2023-12-07,2023-12-01,30,28.054166666666667,23.1,34.5,26,-0.01609867559588519,0.9377842042662425,muito fraca,spearman,"mensal: temperatura media diaria vs casos diarios, somente dias com casos"
2023-12-08,2023-12-01,23,27.775,23.6,33.9,26,-0.01609867559588519,0.9377842042662425,muito fraca,spearman,"mensal: temperatura media diaria vs casos diarios, somente dias com casos"
2023-12-10,2023-12-01,3,23.520833333333332,21.1,27,26,-0.01609867559588519,0.9377842042662425,muito fraca,spearman,"mensal: temperatura media diaria vs casos diarios, somente dias com casos"
2023-12-11,2023-12-01,33,25.125,20.6,31.6,26,-0.01609867559588519,0.9377842042662425,muito fraca,spearman,"mensal: temperatura media diaria vs casos diarios, somente dias com casos"
2023-12-12,2023-12-01,33,24.879166666666663,22.3,27.6,26,-0.01609867559588519,0.9377842042662425,muito fraca,spearman,"mensal: temperatura media diaria vs casos diarios, somente dias com casos"
2023-12-13,2023-12-01,26,24.504166666666663,19.2,29,26,-0.01609867559588519,0.9377842042662425,muito fraca,spearman,"mensal: temperatura media diaria vs casos diarios, somente dias com casos"
2023-12-14,2023-12-01,37,26.52916666666667,22,32.2,26,-0.01609867559588519,0.9377842042662425,muito fraca,spearman,"mensal: temperatura media diaria vs casos diarios, somente dias com casos"
2023-12-15,2023-12-01,42,27.45,22.5,32.5,26,-0.01609867559588519,0.9377842042662425,muito fraca,spearman,"mensal: temperatura media diaria vs casos diarios, somente dias com casos"
2023-12-16,2023-12-01,1,27.275,23.5,32.1,26,-0.01609867559588519,0.9377842042662425,muito fraca,spearman,"mensal: temperatura media diaria vs casos diarios, somente dias com casos"
2023-12-18,2023-12-01,56,26.933333333333337,22.9,31.5,26,-0.01609867559588519,0.9377842042662425,muito fraca,spearman,"mensal: temperatura media diaria vs casos diarios, somente dias com casos"
2023-12-19,2023-12-01,21,26.59166666666667,22.8,30.7,26,-0.01609867559588519,0.9377842042662425,muito fraca,spearman,"mensal: temperatura media diaria vs casos diarios, somente dias com casos"
2023-12-20,2023-12-01,28,25.941666666666663,21.7,32.1,26,-0.01609867559588519,0.9377842042662425,muito fraca,spearman,"mensal: temperatura media diaria vs casos diarios, somente dias com casos"
2023-12-21,2023-12-01,19,27.008333333333333,22.6,34.6,26,-0.01609867559588519,0.9377842042662425,muito fraca,spearman,"mensal: temperatura media diaria vs casos diarios, somente dias com casos"
2023-12-22,2023-12-01,14,29.041666666666668,23.5,37.4,26,-0.01609867559588519,0.9377842042662425,muito fraca,spearman,"mensal: temperatura media diaria vs casos diarios, somente dias com casos"
2023-12-24,2023-12-01,3,27.870833333333337,24,34.7,26,-0.01609867559588519,0.9377842042662425,muito fraca,spearman,"mensal: temperatura media diaria vs casos diarios, somente dias com casos"
2023-12-25,2023-12-01,1,29.045833333333334,24.5,36.5,26,-0.01609867559588519,0.9377842042662425,muito fraca,spearman,"mensal: temperatura media diaria vs casos diarios, somente dias com casos"
2023-12-26,2023-12-01,47,27.4875,23.9,35.7,26,-0.01609867559588519,0.9377842042662425,muito fraca,spearman,"mensal: temperatura media diaria vs casos diarios, somente dias com casos"
2023-12-27,2023-12-01,16,23.945833333333333,22.1,25.6,26,-0.01609867559588519,0.9377842042662425,muito fraca,spearman,"mensal: temperatura media diaria vs casos diarios, somente dias com casos"
2023-12-28,2023-12-01,17,25.233333333333334,21.8,29.9,26,-0.01609867559588519,0.9377842042662425,muito fraca,spearman,"mensal: temperatura media diaria vs casos diarios, somente dias com casos"
2023-12-29,2023-12-01,24,26.829166666666666,22,33.6,26,-0.01609867559588519,0.9377842042662425,muito fraca,spearman,"mensal: temperatura media diaria vs casos diarios, somente dias com casos"
2023-12-30,2023-12-01,2,28.129166666666663,24.4,35.1,26,-0.01609867559588519,0.9377842042662425,muito fraca,spearman,"mensal: temperatura media diaria vs casos diarios, somente dias com casos"
2023-12-31,2023-12-01,1,23.61428571428571,23,25.3,26,-0.01609867559588519,0.9377842042662425,muito fraca,spearman,"mensal: temperatura media diaria vs casos diarios, somente dias com casos"
2024-01-02,2024-01-01,33,24.329166666666666,21.6,27.6,28,-0.08463437532598972,0.6685094544415611,muito fraca,spearman,"mensal: temperatura media diaria vs casos diarios, somente dias com casos"
2024-01-03,2024-01-01,27,25.604166666666668,23.9,28.8,28,-0.08463437532598972,0.6685094544415611,muito fraca,spearman,"mensal: temperatura media diaria vs casos diarios, somente dias com casos"
2024-01-04,2024-01-01,18,24.429166666666667,23.8,25.1,28,-0.08463437532598972,0.6685094544415611,muito fraca,spearman,"mensal: temperatura media diaria vs casos diarios, somente dias com casos"
2024-01-05,2024-01-01,27,25.55,22.3,29.8,28,-0.08463437532598972,0.6685094544415611,muito fraca,spearman,"mensal: temperatura media diaria vs casos diarios, somente dias com casos"
2024-01-06,2024-01-01,1,26.170833333333334,21.9,31.1,28,-0.08463437532598972,0.6685094544415611,muito fraca,spearman,"mensal: temperatura media diaria vs casos diarios, somente dias com casos"
2024-01-07,2024-01-01,2,26.59166666666667,23.6,31.3,28,-0.08463437532598972,0.6685094544415611,muito fraca,spearman,"mensal: temperatura media diaria vs casos diarios, somente dias com casos"
2024-01-08,2024-01-01,68,27.5625,23.4,33.8,28,-0.08463437532598972,0.6685094544415611,muito fraca,spearman,"mensal: temperatura media diaria vs casos diarios, somente dias com casos"
2024-01-09,2024-01-01,30,27.84583333333333,23.9,35.9,28,-0.08463437532598972,0.6685094544415611,muito fraca,spearman,"mensal: temperatura media diaria vs casos diarios, somente dias com casos"
2024-01-10,2024-01-01,26,27.675,23.9,33.3,28,-0.08463437532598972,0.6685094544415611,muito fraca,spearman,"mensal: temperatura media diaria vs casos diarios, somente dias com casos"
2024-01-11,2024-01-01,23,27.791666666666668,23.5,32.3,28,-0.08463437532598972,0.6685094544415611,muito fraca,spearman,"mensal: temperatura media diaria vs casos diarios, somente dias com casos"
2024-01-12,2024-01-01,18,28.429166666666667,24.3,34.5,28,-0.08463437532598972,0.6685094544415611,muito fraca,spearman,"mensal: temperatura media diaria vs casos diarios, somente dias com casos"
2024-01-14,2024-01-01,2,26.916666666666668,23.9,32.1,28,-0.08463437532598972,0.6685094544415611,muito fraca,spearman,"mensal: temperatura media diaria vs casos diarios, somente dias com casos"
2024-01-15,2024-01-01,5,27.941666666666663,23.7,35.1,28,-0.08463437532598972,0.6685094544415611,muito fraca,spearman,"mensal: temperatura media diaria vs casos diarios, somente dias com casos"
2024-01-16,2024-01-01,46,28.558333333333337,24.3,35.1,28,-0.08463437532598972,0.6685094544415611,muito fraca,spearman,"mensal: temperatura media diaria vs casos diarios, somente dias com casos"
2024-01-17,2024-01-01,40,28.45,23.8,35.1,28,-0.08463437532598972,0.6685094544415611,muito fraca,spearman,"mensal: temperatura media diaria vs casos diarios, somente dias com casos"
2024-01-18,2024-01-01,25,27.858333333333334,22.8,34,28,-0.08463437532598972,0.6685094544415611,muito fraca,spearman,"mensal: temperatura media diaria vs casos diarios, somente dias com casos"
2024-01-19,2024-01-01,43,27.854166666666668,23.7,33,28,-0.08463437532598972,0.6685094544415611,muito fraca,spearman,"mensal: temperatura media diaria vs casos diarios, somente dias com casos"
2024-01-20,2024-01-01,1,30.4875,25.4,38.2,28,-0.08463437532598972,0.6685094544415611,muito fraca,spearman,"mensal: temperatura media diaria vs casos diarios, somente dias com casos"
2024-01-22,2024-01-01,59,25.366666666666667,23,28.4,28,-0.08463437532598972,0.6685094544415611,muito fraca,spearman,"mensal: temperatura media diaria vs casos diarios, somente dias com casos"
2024-01-23,2024-01-01,41,24.591666666666665,21.4,29.3,28,-0.08463437532598972,0.6685094544415611,muito fraca,spearman,"mensal: temperatura media diaria vs casos diarios, somente dias com casos"
2024-01-24,2024-01-01,38,22.491666666666667,20,26,28,-0.08463437532598972,0.6685094544415611,muito fraca,spearman,"mensal: temperatura media diaria vs casos diarios, somente dias com casos"
2024-01-25,2024-01-01,41,24.90416666666667,22.1,30.1,28,-0.08463437532598972,0.6685094544415611,muito fraca,spearman,"mensal: temperatura media diaria vs casos diarios, somente dias com casos"
2024-01-26,2024-01-01,45,25.825,23.3,29.7,28,-0.08463437532598972,0.6685094544415611,muito fraca,spearman,"mensal: temperatura media diaria vs casos diarios, somente dias com casos"
2024-01-27,2024-01-01,5,25.495833333333337,23.1,29,28,-0.08463437532598972,0.6685094544415611,muito fraca,spearman,"mensal: temperatura media diaria vs casos diarios, somente dias com casos"
2024-01-28,2024-01-01,4,25.708333333333332,22.8,30.3,28,-0.08463437532598972,0.6685094544415611,muito fraca,spearman,"mensal: temperatura media diaria vs casos diarios, somente dias com casos"
2024-01-29,2024-01-01,96,26.525,22,33.8,28,-0.08463437532598972,0.6685094544415611,muito fraca,spearman,"mensal: temperatura media diaria vs casos diarios, somente dias com casos"
2024-01-30,2024-01-01,39,28.05,23.6,35.5,28,-0.08463437532598972,0.6685094544415611,muito fraca,spearman,"mensal: temperatura media diaria vs casos diarios, somente dias com casos"
2024-01-31,2024-01-01,84,27.0375,24.8,30.6,28,-0.08463437532598972,0.6685094544415611,muito fraca,spearman,"mensal: temperatura media diaria vs casos diarios, somente dias com casos"
2024-02-01,2024-02-01,73,26.833333333333332,23.1,32.6,29,-0.4937785233148798,0.006484148690715117,moderada,spearman,"mensal: temperatura media diaria vs casos diarios, somente dias com casos"
2024-02-02,2024-02-01,156,26.979166666666668,23.7,32,29,-0.4937785233148798,0.006484148690715117,moderada,spearman,"mensal: temperatura media diaria vs casos diarios, somente dias com casos"
2024-02-03,2024-02-01,4,27.21666666666667,23.1,32.6,29,-0.4937785233148798,0.006484148690715117,moderada,spearman,"mensal: temperatura media diaria vs casos diarios, somente dias com casos"
2024-02-04,2024-02-01,7,27.425,24.7,31.5,29,-0.4937785233148798,0.006484148690715117,moderada,spearman,"mensal: temperatura media diaria vs casos diarios, somente dias com casos"
2024-02-05,2024-02-01,130,27.429166666666667,23.6,32.7,29,-0.4937785233148798,0.006484148690715117,moderada,spearman,"mensal: temperatura media diaria vs casos diarios, somente dias com casos"
2024-02-06,2024-02-01,130,27.28333333333333,22.9,33.7,29,-0.4937785233148798,0.006484148690715117,moderada,spearman,"mensal: temperatura media diaria vs casos diarios, somente dias com casos"
2024-02-07,2024-02-01,144,26.629166666666663,22.8,33.8,29,-0.4937785233148798,0.006484148690715117,moderada,spearman,"mensal: temperatura media diaria vs casos diarios, somente dias com casos"
2024-02-08,2024-02-01,346,27.175,24.2,33.3,29,-0.4937785233148798,0.006484148690715117,moderada,spearman,"mensal: temperatura media diaria vs casos diarios, somente dias com casos"
2024-02-09,2024-02-01,101,27.3375,23.4,33.1,29,-0.4937785233148798,0.006484148690715117,moderada,spearman,"mensal: temperatura media diaria vs casos diarios, somente dias com casos"
2024-02-10,2024-02-01,28,25.945833333333333,22.8,30.3,29,-0.4937785233148798,0.006484148690715117,moderada,spearman,"mensal: temperatura media diaria vs casos diarios, somente dias com casos"
2024-02-11,2024-02-01,21,27.1,23,33.2,29,-0.4937785233148798,0.006484148690715117,moderada,spearman,"mensal: temperatura media diaria vs casos diarios, somente dias com casos"
2024-02-12,2024-02-01,7,28.15416666666667,23.8,34.7,29,-0.4937785233148798,0.006484148690715117,moderada,spearman,"mensal: temperatura media diaria vs casos diarios, somente dias com casos"
2024-02-13,2024-02-01,14,28.366666666666667,23.1,36.1,29,-0.4937785233148798,0.006484148690715117,moderada,spearman,"mensal: temperatura media diaria vs casos diarios, somente dias com casos"
2024-02-14,2024-02-01,20,28.670833333333334,24,35.6,29,-0.4937785233148798,0.006484148690715117,moderada,spearman,"mensal: temperatura media diaria vs casos diarios, somente dias com casos"
2024-02-15,2024-02-01,275,25.220833333333335,23.7,29.1,29,-0.4937785233148798,0.006484148690715117,moderada,spearman,"mensal: temperatura media diaria vs casos diarios, somente dias com casos"
2024-02-16,2024-02-01,254,26.6,23.2,32.7,29,-0.4937785233148798,0.006484148690715117,moderada,spearman,"mensal: temperatura media diaria vs casos diarios, somente dias com casos"
2024-02-17,2024-02-01,61,27.5125,23.9,32.9,29,-0.4937785233148798,0.006484148690715117,moderada,spearman,"mensal: temperatura media diaria vs casos diarios, somente dias com casos"
2024-02-18,2024-02-01,21,27.016666666666666,24.1,32.9,29,-0.4937785233148798,0.006484148690715117,moderada,spearman,"mensal: temperatura media diaria vs casos diarios, somente dias com casos"
2024-02-19,2024-02-01,256,25.491666666666667,22.6,33,29,-0.4937785233148798,0.006484148690715117,moderada,spearman,"mensal: temperatura media diaria vs casos diarios, somente dias com casos"
2024-02-20,2024-02-01,211,26.291666666666668,22.4,31.8,29,-0.4937785233148798,0.006484148690715117,moderada,spearman,"mensal: temperatura media diaria vs casos diarios, somente dias com casos"
2024-02-21,2024-02-01,204,25.245833333333337,23.5,27.4,29,-0.4937785233148798,0.006484148690715117,moderada,spearman,"mensal: temperatura media diaria vs casos diarios, somente dias com casos"
2024-02-22,2024-02-01,191,25.4125,23.9,27.9,29,-0.4937785233148798,0.006484148690715117,moderada,spearman,"mensal: temperatura media diaria vs casos diarios, somente dias com casos"
2024-02-23,2024-02-01,175,27.229166666666668,24.2,32.8,29,-0.4937785233148798,0.006484148690715117,moderada,spearman,"mensal: temperatura media diaria vs casos diarios, somente dias com casos"
2024-02-24,2024-02-01,48,27.925,24.3,34.2,29,-0.4937785233148798,0.006484148690715117,moderada,spearman,"mensal: temperatura media diaria vs casos diarios, somente dias com casos"
2024-02-25,2024-02-01,70,27.1125,23.3,33.3,29,-0.4937785233148798,0.006484148690715117,moderada,spearman,"mensal: temperatura media diaria vs casos diarios, somente dias com casos"
2024-02-26,2024-02-01,263,27.3125,24,32.1,29,-0.4937785233148798,0.006484148690715117,moderada,spearman,"mensal: temperatura media diaria vs casos diarios, somente dias com casos"
2024-02-27,2024-02-01,252,26.9,22.9,32.2,29,-0.4937785233148798,0.006484148690715117,moderada,spearman,"mensal: temperatura media diaria vs casos diarios, somente dias com casos"
2024-02-28,2024-02-01,177,28.291666666666668,23.3,36.9,29,-0.4937785233148798,0.006484148690715117,moderada,spearman,"mensal: temperatura media diaria vs casos diarios, somente dias com casos"
2024-02-29,2024-02-01,249,27.3875,24.6,34,29,-0.4937785233148798,0.006484148690715117,moderada,spearman,"mensal: temperatura media diaria vs casos diarios, somente dias com casos"
2024-03-01,2024-03-01,192,27.425,24.1,34,31,0.29300262745362204,0.10967327523460645,fraca,spearman,"mensal: temperatura media diaria vs casos diarios, somente dias com casos"
2024-03-02,2024-03-01,117,26.1125,22.9,29.7,31,0.29300262745362204,0.10967327523460645,fraca,spearman,"mensal: temperatura media diaria vs casos diarios, somente dias com casos"
2024-03-03,2024-03-01,57,25.441666666666663,20.2,32.1,31,0.29300262745362204,0.10967327523460645,fraca,spearman,"mensal: temperatura media diaria vs casos diarios, somente dias com casos"
2024-03-04,2024-03-01,271,26.404166666666665,22.2,33,31,0.29300262745362204,0.10967327523460645,fraca,spearman,"mensal: temperatura media diaria vs casos diarios, somente dias com casos"
2024-03-05,2024-03-01,278,28.720833333333335,23.1,35.9,31,0.29300262745362204,0.10967327523460645,fraca,spearman,"mensal: temperatura media diaria vs casos diarios, somente dias com casos"
2024-03-06,2024-03-01,317,26.966666666666665,23.6,32.1,31,0.29300262745362204,0.10967327523460645,fraca,spearman,"mensal: temperatura media diaria vs casos diarios, somente dias com casos"
2024-03-07,2024-03-01,220,25.891666666666666,23.3,29.6,31,0.29300262745362204,0.10967327523460645,fraca,spearman,"mensal: temperatura media diaria vs casos diarios, somente dias com casos"
2024-03-08,2024-03-01,202,27.275,24.8,31.5,31,0.29300262745362204,0.10967327523460645,fraca,spearman,"mensal: temperatura media diaria vs casos diarios, somente dias com casos"
2024-03-09,2024-03-01,99,27.3875,24.1,33,31,0.29300262745362204,0.10967327523460645,fraca,spearman,"mensal: temperatura media diaria vs casos diarios, somente dias com casos"
2024-03-10,2024-03-01,56,26.854166666666668,24.9,31.6,31,0.29300262745362204,0.10967327523460645,fraca,spearman,"mensal: temperatura media diaria vs casos diarios, somente dias com casos"
2024-03-11,2024-03-01,344,27.254166666666663,23.6,31.8,31,0.29300262745362204,0.10967327523460645,fraca,spearman,"mensal: temperatura media diaria vs casos diarios, somente dias com casos"
2024-03-12,2024-03-01,226,26.358333333333334,23.2,29.9,31,0.29300262745362204,0.10967327523460645,fraca,spearman,"mensal: temperatura media diaria vs casos diarios, somente dias com casos"
2024-03-13,2024-03-01,244,26.0375,23,30.7,31,0.29300262745362204,0.10967327523460645,fraca,spearman,"mensal: temperatura media diaria vs casos diarios, somente dias com casos"
2024-03-14,2024-03-01,214,26.070833333333333,21.9,31.2,31,0.29300262745362204,0.10967327523460645,fraca,spearman,"mensal: temperatura media diaria vs casos diarios, somente dias com casos"
2024-03-15,2024-03-01,255,27.579166666666666,23.4,34.1,31,0.29300262745362204,0.10967327523460645,fraca,spearman,"mensal: temperatura media diaria vs casos diarios, somente dias com casos"
2024-03-16,2024-03-01,80,27.895833333333332,23.5,35,31,0.29300262745362204,0.10967327523460645,fraca,spearman,"mensal: temperatura media diaria vs casos diarios, somente dias com casos"
2024-03-17,2024-03-01,16,29.358333333333334,24.1,37.8,31,0.29300262745362204,0.10967327523460645,fraca,spearman,"mensal: temperatura media diaria vs casos diarios, somente dias com casos"
2024-03-18,2024-03-01,458,28.554166666666667,24,34.7,31,0.29300262745362204,0.10967327523460645,fraca,spearman,"mensal: temperatura media diaria vs casos diarios, somente dias com casos"
2024-03-19,2024-03-01,318,28.395833333333332,25.1,34.5,31,0.29300262745362204,0.10967327523460645,fraca,spearman,"mensal: temperatura media diaria vs casos diarios, somente dias com casos"
2024-03-20,2024-03-01,254,27.883333333333333,24,34,31,0.29300262745362204,0.10967327523460645,fraca,spearman,"mensal: temperatura media diaria vs casos diarios, somente dias com casos"
2024-03-21,2024-03-01,185,29.05,24.5,36.3,31,0.29300262745362204,0.10967327523460645,fraca,spearman,"mensal: temperatura media diaria vs casos diarios, somente dias com casos"
2024-03-22,2024-03-01,218,27.745833333333337,24.5,32.2,31,0.29300262745362204,0.10967327523460645,fraca,spearman,"mensal: temperatura media diaria vs casos diarios, somente dias com casos"
2024-03-23,2024-03-01,47,23.0375,22.1,25.6,31,0.29300262745362204,0.10967327523460645,fraca,spearman,"mensal: temperatura media diaria vs casos diarios, somente dias com casos"
2024-03-24,2024-03-01,37,23.133333333333333,21.7,25.7,31,0.29300262745362204,0.10967327523460645,fraca,spearman,"mensal: temperatura media diaria vs casos diarios, somente dias com casos"
2024-03-25,2024-03-01,271,24.891666666666666,23.2,28,31,0.29300262745362204,0.10967327523460645,fraca,spearman,"mensal: temperatura media diaria vs casos diarios, somente dias com casos"
2024-03-26,2024-03-01,220,24.1375,23.1,26,31,0.29300262745362204,0.10967327523460645,fraca,spearman,"mensal: temperatura media diaria vs casos diarios, somente dias com casos"
2024-03-27,2024-03-01,155,24.325,22.1,27.7,31,0.29300262745362204,0.10967327523460645,fraca,spearman,"mensal: temperatura media diaria vs casos diarios, somente dias com casos"
2024-03-28,2024-03-01,160,24.895833333333332,22.5,29.4,31,0.29300262745362204,0.10967327523460645,fraca,spearman,"mensal: temperatura media diaria vs casos diarios, somente dias com casos"
2024-03-29,2024-03-01,30,26.3125,24.1,30.2,31,0.29300262745362204,0.10967327523460645,fraca,spearman,"mensal: temperatura media diaria vs casos diarios, somente dias com casos"
2024-03-30,2024-03-01,107,26.4,23.6,30.8,31,0.29300262745362204,0.10967327523460645,fraca,spearman,"mensal: temperatura media diaria vs casos diarios, somente dias com casos"
2024-03-31,2024-03-01,19,25.595833333333335,23.2,29.6,31,0.29300262745362204,0.10967327523460645,fraca,spearman,"mensal: temperatura media diaria vs casos diarios, somente dias com casos"
2024-04-01,2024-04-01,257,25.5875,21.5,30.8,30,0.30321575796925415,0.10335131426514949,moderada,spearman,"mensal: temperatura media diaria vs casos diarios, somente dias com casos"
2024-04-02,2024-04-01,186,25.608333333333334,20.4,32.3,30,0.30321575796925415,0.10335131426514949,moderada,spearman,"mensal: temperatura media diaria vs casos diarios, somente dias com casos"
2024-04-03,2024-04-01,214,26.908333333333335,23.5,32.4,30,0.30321575796925415,0.10335131426514949,moderada,spearman,"mensal: temperatura media diaria vs casos diarios, somente dias com casos"
2024-04-04,2024-04-01,211,26.5375,22.7,32.7,30,0.30321575796925415,0.10335131426514949,moderada,spearman,"mensal: temperatura media diaria vs casos diarios, somente dias com casos"
2024-04-05,2024-04-01,304,25.895833333333332,21.1,31.7,30,0.30321575796925415,0.10335131426514949,moderada,spearman,"mensal: temperatura media diaria vs casos diarios, somente dias com casos"
2024-04-06,2024-04-01,86,26.029166666666665,22.4,31.6,30,0.30321575796925415,0.10335131426514949,moderada,spearman,"mensal: temperatura media diaria vs casos diarios, somente dias com casos"
2024-04-07,2024-04-01,60,24.716666666666665,20.5,30,30,0.30321575796925415,0.10335131426514949,moderada,spearman,"mensal: temperatura media diaria vs casos diarios, somente dias com casos"
2024-04-08,2024-04-01,261,24.854166666666668,20.3,30.3,30,0.30321575796925415,0.10335131426514949,moderada,spearman,"mensal: temperatura media diaria vs casos diarios, somente dias com casos"
2024-04-09,2024-04-01,217,26.21666666666667,22.6,31.8,30,0.30321575796925415,0.10335131426514949,moderada,spearman,"mensal: temperatura media diaria vs casos diarios, somente dias com casos"
2024-04-10,2024-04-01,249,26.395833333333332,22.7,31,30,0.30321575796925415,0.10335131426514949,moderada,spearman,"mensal: temperatura media diaria vs casos diarios, somente dias com casos"
2024-04-11,2024-04-01,218,26.845833333333335,22.8,32.2,30,0.30321575796925415,0.10335131426514949,moderada,spearman,"mensal: temperatura media diaria vs casos diarios, somente dias com casos"
2024-04-12,2024-04-01,224,25.929166666666667,23.4,29.3,30,0.30321575796925415,0.10335131426514949,moderada,spearman,"mensal: temperatura media diaria vs casos diarios, somente dias com casos"
2024-04-13,2024-04-01,74,25.533333333333335,21.7,30.6,30,0.30321575796925415,0.10335131426514949,moderada,spearman,"mensal: temperatura media diaria vs casos diarios, somente dias com casos"
2024-04-14,2024-04-01,53,24.120833333333337,21.5,26.6,30,0.30321575796925415,0.10335131426514949,moderada,spearman,"mensal: temperatura media diaria vs casos diarios, somente dias com casos"
2024-04-15,2024-04-01,292,25.65,22.1,29.8,30,0.30321575796925415,0.10335131426514949,moderada,spearman,"mensal: temperatura media diaria vs casos diarios, somente dias com casos"
2024-04-16,2024-04-01,292,24.816666666666663,22.2,28.5,30,0.30321575796925415,0.10335131426514949,moderada,spearman,"mensal: temperatura media diaria vs casos diarios, somente dias com casos"
2024-04-17,2024-04-01,190,25.579166666666666,21.6,31.7,30,0.30321575796925415,0.10335131426514949,moderada,spearman,"mensal: temperatura media diaria vs casos diarios, somente dias com casos"
2024-04-18,2024-04-01,216,23.6,20.6,27.3,30,0.30321575796925415,0.10335131426514949,moderada,spearman,"mensal: temperatura media diaria vs casos diarios, somente dias com casos"
2024-04-19,2024-04-01,115,23.0375,20.7,26.9,30,0.30321575796925415,0.10335131426514949,moderada,spearman,"mensal: temperatura media diaria vs casos diarios, somente dias com casos"
2024-04-20,2024-04-01,60,24.066666666666663,21.1,28.2,30,0.30321575796925415,0.10335131426514949,moderada,spearman,"mensal: temperatura media diaria vs casos diarios, somente dias com casos"
2024-04-21,2024-04-01,29,23.195833333333333,19,29.1,30,0.30321575796925415,0.10335131426514949,moderada,spearman,"mensal: temperatura media diaria vs casos diarios, somente dias com casos"
2024-04-22,2024-04-01,191,23.533333333333335,18.1,31.1,30,0.30321575796925415,0.10335131426514949,moderada,spearman,"mensal: temperatura media diaria vs casos diarios, somente dias com casos"
2024-04-23,2024-04-01,73,25.65,22.1,31.7,30,0.30321575796925415,0.10335131426514949,moderada,spearman,"mensal: temperatura media diaria vs casos diarios, somente dias com casos"
2024-04-24,2024-04-01,243,26.866666666666667,21.7,34.2,30,0.30321575796925415,0.10335131426514949,moderada,spearman,"mensal: temperatura media diaria vs casos diarios, somente dias com casos"
2024-04-25,2024-04-01,184,26.0375,23.2,31,30,0.30321575796925415,0.10335131426514949,moderada,spearman,"mensal: temperatura media diaria vs casos diarios, somente dias com casos"
2024-04-26,2024-04-01,219,25.120833333333337,23.6,27.5,30,0.30321575796925415,0.10335131426514949,moderada,spearman,"mensal: temperatura media diaria vs casos diarios, somente dias com casos"
2024-04-27,2024-04-01,58,24.758333333333333,22.2,28.7,30,0.30321575796925415,0.10335131426514949,moderada,spearman,"mensal: temperatura media diaria vs casos diarios, somente dias com casos"
2024-04-28,2024-04-01,39,26.15833333333333,21.2,33.8,30,0.30321575796925415,0.10335131426514949,moderada,spearman,"mensal: temperatura media diaria vs casos diarios, somente dias com casos"
2024-04-29,2024-04-01,237,25.804166666666667,21.3,31.8,30,0.30321575796925415,0.10335131426514949,moderada,spearman,"mensal: temperatura media diaria vs casos diarios, somente dias com casos"
2024-04-30,2024-04-01,291,25.425,21.8,31.2,30,0.30321575796925415,0.10335131426514949,moderada,spearman,"mensal: temperatura media diaria vs casos diarios, somente dias com casos"
2024-05-01,2024-05-01,67,25.245833333333337,21.8,31.4,31,0.15668481548699334,0.39992718434229546,fraca,spearman,"mensal: temperatura media diaria vs casos diarios, somente dias com casos"
2024-05-02,2024-05-01,159,26.245833333333337,21.2,34.8,31,0.15668481548699334,0.39992718434229546,fraca,spearman,"mensal: temperatura media diaria vs casos diarios, somente dias com casos"
2024-05-03,2024-05-01,232,27.1875,22,36,31,0.15668481548699334,0.39992718434229546,fraca,spearman,"mensal: temperatura media diaria vs casos diarios, somente dias com casos"
2024-05-04,2024-05-01,56,25.591666666666665,21.9,32,31,0.15668481548699334,0.39992718434229546,fraca,spearman,"mensal: temperatura media diaria vs casos diarios, somente dias com casos"
2024-05-05,2024-05-01,18,25.175,21.1,31.6,31,0.15668481548699334,0.39992718434229546,fraca,spearman,"mensal: temperatura media diaria vs casos diarios, somente dias com casos"
2024-05-06,2024-05-01,184,25.404166666666665,21.8,29.8,31,0.15668481548699334,0.39992718434229546,fraca,spearman,"mensal: temperatura media diaria vs casos diarios, somente dias com casos"
2024-05-07,2024-05-01,150,24.875,19.7,31.4,31,0.15668481548699334,0.39992718434229546,fraca,spearman,"mensal: temperatura media diaria vs casos diarios, somente dias com casos"
2024-05-08,2024-05-01,131,26.245833333333337,22.5,31.9,31,0.15668481548699334,0.39992718434229546,fraca,spearman,"mensal: temperatura media diaria vs casos diarios, somente dias com casos"
2024-05-09,2024-05-01,144,26.358333333333334,22.2,33.4,31,0.15668481548699334,0.39992718434229546,fraca,spearman,"mensal: temperatura media diaria vs casos diarios, somente dias com casos"
2024-05-10,2024-05-01,134,25.233333333333334,22,29.9,31,0.15668481548699334,0.39992718434229546,fraca,spearman,"mensal: temperatura media diaria vs casos diarios, somente dias com casos"
2024-05-11,2024-05-01,58,26.008333333333333,20.8,33.6,31,0.15668481548699334,0.39992718434229546,fraca,spearman,"mensal: temperatura media diaria vs casos diarios, somente dias com casos"
2024-05-12,2024-05-01,53,26.841666666666665,21.7,35.1,31,0.15668481548699334,0.39992718434229546,fraca,spearman,"mensal: temperatura media diaria vs casos diarios, somente dias com casos"
2024-05-13,2024-05-01,175,27.6875,22.1,35.6,31,0.15668481548699334,0.39992718434229546,fraca,spearman,"mensal: temperatura media diaria vs casos diarios, somente dias com casos"
2024-05-14,2024-05-01,156,25.2625,20.9,29.4,31,0.15668481548699334,0.39992718434229546,fraca,spearman,"mensal: temperatura media diaria vs casos diarios, somente dias com casos"
2024-05-15,2024-05-01,137,24.208333333333332,21.4,27.4,31,0.15668481548699334,0.39992718434229546,fraca,spearman,"mensal: temperatura media diaria vs casos diarios, somente dias com casos"
2024-05-16,2024-05-01,133,24.3625,21.7,29.7,31,0.15668481548699334,0.39992718434229546,fraca,spearman,"mensal: temperatura media diaria vs casos diarios, somente dias com casos"
2024-05-17,2024-05-01,101,26.1875,22,33.5,31,0.15668481548699334,0.39992718434229546,fraca,spearman,"mensal: temperatura media diaria vs casos diarios, somente dias com casos"
2024-05-18,2024-05-01,56,26.433333333333337,22.2,34.2,31,0.15668481548699334,0.39992718434229546,fraca,spearman,"mensal: temperatura media diaria vs casos diarios, somente dias com casos"
2024-05-19,2024-05-01,36,24.65416666666667,21.4,29.7,31,0.15668481548699334,0.39992718434229546,fraca,spearman,"mensal: temperatura media diaria vs casos diarios, somente dias com casos"
2024-05-20,2024-05-01,194,25.004166666666663,20.2,32,31,0.15668481548699334,0.39992718434229546,fraca,spearman,"mensal: temperatura media diaria vs casos diarios, somente dias com casos"
2024-05-21,2024-05-01,123,24.7,22.2,27.7,31,0.15668481548699334,0.39992718434229546,fraca,spearman,"mensal: temperatura media diaria vs casos diarios, somente dias com casos"
2024-05-22,2024-05-01,132,22.8875,18.9,27.1,31,0.15668481548699334,0.39992718434229546,fraca,spearman,"mensal: temperatura media diaria vs casos diarios, somente dias com casos"
2024-05-23,2024-05-01,155,24.095833333333335,19.7,31.5,31,0.15668481548699334,0.39992718434229546,fraca,spearman,"mensal: temperatura media diaria vs casos diarios, somente dias com casos"
2024-05-24,2024-05-01,128,25.504166666666663,20.8,33.3,31,0.15668481548699334,0.39992718434229546,fraca,spearman,"mensal: temperatura media diaria vs casos diarios, somente dias com casos"
2024-05-25,2024-05-01,74,24.229166666666668,20.6,29.5,31,0.15668481548699334,0.39992718434229546,fraca,spearman,"mensal: temperatura media diaria vs casos diarios, somente dias com casos"
2024-05-26,2024-05-01,44,22.416666666666668,19.9,25.1,31,0.15668481548699334,0.39992718434229546,fraca,spearman,"mensal: temperatura media diaria vs casos diarios, somente dias com casos"
2024-05-27,2024-05-01,206,21.9,19.4,25.5,31,0.15668481548699334,0.39992718434229546,fraca,spearman,"mensal: temperatura media diaria vs casos diarios, somente dias com casos"
2024-05-28,2024-05-01,105,24.3,20.6,30.4,31,0.15668481548699334,0.39992718434229546,fraca,spearman,"mensal: temperatura media diaria vs casos diarios, somente dias com casos"
2024-05-29,2024-05-01,108,22.954166666666666,21.2,25.9,31,0.15668481548699334,0.39992718434229546,fraca,spearman,"mensal: temperatura media diaria vs casos diarios, somente dias com casos"
2024-05-30,2024-05-01,45,20.679166666666667,19.3,22,31,0.15668481548699334,0.39992718434229546,fraca,spearman,"mensal: temperatura media diaria vs casos diarios, somente dias com casos"
2024-05-31,2024-05-01,88,19.633333333333333,14.1,26,31,0.15668481548699334,0.39992718434229546,fraca,spearman,"mensal: temperatura media diaria vs casos diarios, somente dias com casos"
2024-06-01,2024-06-01,54,21.65,19.3,25.4,30,0.07943925430315274,0.6764744220683242,muito fraca,spearman,"mensal: temperatura media diaria vs casos diarios, somente dias com casos"
2024-06-02,2024-06-01,43,21.025,16.5,27.6,30,0.07943925430315274,0.6764744220683242,muito fraca,spearman,"mensal: temperatura media diaria vs casos diarios, somente dias com casos"
2024-06-03,2024-06-01,177,22,17.1,28.6,30,0.07943925430315274,0.6764744220683242,muito fraca,spearman,"mensal: temperatura media diaria vs casos diarios, somente dias com casos"
2024-06-04,2024-06-01,183,22.35,18.2,28.2,30,0.07943925430315274,0.6764744220683242,muito fraca,spearman,"mensal: temperatura media diaria vs casos diarios, somente dias com casos"
2024-06-05,2024-06-01,124,21.875,20.1,25.4,30,0.07943925430315274,0.6764744220683242,muito fraca,spearman,"mensal: temperatura media diaria vs casos diarios, somente dias com casos"
2024-06-06,2024-06-01,157,21.375,17.9,26.2,30,0.07943925430315274,0.6764744220683242,muito fraca,spearman,"mensal: temperatura media diaria vs casos diarios, somente dias com casos"
2024-06-07,2024-06-01,83,21.991666666666667,17.7,28.1,30,0.07943925430315274,0.6764744220683242,muito fraca,spearman,"mensal: temperatura media diaria vs casos diarios, somente dias com casos"
2024-06-08,2024-06-01,94,22.179166666666667,18.2,27.1,30,0.07943925430315274,0.6764744220683242,muito fraca,spearman,"mensal: temperatura media diaria vs casos diarios, somente dias com casos"
2024-06-09,2024-06-01,28,21.920833333333334,18,27.8,30,0.07943925430315274,0.6764744220683242,muito fraca,spearman,"mensal: temperatura media diaria vs casos diarios, somente dias com casos"
2024-06-10,2024-06-01,244,23.0125,18.3,30.7,30,0.07943925430315274,0.6764744220683242,muito fraca,spearman,"mensal: temperatura media diaria vs casos diarios, somente dias com casos"
2024-06-11,2024-06-01,164,22.408333333333335,17,30.7,30,0.07943925430315274,0.6764744220683242,muito fraca,spearman,"mensal: temperatura media diaria vs casos diarios, somente dias com casos"
2024-06-12,2024-06-01,73,21.329166666666666,15.5,28.2,30,0.07943925430315274,0.6764744220683242,muito fraca,spearman,"mensal: temperatura media diaria vs casos diarios, somente dias com casos"
2024-06-13,2024-06-01,101,22.191666666666663,17.1,29.9,30,0.07943925430315274,0.6764744220683242,muito fraca,spearman,"mensal: temperatura media diaria vs casos diarios, somente dias com casos"
2024-06-14,2024-06-01,74,23.3375,18,30.3,30,0.07943925430315274,0.6764744220683242,muito fraca,spearman,"mensal: temperatura media diaria vs casos diarios, somente dias com casos"
2024-06-15,2024-06-01,39,23,17,30.9,30,0.07943925430315274,0.6764744220683242,muito fraca,spearman,"mensal: temperatura media diaria vs casos diarios, somente dias com casos"
2024-06-16,2024-06-01,49,23.029166666666665,18,30.4,30,0.07943925430315274,0.6764744220683242,muito fraca,spearman,"mensal: temperatura media diaria vs casos diarios, somente dias com casos"
2024-06-17,2024-06-01,117,23.666666666666668,18.6,31.1,30,0.07943925430315274,0.6764744220683242,muito fraca,spearman,"mensal: temperatura media diaria vs casos diarios, somente dias com casos"
2024-06-18,2024-06-01,101,23.341666666666665,18.7,31,30,0.07943925430315274,0.6764744220683242,muito fraca,spearman,"mensal: temperatura media diaria vs casos diarios, somente dias com casos"
2024-06-19,2024-06-01,95,24.333333333333332,20.4,31.5,30,0.07943925430315274,0.6764744220683242,muito fraca,spearman,"mensal: temperatura media diaria vs casos diarios, somente dias com casos"
2024-06-20,2024-06-01,131,24.616666666666667,19.7,32.1,30,0.07943925430315274,0.6764744220683242,muito fraca,spearman,"mensal: temperatura media diaria vs casos diarios, somente dias com casos"
2024-06-21,2024-06-01,69,22.620833333333337,17.5,29.9,30,0.07943925430315274,0.6764744220683242,muito fraca,spearman,"mensal: temperatura media diaria vs casos diarios, somente dias com casos"
2024-06-22,2024-06-01,39,22.745833333333337,17.8,27.9,30,0.07943925430315274,0.6764744220683242,muito fraca,spearman,"mensal: temperatura media diaria vs casos diarios, somente dias com casos"
2024-06-23,2024-06-01,42,24.408333333333335,19.9,30.8,30,0.07943925430315274,0.6764744220683242,muito fraca,spearman,"mensal: temperatura media diaria vs casos diarios, somente dias com casos"
2024-06-24,2024-06-01,115,24.575,19.7,32,30,0.07943925430315274,0.6764744220683242,muito fraca,spearman,"mensal: temperatura media diaria vs casos diarios, somente dias com casos"
2024-06-25,2024-06-01,167,23.379166666666663,18.4,30.2,30,0.07943925430315274,0.6764744220683242,muito fraca,spearman,"mensal: temperatura media diaria vs casos diarios, somente dias com casos"
2024-06-26,2024-06-01,152,24.354166666666668,20.1,31.6,30,0.07943925430315274,0.6764744220683242,muito fraca,spearman,"mensal: temperatura media diaria vs casos diarios, somente dias com casos"
2024-06-27,2024-06-01,63,23.729166666666668,20.2,29.3,30,0.07943925430315274,0.6764744220683242,muito fraca,spearman,"mensal: temperatura media diaria vs casos diarios, somente dias com casos"
2024-06-28,2024-06-01,56,24.716666666666665,21.3,31.2,30,0.07943925430315274,0.6764744220683242,muito fraca,spearman,"mensal: temperatura media diaria vs casos diarios, somente dias com casos"
2024-06-29,2024-06-01,44,24.791666666666668,19.6,33.9,30,0.07943925430315274,0.6764744220683242,muito fraca,spearman,"mensal: temperatura media diaria vs casos diarios, somente dias com casos"
2024-06-30,2024-06-01,21,21.716666666666665,19.8,23.1,30,0.07943925430315274,0.6764744220683242,muito fraca,spearman,"mensal: temperatura media diaria vs casos diarios, somente dias com casos"
2024-07-01,2024-07-01,138,19.8,18.3,22.4,31,-0.06191388808051165,0.7407400410215643,muito fraca,spearman,"mensal: temperatura media diaria vs casos diarios, somente dias com casos"
2024-07-02,2024-07-01,138,21.325,18.3,25.6,31,-0.06191388808051165,0.7407400410215643,muito fraca,spearman,"mensal: temperatura media diaria vs casos diarios, somente dias com casos"
2024-07-03,2024-07-01,44,22.4625,18.2,29.5,31,-0.06191388808051165,0.7407400410215643,muito fraca,spearman,"mensal: temperatura media diaria vs casos diarios, somente dias com casos"
2024-07-04,2024-07-01,64,23.420833333333334,17.6,32.3,31,-0.06191388808051165,0.7407400410215643,muito fraca,spearman,"mensal: temperatura media diaria vs casos diarios, somente dias com casos"
2024-07-05,2024-07-01,49,21.820833333333333,16,30,31,-0.06191388808051165,0.7407400410215643,muito fraca,spearman,"mensal: temperatura media diaria vs casos diarios, somente dias com casos"
2024-07-06,2024-07-01,24,21.466666666666665,16,27.5,31,-0.06191388808051165,0.7407400410215643,muito fraca,spearman,"mensal: temperatura media diaria vs casos diarios, somente dias com casos"
2024-07-07,2024-07-01,20,21.775,16.8,30.2,31,-0.06191388808051165,0.7407400410215643,muito fraca,spearman,"mensal: temperatura media diaria vs casos diarios, somente dias com casos"
2024-07-08,2024-07-01,94,21.916666666666668,18,27.1,31,-0.06191388808051165,0.7407400410215643,muito fraca,spearman,"mensal: temperatura media diaria vs casos diarios, somente dias com casos"
2024-07-09,2024-07-01,96,23.370833333333337,20.3,27.8,31,-0.06191388808051165,0.7407400410215643,muito fraca,spearman,"mensal: temperatura media diaria vs casos diarios, somente dias com casos"
2024-07-10,2024-07-01,69,23.7375,18.9,30.8,31,-0.06191388808051165,0.7407400410215643,muito fraca,spearman,"mensal: temperatura media diaria vs casos diarios, somente dias com casos"
2024-07-11,2024-07-01,53,23.120833333333337,20.3,28,31,-0.06191388808051165,0.7407400410215643,muito fraca,spearman,"mensal: temperatura media diaria vs casos diarios, somente dias com casos"
2024-07-12,2024-07-01,32,23.270833333333332,20.2,27.9,31,-0.06191388808051165,0.7407400410215643,muito fraca,spearman,"mensal: temperatura media diaria vs casos diarios, somente dias com casos"
2024-07-13,2024-07-01,17,23.133333333333333,19.7,27,31,-0.06191388808051165,0.7407400410215643,muito fraca,spearman,"mensal: temperatura media diaria vs casos diarios, somente dias com casos"
2024-07-14,2024-07-01,21,23.1125,18.8,29.7,31,-0.06191388808051165,0.7407400410215643,muito fraca,spearman,"mensal: temperatura media diaria vs casos diarios, somente dias com casos"
2024-07-15,2024-07-01,50,21.633333333333333,17.5,26,31,-0.06191388808051165,0.7407400410215643,muito fraca,spearman,"mensal: temperatura media diaria vs casos diarios, somente dias com casos"
2024-07-16,2024-07-01,46,21.8,17.2,27.5,31,-0.06191388808051165,0.7407400410215643,muito fraca,spearman,"mensal: temperatura media diaria vs casos diarios, somente dias com casos"
2024-07-17,2024-07-01,88,21.341666666666665,18.3,26.8,31,-0.06191388808051165,0.7407400410215643,muito fraca,spearman,"mensal: temperatura media diaria vs casos diarios, somente dias com casos"
2024-07-18,2024-07-01,58,22.883333333333333,18.5,31.2,31,-0.06191388808051165,0.7407400410215643,muito fraca,spearman,"mensal: temperatura media diaria vs casos diarios, somente dias com casos"
2024-07-19,2024-07-01,59,20.7375,16.4,25.1,31,-0.06191388808051165,0.7407400410215643,muito fraca,spearman,"mensal: temperatura media diaria vs casos diarios, somente dias com casos"
2024-07-20,2024-07-01,23,19.775,14.6,26.2,31,-0.06191388808051165,0.7407400410215643,muito fraca,spearman,"mensal: temperatura media diaria vs casos diarios, somente dias com casos"
2024-07-21,2024-07-01,31,20.65,16.4,26.8,31,-0.06191388808051165,0.7407400410215643,muito fraca,spearman,"mensal: temperatura media diaria vs casos diarios, somente dias com casos"
2024-07-22,2024-07-01,67,21.5625,16.2,30.3,31,-0.06191388808051165,0.7407400410215643,muito fraca,spearman,"mensal: temperatura media diaria vs casos diarios, somente dias com casos"
2024-07-23,2024-07-01,76,21.016666666666666,15.9,26.6,31,-0.06191388808051165,0.7407400410215643,muito fraca,spearman,"mensal: temperatura media diaria vs casos diarios, somente dias com casos"
2024-07-24,2024-07-01,62,20.304166666666667,14.7,27.1,31,-0.06191388808051165,0.7407400410215643,muito fraca,spearman,"mensal: temperatura media diaria vs casos diarios, somente dias com casos"
2024-07-25,2024-07-01,40,21.3625,16,29.2,31,-0.06191388808051165,0.7407400410215643,muito fraca,spearman,"mensal: temperatura media diaria vs casos diarios, somente dias com casos"
2024-07-26,2024-07-01,37,22.429166666666667,15.8,31.1,31,-0.06191388808051165,0.7407400410215643,muito fraca,spearman,"mensal: temperatura media diaria vs casos diarios, somente dias com casos"
2024-07-27,2024-07-01,39,22.925,15.8,31.7,31,-0.06191388808051165,0.7407400410215643,muito fraca,spearman,"mensal: temperatura media diaria vs casos diarios, somente dias com casos"
2024-07-28,2024-07-01,23,23.929166666666667,17.6,32.3,31,-0.06191388808051165,0.7407400410215643,muito fraca,spearman,"mensal: temperatura media diaria vs casos diarios, somente dias com casos"
2024-07-29,2024-07-01,68,24.683333333333337,19.5,34.2,31,-0.06191388808051165,0.7407400410215643,muito fraca,spearman,"mensal: temperatura media diaria vs casos diarios, somente dias com casos"
2024-07-30,2024-07-01,40,21.6625,18.5,25,31,-0.06191388808051165,0.7407400410215643,muito fraca,spearman,"mensal: temperatura media diaria vs casos diarios, somente dias com casos"
2024-07-31,2024-07-01,30,19.995833333333337,17.7,25.2,31,-0.06191388808051165,0.7407400410215643,muito fraca,spearman,"mensal: temperatura media diaria vs casos diarios, somente dias com casos"
2024-08-01,2024-08-01,49,20.808333333333337,17.3,24.8,31,-0.11775418364967095,0.5281150992529662,fraca,spearman,"mensal: temperatura media diaria vs casos diarios, somente dias com casos"
2024-08-02,2024-08-01,28,19.825,15,25.8,31,-0.11775418364967095,0.5281150992529662,fraca,spearman,"mensal: temperatura media diaria vs casos diarios, somente dias com casos"
2024-08-03,2024-08-01,25,20.854166666666668,18.9,23.8,31,-0.11775418364967095,0.5281150992529662,fraca,spearman,"mensal: temperatura media diaria vs casos diarios, somente dias com casos"
2024-08-04,2024-08-01,23,22.720833333333335,18.9,28.3,31,-0.11775418364967095,0.5281150992529662,fraca,spearman,"mensal: temperatura media diaria vs casos diarios, somente dias com casos"
2024-08-05,2024-08-01,28,23.220833333333335,19.2,29.6,31,-0.11775418364967095,0.5281150992529662,fraca,spearman,"mensal: temperatura media diaria vs casos diarios, somente dias com casos"
2024-08-06,2024-08-01,21,23.204166666666666,18.4,30.1,31,-0.11775418364967095,0.5281150992529662,fraca,spearman,"mensal: temperatura media diaria vs casos diarios, somente dias com casos"
2024-08-07,2024-08-01,56,23.354166666666668,18.6,30.1,31,-0.11775418364967095,0.5281150992529662,fraca,spearman,"mensal: temperatura media diaria vs casos diarios, somente dias com casos"
2024-08-08,2024-08-01,41,24.345833333333335,18.7,33.7,31,-0.11775418364967095,0.5281150992529662,fraca,spearman,"mensal: temperatura media diaria vs casos diarios, somente dias com casos"
2024-08-09,2024-08-01,36,23.166666666666668,19.2,28.8,31,-0.11775418364967095,0.5281150992529662,fraca,spearman,"mensal: temperatura media diaria vs casos diarios, somente dias com casos"
2024-08-10,2024-08-01,15,20.004166666666663,16.2,23.1,31,-0.11775418364967095,0.5281150992529662,fraca,spearman,"mensal: temperatura media diaria vs casos diarios, somente dias com casos"
2024-08-11,2024-08-01,20,18.729166666666668,13.8,23.6,31,-0.11775418364967095,0.5281150992529662,fraca,spearman,"mensal: temperatura media diaria vs casos diarios, somente dias com casos"
2024-08-12,2024-08-01,36,20.508333333333333,15.8,29,31,-0.11775418364967095,0.5281150992529662,fraca,spearman,"mensal: temperatura media diaria vs casos diarios, somente dias com casos"
2024-08-13,2024-08-01,34,19.0375,15.6,23.4,31,-0.11775418364967095,0.5281150992529662,fraca,spearman,"mensal: temperatura media diaria vs casos diarios, somente dias com casos"
2024-08-14,2024-08-01,36,18.204166666666666,12.1,26,31,-0.11775418364967095,0.5281150992529662,fraca,spearman,"mensal: temperatura media diaria vs casos diarios, somente dias com casos"
2024-08-15,2024-08-01,29,21.020833333333332,16,28.1,31,-0.11775418364967095,0.5281150992529662,fraca,spearman,"mensal: temperatura media diaria vs casos diarios, somente dias com casos"
2024-08-16,2024-08-01,15,22.241666666666667,16.3,30.3,31,-0.11775418364967095,0.5281150992529662,fraca,spearman,"mensal: temperatura media diaria vs casos diarios, somente dias com casos"
2024-08-17,2024-08-01,18,23.179166666666667,16.8,33.1,31,-0.11775418364967095,0.5281150992529662,fraca,spearman,"mensal: temperatura media diaria vs casos diarios, somente dias com casos"
2024-08-18,2024-08-01,25,22.204166666666666,16.9,28.4,31,-0.11775418364967095,0.5281150992529662,fraca,spearman,"mensal: temperatura media diaria vs casos diarios, somente dias com casos"
2024-08-19,2024-08-01,45,23.45,18.1,31,31,-0.11775418364967095,0.5281150992529662,fraca,spearman,"mensal: temperatura media diaria vs casos diarios, somente dias com casos"
2024-08-20,2024-08-01,26,25.075,18.9,35.3,31,-0.11775418364967095,0.5281150992529662,fraca,spearman,"mensal: temperatura media diaria vs casos diarios, somente dias com casos"
2024-08-21,2024-08-01,34,22.825,18.9,28.3,31,-0.11775418364967095,0.5281150992529662,fraca,spearman,"mensal: temperatura media diaria vs casos diarios, somente dias com casos"
2024-08-22,2024-08-01,15,23.420833333333334,18.5,32.2,31,-0.11775418364967095,0.5281150992529662,fraca,spearman,"mensal: temperatura media diaria vs casos diarios, somente dias com casos"
2024-08-23,2024-08-01,62,24.6125,19.1,33.1,31,-0.11775418364967095,0.5281150992529662,fraca,spearman,"mensal: temperatura media diaria vs casos diarios, somente dias com casos"
2024-08-24,2024-08-01,4,23.433333333333337,19.9,29.5,31,-0.11775418364967095,0.5281150992529662,fraca,spearman,"mensal: temperatura media diaria vs casos diarios, somente dias com casos"
2024-08-25,2024-08-01,15,22.8625,20,27.9,31,-0.11775418364967095,0.5281150992529662,fraca,spearman,"mensal: temperatura media diaria vs casos diarios, somente dias com casos"
2024-08-26,2024-08-01,40,17.3,15.8,20.3,31,-0.11775418364967095,0.5281150992529662,fraca,spearman,"mensal: temperatura media diaria vs casos diarios, somente dias com casos"
2024-08-27,2024-08-01,52,18.445833333333333,16.1,21.6,31,-0.11775418364967095,0.5281150992529662,fraca,spearman,"mensal: temperatura media diaria vs casos diarios, somente dias com casos"
2024-08-28,2024-08-01,55,20.175,16.4,26.5,31,-0.11775418364967095,0.5281150992529662,fraca,spearman,"mensal: temperatura media diaria vs casos diarios, somente dias com casos"
2024-08-29,2024-08-01,45,20.254166666666663,15.3,26.6,31,-0.11775418364967095,0.5281150992529662,fraca,spearman,"mensal: temperatura media diaria vs casos diarios, somente dias com casos"
2024-08-30,2024-08-01,27,21.545833333333334,15.8,30.1,31,-0.11775418364967095,0.5281150992529662,fraca,spearman,"mensal: temperatura media diaria vs casos diarios, somente dias com casos"
2024-08-31,2024-08-01,11,22.1875,15.8,32.1,31,-0.11775418364967095,0.5281150992529662,fraca,spearman,"mensal: temperatura media diaria vs casos diarios, somente dias com casos"
2024-09-01,2024-09-01,23,22.845833333333335,17.8,29.8,30,-0.18092801720205523,0.3386666430264855,fraca,spearman,"mensal: temperatura media diaria vs casos diarios, somente dias com casos"
2024-09-02,2024-09-01,73,23.991666666666667,18.6,35.6,30,-0.18092801720205523,0.3386666430264855,fraca,spearman,"mensal: temperatura media diaria vs casos diarios, somente dias com casos"
2024-09-03,2024-09-01,78,22.916666666666668,20.6,28.1,30,-0.18092801720205523,0.3386666430264855,fraca,spearman,"mensal: temperatura media diaria vs casos diarios, somente dias com casos"
2024-09-04,2024-09-01,55,24.629166666666663,21.5,31.6,30,-0.18092801720205523,0.3386666430264855,fraca,spearman,"mensal: temperatura media diaria vs casos diarios, somente dias com casos"
2024-09-05,2024-09-01,19,25.216666666666665,21.7,33.3,30,-0.18092801720205523,0.3386666430264855,fraca,spearman,"mensal: temperatura media diaria vs casos diarios, somente dias com casos"
2024-09-06,2024-09-01,45,24.208333333333332,21.9,28.6,30,-0.18092801720205523,0.3386666430264855,fraca,spearman,"mensal: temperatura media diaria vs casos diarios, somente dias com casos"
2024-09-07,2024-09-01,19,24.21666666666667,20.8,31.2,30,-0.18092801720205523,0.3386666430264855,fraca,spearman,"mensal: temperatura media diaria vs casos diarios, somente dias com casos"
2024-09-08,2024-09-01,8,24.45,19.9,29.6,30,-0.18092801720205523,0.3386666430264855,fraca,spearman,"mensal: temperatura media diaria vs casos diarios, somente dias com casos"
2024-09-09,2024-09-01,52,24.641666666666666,22.4,29.1,30,-0.18092801720205523,0.3386666430264855,fraca,spearman,"mensal: temperatura media diaria vs casos diarios, somente dias com casos"
2024-09-10,2024-09-01,26,24.620833333333337,18.8,31.9,30,-0.18092801720205523,0.3386666430264855,fraca,spearman,"mensal: temperatura media diaria vs casos diarios, somente dias com casos"
2024-09-11,2024-09-01,33,24.829166666666666,19.2,33.1,30,-0.18092801720205523,0.3386666430264855,fraca,spearman,"mensal: temperatura media diaria vs casos diarios, somente dias com casos"
2024-09-12,2024-09-01,36,24.804166666666667,20,31.8,30,-0.18092801720205523,0.3386666430264855,fraca,spearman,"mensal: temperatura media diaria vs casos diarios, somente dias com casos"
2024-09-13,2024-09-01,30,24.845833333333335,19.8,31.5,30,-0.18092801720205523,0.3386666430264855,fraca,spearman,"mensal: temperatura media diaria vs casos diarios, somente dias com casos"
2024-09-14,2024-09-01,10,25.333333333333332,20.4,33,30,-0.18092801720205523,0.3386666430264855,fraca,spearman,"mensal: temperatura media diaria vs casos diarios, somente dias com casos"
2024-09-15,2024-09-01,16,24.204166666666666,20.4,28.8,30,-0.18092801720205523,0.3386666430264855,fraca,spearman,"mensal: temperatura media diaria vs casos diarios, somente dias com casos"
2024-09-16,2024-09-01,34,24.995833333333337,21,32.5,30,-0.18092801720205523,0.3386666430264855,fraca,spearman,"mensal: temperatura media diaria vs casos diarios, somente dias com casos"
2024-09-17,2024-09-01,20,22.216666666666665,20,23.4,30,-0.18092801720205523,0.3386666430264855,fraca,spearman,"mensal: temperatura media diaria vs casos diarios, somente dias com casos"
2024-09-18,2024-09-01,33,21.433333333333337,17.7,24.9,30,-0.18092801720205523,0.3386666430264855,fraca,spearman,"mensal: temperatura media diaria vs casos diarios, somente dias com casos"
2024-09-19,2024-09-01,32,22.683333333333337,19.8,26.4,30,-0.18092801720205523,0.3386666430264855,fraca,spearman,"mensal: temperatura media diaria vs casos diarios, somente dias com casos"
2024-09-20,2024-09-01,12,24.541666666666668,22,28.8,30,-0.18092801720205523,0.3386666430264855,fraca,spearman,"mensal: temperatura media diaria vs casos diarios, somente dias com casos"
2024-09-21,2024-09-01,7,25.358333333333334,22,31.7,30,-0.18092801720205523,0.3386666430264855,fraca,spearman,"mensal: temperatura media diaria vs casos diarios, somente dias com casos"
2024-09-22,2024-09-01,18,25.308333333333337,22.2,29.6,30,-0.18092801720205523,0.3386666430264855,fraca,spearman,"mensal: temperatura media diaria vs casos diarios, somente dias com casos"
2024-09-23,2024-09-01,21,25.370833333333337,20.7,31,30,-0.18092801720205523,0.3386666430264855,fraca,spearman,"mensal: temperatura media diaria vs casos diarios, somente dias com casos"
2024-09-24,2024-09-01,24,25.170833333333334,20.3,30.4,30,-0.18092801720205523,0.3386666430264855,fraca,spearman,"mensal: temperatura media diaria vs casos diarios, somente dias com casos"
2024-09-25,2024-09-01,17,25.495833333333337,21.2,31.6,30,-0.18092801720205523,0.3386666430264855,fraca,spearman,"mensal: temperatura media diaria vs casos diarios, somente dias com casos"
2024-09-26,2024-09-01,26,25.7625,21.9,31.1,30,-0.18092801720205523,0.3386666430264855,fraca,spearman,"mensal: temperatura media diaria vs casos diarios, somente dias com casos"
2024-09-27,2024-09-01,11,26.4,21.2,35.5,30,-0.18092801720205523,0.3386666430264855,fraca,spearman,"mensal: temperatura media diaria vs casos diarios, somente dias com casos"
2024-09-28,2024-09-01,1,24.366666666666667,22.3,28.6,30,-0.18092801720205523,0.3386666430264855,fraca,spearman,"mensal: temperatura media diaria vs casos diarios, somente dias com casos"
2024-09-29,2024-09-01,2,23.666666666666664,20.7,27.5,30,-0.18092801720205523,0.3386666430264855,fraca,spearman,"mensal: temperatura media diaria vs casos diarios, somente dias com casos"
2024-09-30,2024-09-01,14,22.645833333333332,18.8,26.7,30,-0.18092801720205523,0.3386666430264855,fraca,spearman,"mensal: temperatura media diaria vs casos diarios, somente dias com casos"
2024-10-01,2024-10-01,26,25.141666666666666,20.6,30.9,29,0.0138289142487827,0.9432398241858775,muito fraca,spearman,"mensal: temperatura media diaria vs casos diarios, somente dias com casos"
2024-10-02,2024-10-01,11,26.133333333333333,20.2,35,29,0.0138289142487827,0.9432398241858775,muito fraca,spearman,"mensal: temperatura media diaria vs casos diarios, somente dias com casos"
2024-10-03,2024-10-01,27,25.2875,21.7,32.2,29,0.0138289142487827,0.9432398241858775,muito fraca,spearman,"mensal: temperatura media diaria vs casos diarios, somente dias com casos"
2024-10-04,2024-10-01,12,23.6625,20,28,29,0.0138289142487827,0.9432398241858775,muito fraca,spearman,"mensal: temperatura media diaria vs casos diarios, somente dias com casos"
2024-10-06,2024-10-01,5,20.991666666666667,16.4,25.9,29,0.0138289142487827,0.9432398241858775,muito fraca,spearman,"mensal: temperatura media diaria vs casos diarios, somente dias com casos"
2024-10-07,2024-10-01,24,23.079166666666666,19.4,29.2,29,0.0138289142487827,0.9432398241858775,muito fraca,spearman,"mensal: temperatura media diaria vs casos diarios, somente dias com casos"
2024-10-08,2024-10-01,17,22.708333333333332,17.9,28.3,29,0.0138289142487827,0.9432398241858775,muito fraca,spearman,"mensal: temperatura media diaria vs casos diarios, somente dias com casos"
2024-10-09,2024-10-01,7,25.558333333333337,22.6,29.8,29,0.0138289142487827,0.9432398241858775,muito fraca,spearman,"mensal: temperatura media diaria vs casos diarios, somente dias com casos"
2024-10-10,2024-10-01,37,22.325,21.1,24,29,0.0138289142487827,0.9432398241858775,muito fraca,spearman,"mensal: temperatura media diaria vs casos diarios, somente dias com casos"
2024-10-11,2024-10-01,13,22.3125,20.9,24.1,29,0.0138289142487827,0.9432398241858775,muito fraca,spearman,"mensal: temperatura media diaria vs casos diarios, somente dias com casos"
2024-10-12,2024-10-01,5,24.979166666666668,23,29,29,0.0138289142487827,0.9432398241858775,muito fraca,spearman,"mensal: temperatura media diaria vs casos diarios, somente dias com casos"
2024-10-13,2024-10-01,8,24.2125,22,27.7,29,0.0138289142487827,0.9432398241858775,muito fraca,spearman,"mensal: temperatura media diaria vs casos diarios, somente dias com casos"
2024-10-14,2024-10-01,10,23.09583333333333,20.9,26.4,29,0.0138289142487827,0.9432398241858775,muito fraca,spearman,"mensal: temperatura media diaria vs casos diarios, somente dias com casos"
2024-10-15,2024-10-01,9,22.479166666666668,18.6,27.1,29,0.0138289142487827,0.9432398241858775,muito fraca,spearman,"mensal: temperatura media diaria vs casos diarios, somente dias com casos"
2024-10-16,2024-10-01,13,23.970833333333335,20,30.6,29,0.0138289142487827,0.9432398241858775,muito fraca,spearman,"mensal: temperatura media diaria vs casos diarios, somente dias com casos"
2024-10-17,2024-10-01,6,25.395833333333332,21.8,30.2,29,0.0138289142487827,0.9432398241858775,muito fraca,spearman,"mensal: temperatura media diaria vs casos diarios, somente dias com casos"
2024-10-18,2024-10-01,6,25.445833333333333,22.7,31.1,29,0.0138289142487827,0.9432398241858775,muito fraca,spearman,"mensal: temperatura media diaria vs casos diarios, somente dias com casos"
2024-10-20,2024-10-01,1,22.225,20.9,23.9,29,0.0138289142487827,0.9432398241858775,muito fraca,spearman,"mensal: temperatura media diaria vs casos diarios, somente dias com casos"
2024-10-21,2024-10-01,27,23.7375,21.4,27.4,29,0.0138289142487827,0.9432398241858775,muito fraca,spearman,"mensal: temperatura media diaria vs casos diarios, somente dias com casos"
2024-10-22,2024-10-01,18,25.208333333333332,20.9,30.8,29,0.0138289142487827,0.9432398241858775,muito fraca,spearman,"mensal: temperatura media diaria vs casos diarios, somente dias com casos"
2024-10-23,2024-10-01,14,27.195833333333333,22.6,34.7,29,0.0138289142487827,0.9432398241858775,muito fraca,spearman,"mensal: temperatura media diaria vs casos diarios, somente dias com casos"
2024-10-24,2024-10-01,21,27.020833333333332,22.9,32.4,29,0.0138289142487827,0.9432398241858775,muito fraca,spearman,"mensal: temperatura media diaria vs casos diarios, somente dias com casos"
2024-10-25,2024-10-01,11,26.6,23.5,32.8,29,0.0138289142487827,0.9432398241858775,muito fraca,spearman,"mensal: temperatura media diaria vs casos diarios, somente dias com casos"
2024-10-26,2024-10-01,4,29.65,25.1,37.5,29,0.0138289142487827,0.9432398241858775,muito fraca,spearman,"mensal: temperatura media diaria vs casos diarios, somente dias com casos"
2024-10-27,2024-10-01,6,24.195833333333333,22,26.4,29,0.0138289142487827,0.9432398241858775,muito fraca,spearman,"mensal: temperatura media diaria vs casos diarios, somente dias com casos"
2024-10-28,2024-10-01,5,21.9,20.8,23.3,29,0.0138289142487827,0.9432398241858775,muito fraca,spearman,"mensal: temperatura media diaria vs casos diarios, somente dias com casos"
2024-10-29,2024-10-01,14,21.070833333333333,20.4,22.5,29,0.0138289142487827,0.9432398241858775,muito fraca,spearman,"mensal: temperatura media diaria vs casos diarios, somente dias com casos"
2024-10-30,2024-10-01,13,23.279166666666665,20.7,27.5,29,0.0138289142487827,0.9432398241858775,muito fraca,spearman,"mensal: temperatura media diaria vs casos diarios, somente dias com casos"
2024-10-31,2024-10-01,13,23.675,19.6,28.4,29,0.0138289142487827,0.9432398241858775,muito fraca,spearman,"mensal: temperatura media diaria vs casos diarios, somente dias com casos"
2024-11-01,2024-11-01,92,23.9125,19.5,28.7,27,0.10978611753142542,0.5856681766794555,fraca,spearman,"mensal: temperatura media diaria vs casos diarios, somente dias com casos"
2024-11-04,2024-11-01,29,25.445833333333333,22.8,28.6,27,0.10978611753142542,0.5856681766794555,fraca,spearman,"mensal: temperatura media diaria vs casos diarios, somente dias com casos"
2024-11-05,2024-11-01,54,24.120833333333337,22.6,26.4,27,0.10978611753142542,0.5856681766794555,fraca,spearman,"mensal: temperatura media diaria vs casos diarios, somente dias com casos"
2024-11-06,2024-11-01,12,25.808333333333337,22.9,30,27,0.10978611753142542,0.5856681766794555,fraca,spearman,"mensal: temperatura media diaria vs casos diarios, somente dias com casos"
2024-11-07,2024-11-01,8,25.97083333333333,22.4,30.2,27,0.10978611753142542,0.5856681766794555,fraca,spearman,"mensal: temperatura media diaria vs casos diarios, somente dias com casos"
2024-11-08,2024-11-01,10,26.47083333333333,23.5,30.9,27,0.10978611753142542,0.5856681766794555,fraca,spearman,"mensal: temperatura media diaria vs casos diarios, somente dias com casos"
2024-11-09,2024-11-01,5,22.8875,21.9,25.8,27,0.10978611753142542,0.5856681766794555,fraca,spearman,"mensal: temperatura media diaria vs casos diarios, somente dias com casos"
2024-11-10,2024-11-01,5,23.370833333333337,20.8,26.8,27,0.10978611753142542,0.5856681766794555,fraca,spearman,"mensal: temperatura media diaria vs casos diarios, somente dias com casos"
2024-11-11,2024-11-01,17,23.345833333333335,19,28.9,27,0.10978611753142542,0.5856681766794555,fraca,spearman,"mensal: temperatura media diaria vs casos diarios, somente dias com casos"
2024-11-12,2024-11-01,16,26.083333333333332,20.1,34.8,27,0.10978611753142542,0.5856681766794555,fraca,spearman,"mensal: temperatura media diaria vs casos diarios, somente dias com casos"
2024-11-13,2024-11-01,16,24.104166666666668,21.5,28.4,27,0.10978611753142542,0.5856681766794555,fraca,spearman,"mensal: temperatura media diaria vs casos diarios, somente dias com casos"
2024-11-14,2024-11-01,20,21.45,19.4,23.8,27,0.10978611753142542,0.5856681766794555,fraca,spearman,"mensal: temperatura media diaria vs casos diarios, somente dias com casos"
2024-11-15,2024-11-01,7,24.241666666666667,20.4,29.8,27,0.10978611753142542,0.5856681766794555,fraca,spearman,"mensal: temperatura media diaria vs casos diarios, somente dias com casos"
2024-11-16,2024-11-01,5,25.266666666666666,22.2,28.9,27,0.10978611753142542,0.5856681766794555,fraca,spearman,"mensal: temperatura media diaria vs casos diarios, somente dias com casos"
2024-11-18,2024-11-01,8,25.625,21.3,31.1,27,0.10978611753142542,0.5856681766794555,fraca,spearman,"mensal: temperatura media diaria vs casos diarios, somente dias com casos"
2024-11-19,2024-11-01,14,26.6625,22.4,33.8,27,0.10978611753142542,0.5856681766794555,fraca,spearman,"mensal: temperatura media diaria vs casos diarios, somente dias com casos"
2024-11-20,2024-11-01,9,26.533333333333335,22.8,33.9,27,0.10978611753142542,0.5856681766794555,fraca,spearman,"mensal: temperatura media diaria vs casos diarios, somente dias com casos"
2024-11-21,2024-11-01,12,25.0875,24.1,26.7,27,0.10978611753142542,0.5856681766794555,fraca,spearman,"mensal: temperatura media diaria vs casos diarios, somente dias com casos"
2024-11-22,2024-11-01,13,23.85,22.2,26.7,27,0.10978611753142542,0.5856681766794555,fraca,spearman,"mensal: temperatura media diaria vs casos diarios, somente dias com casos"
2024-11-23,2024-11-01,3,21.920833333333334,19.3,24.8,27,0.10978611753142542,0.5856681766794555,fraca,spearman,"mensal: temperatura media diaria vs casos diarios, somente dias com casos"
2024-11-24,2024-11-01,2,20.6625,17.5,24.3,27,0.10978611753142542,0.5856681766794555,fraca,spearman,"mensal: temperatura media diaria vs casos diarios, somente dias com casos"
2024-11-25,2024-11-01,28,22.070833333333333,18.1,25.6,27,0.10978611753142542,0.5856681766794555,fraca,spearman,"mensal: temperatura media diaria vs casos diarios, somente dias com casos"
2024-11-26,2024-11-01,6,23.725,19,29.1,27,0.10978611753142542,0.5856681766794555,fraca,spearman,"mensal: temperatura media diaria vs casos diarios, somente dias com casos"
2024-11-27,2024-11-01,15,25.895833333333332,19.5,34.4,27,0.10978611753142542,0.5856681766794555,fraca,spearman,"mensal: temperatura media diaria vs casos diarios, somente dias com casos"
2024-11-28,2024-11-01,17,27.275,22.1,35.5,27,0.10978611753142542,0.5856681766794555,fraca,spearman,"mensal: temperatura media diaria vs casos diarios, somente dias com casos"
2024-11-29,2024-11-01,10,27.3625,23.5,36.3,27,0.10978611753142542,0.5856681766794555,fraca,spearman,"mensal: temperatura media diaria vs casos diarios, somente dias com casos"
2024-11-30,2024-11-01,8,27.004166666666663,24.1,33,27,0.10978611753142542,0.5856681766794555,fraca,spearman,"mensal: temperatura media diaria vs casos diarios, somente dias com casos"
2024-12-01,2024-12-01,6,26.708333333333332,24,30.9,26,0.0013719846458970465,0.994692752496176,muito fraca,spearman,"mensal: temperatura media diaria vs casos diarios, somente dias com casos"
2024-12-02,2024-12-01,35,27.870833333333337,23.1,35.9,26,0.0013719846458970465,0.994692752496176,muito fraca,spearman,"mensal: temperatura media diaria vs casos diarios, somente dias com casos"
2024-12-03,2024-12-01,11,27.116666666666667,24.3,34,26,0.0013719846458970465,0.994692752496176,muito fraca,spearman,"mensal: temperatura media diaria vs casos diarios, somente dias com casos"
2024-12-04,2024-12-01,16,26.0625,23.7,30.6,26,0.0013719846458970465,0.994692752496176,muito fraca,spearman,"mensal: temperatura media diaria vs casos diarios, somente dias com casos"
2024-12-05,2024-12-01,11,26.2875,22.9,30.9,26,0.0013719846458970465,0.994692752496176,muito fraca,spearman,"mensal: temperatura media diaria vs casos diarios, somente dias com casos"
2024-12-06,2024-12-01,14,27.1,22.2,34.4,26,0.0013719846458970465,0.994692752496176,muito fraca,spearman,"mensal: temperatura media diaria vs casos diarios, somente dias com casos"
2024-12-07,2024-12-01,5,28.404166666666665,22.2,36.9,26,0.0013719846458970465,0.994692752496176,muito fraca,spearman,"mensal: temperatura media diaria vs casos diarios, somente dias com casos"
2024-12-08,2024-12-01,4,27.55,22.9,35.7,26,0.0013719846458970465,0.994692752496176,muito fraca,spearman,"mensal: temperatura media diaria vs casos diarios, somente dias com casos"
2024-12-09,2024-12-01,27,27.854166666666668,24.3,33.8,26,0.0013719846458970465,0.994692752496176,muito fraca,spearman,"mensal: temperatura media diaria vs casos diarios, somente dias com casos"
2024-12-10,2024-12-01,17,28.1125,24.5,33,26,0.0013719846458970465,0.994692752496176,muito fraca,spearman,"mensal: temperatura media diaria vs casos diarios, somente dias com casos"
2024-12-11,2024-12-01,17,24.141666666666666,22.2,26.3,26,0.0013719846458970465,0.994692752496176,muito fraca,spearman,"mensal: temperatura media diaria vs casos diarios, somente dias com casos"
2024-12-12,2024-12-01,20,23.4625,19.7,26.6,26,0.0013719846458970465,0.994692752496176,muito fraca,spearman,"mensal: temperatura media diaria vs casos diarios, somente dias com casos"
2024-12-13,2024-12-01,16,24.179166666666667,21.4,26.8,26,0.0013719846458970465,0.994692752496176,muito fraca,spearman,"mensal: temperatura media diaria vs casos diarios, somente dias com casos"
2024-12-14,2024-12-01,16,26.358333333333334,22.8,32.1,26,0.0013719846458970465,0.994692752496176,muito fraca,spearman,"mensal: temperatura media diaria vs casos diarios, somente dias com casos"
2024-12-15,2024-12-01,10,24.9875,22.1,27.6,26,0.0013719846458970465,0.994692752496176,muito fraca,spearman,"mensal: temperatura media diaria vs casos diarios, somente dias com casos"
2024-12-16,2024-12-01,27,27.154166666666665,24.7,31.3,26,0.0013719846458970465,0.994692752496176,muito fraca,spearman,"mensal: temperatura media diaria vs casos diarios, somente dias com casos"
2024-12-17,2024-12-01,17,26.0375,23.1,33.1,26,0.0013719846458970465,0.994692752496176,muito fraca,spearman,"mensal: temperatura media diaria vs casos diarios, somente dias com casos"
2024-12-18,2024-12-01,20,24.7875,20.8,29.2,26,0.0013719846458970465,0.994692752496176,muito fraca,spearman,"mensal: temperatura media diaria vs casos diarios, somente dias com casos"
2024-12-19,2024-12-01,19,25.65,22.1,30.2,26,0.0013719846458970465,0.994692752496176,muito fraca,spearman,"mensal: temperatura media diaria vs casos diarios, somente dias com casos"
2024-12-20,2024-12-01,7,27.170833333333334,22,34.1,26,0.0013719846458970465,0.994692752496176,muito fraca,spearman,"mensal: temperatura media diaria vs casos diarios, somente dias com casos"
2024-12-23,2024-12-01,7,24.8375,23.3,27.1,26,0.0013719846458970465,0.994692752496176,muito fraca,spearman,"mensal: temperatura media diaria vs casos diarios, somente dias com casos"
2024-12-25,2024-12-01,1,26.154166666666665,23.1,30.4,26,0.0013719846458970465,0.994692752496176,muito fraca,spearman,"mensal: temperatura media diaria vs casos diarios, somente dias com casos"
2024-12-26,2024-12-01,13,27.254166666666663,24.2,31.9,26,0.0013719846458970465,0.994692752496176,muito fraca,spearman,"mensal: temperatura media diaria vs casos diarios, somente dias com casos"
2024-12-27,2024-12-01,11,26.804166666666667,23.5,32.9,26,0.0013719846458970465,0.994692752496176,muito fraca,spearman,"mensal: temperatura media diaria vs casos diarios, somente dias com casos"
2024-12-30,2024-12-01,7,23.2375,21.7,26,26,0.0013719846458970465,0.994692752496176,muito fraca,spearman,"mensal: temperatura media diaria vs casos diarios, somente dias com casos"
2024-12-31,2024-12-01,1,25.145833333333332,21.5,31.4,26,0.0013719846458970465,0.994692752496176,muito fraca,spearman,"mensal: temperatura media diaria vs casos diarios, somente dias com casos"
2025-01-01,2025-01-01,6,25.229166666666668,21,28.9,25,0.35832800832961403,0.07860185450803725,moderada,spearman,"mensal: temperatura media diaria vs casos diarios, somente dias com casos"
2025-01-02,2025-01-01,25,25.808333333333337,20.8,33.4,25,0.35832800832961403,0.07860185450803725,moderada,spearman,"mensal: temperatura media diaria vs casos diarios, somente dias com casos"
2025-01-03,2025-01-01,13,26.479166666666668,22.9,32.6,25,0.35832800832961403,0.07860185450803725,moderada,spearman,"mensal: temperatura media diaria vs casos diarios, somente dias com casos"
2025-01-05,2025-01-01,7,24.866666666666667,22.1,29.7,25,0.35832800832961403,0.07860185450803725,moderada,spearman,"mensal: temperatura media diaria vs casos diarios, somente dias com casos"
2025-01-06,2025-01-01,25,25.65833333333333,21.8,31.2,25,0.35832800832961403,0.07860185450803725,moderada,spearman,"mensal: temperatura media diaria vs casos diarios, somente dias com casos"
2025-01-07,2025-01-01,21,26.7,22.7,32.8,25,0.35832800832961403,0.07860185450803725,moderada,spearman,"mensal: temperatura media diaria vs casos diarios, somente dias com casos"
2025-01-08,2025-01-01,12,24.945833333333333,22.5,29.7,25,0.35832800832961403,0.07860185450803725,moderada,spearman,"mensal: temperatura media diaria vs casos diarios, somente dias com casos"
2025-01-09,2025-01-01,12,24.733333333333334,22,29.3,25,0.35832800832961403,0.07860185450803725,moderada,spearman,"mensal: temperatura media diaria vs casos diarios, somente dias com casos"
2025-01-10,2025-01-01,9,25.083333333333332,21.4,29.8,25,0.35832800832961403,0.07860185450803725,moderada,spearman,"mensal: temperatura media diaria vs casos diarios, somente dias com casos"
2025-01-11,2025-01-01,1,25.65,22.5,29.9,25,0.35832800832961403,0.07860185450803725,moderada,spearman,"mensal: temperatura media diaria vs casos diarios, somente dias com casos"
2025-01-12,2025-01-01,1,24.5625,20.9,28.4,25,0.35832800832961403,0.07860185450803725,moderada,spearman,"mensal: temperatura media diaria vs casos diarios, somente dias com casos"
2025-01-13,2025-01-01,8,24.420833333333334,22.7,27.2,25,0.35832800832961403,0.07860185450803725,moderada,spearman,"mensal: temperatura media diaria vs casos diarios, somente dias com casos"
2025-01-14,2025-01-01,13,23.558333333333337,22.5,26.4,25,0.35832800832961403,0.07860185450803725,moderada,spearman,"mensal: temperatura media diaria vs casos diarios, somente dias com casos"
2025-01-16,2025-01-01,16,25.666666666666668,23.1,29.1,25,0.35832800832961403,0.07860185450803725,moderada,spearman,"mensal: temperatura media diaria vs casos diarios, somente dias com casos"
2025-01-17,2025-01-01,12,27.9,24.7,32.8,25,0.35832800832961403,0.07860185450803725,moderada,spearman,"mensal: temperatura media diaria vs casos diarios, somente dias com casos"
2025-01-20,2025-01-01,16,28.7875,23.6,36.7,25,0.35832800832961403,0.07860185450803725,moderada,spearman,"mensal: temperatura media diaria vs casos diarios, somente dias com casos"
2025-01-21,2025-01-01,12,29.2875,24.2,37.7,25,0.35832800832961403,0.07860185450803725,moderada,spearman,"mensal: temperatura media diaria vs casos diarios, somente dias com casos"
2025-01-22,2025-01-01,12,28.708333333333332,25,35.1,25,0.35832800832961403,0.07860185450803725,moderada,spearman,"mensal: temperatura media diaria vs casos diarios, somente dias com casos"
2025-01-23,2025-01-01,16,28.279166666666665,25.2,33.4,25,0.35832800832961403,0.07860185450803725,moderada,spearman,"mensal: temperatura media diaria vs casos diarios, somente dias com casos"
2025-01-24,2025-01-01,13,27.5125,24.5,31.7,25,0.35832800832961403,0.07860185450803725,moderada,spearman,"mensal: temperatura media diaria vs casos diarios, somente dias com casos"
2025-01-27,2025-01-01,19,26.575,23.4,32.2,25,0.35832800832961403,0.07860185450803725,moderada,spearman,"mensal: temperatura media diaria vs casos diarios, somente dias com casos"
2025-01-28,2025-01-01,15,26.65,24.1,30.2,25,0.35832800832961403,0.07860185450803725,moderada,spearman,"mensal: temperatura media diaria vs casos diarios, somente dias com casos"
2025-01-29,2025-01-01,13,26.6125,23.3,29.9,25,0.35832800832961403,0.07860185450803725,moderada,spearman,"mensal: temperatura media diaria vs casos diarios, somente dias com casos"
2025-01-30,2025-01-01,6,27.329166666666666,24.5,31.9,25,0.35832800832961403,0.07860185450803725,moderada,spearman,"mensal: temperatura media diaria vs casos diarios, somente dias com casos"
2025-01-31,2025-01-01,18,27.508333333333333,23.4,33,25,0.35832800832961403,0.07860185450803725,moderada,spearman,"mensal: temperatura media diaria vs casos diarios, somente dias com casos"
2025-02-03,2025-02-01,21,27.945833333333333,23.2,35.4,23,0.010651500336422379,0.9615287535370434,muito fraca,spearman,"mensal: temperatura media diaria vs casos diarios, somente dias com casos"
2025-02-04,2025-02-01,10,27.75,23.7,35,23,0.010651500336422379,0.9615287535370434,muito fraca,spearman,"mensal: temperatura media diaria vs casos diarios, somente dias com casos"
2025-02-05,2025-02-01,6,27.483333333333334,22.7,33.8,23,0.010651500336422379,0.9615287535370434,muito fraca,spearman,"mensal: temperatura media diaria vs casos diarios, somente dias com casos"
2025-02-06,2025-02-01,17,27.22083333333333,22.6,33.8,23,0.010651500336422379,0.9615287535370434,muito fraca,spearman,"mensal: temperatura media diaria vs casos diarios, somente dias com casos"
2025-02-07,2025-02-01,7,27.316666666666663,22.7,33.5,23,0.010651500336422379,0.9615287535370434,muito fraca,spearman,"mensal: temperatura media diaria vs casos diarios, somente dias com casos"
2025-02-08,2025-02-01,1,27.391666666666666,23.2,32.4,23,0.010651500336422379,0.9615287535370434,muito fraca,spearman,"mensal: temperatura media diaria vs casos diarios, somente dias com casos"
2025-02-10,2025-02-01,25,27.266666666666666,23.4,33.8,23,0.010651500336422379,0.9615287535370434,muito fraca,spearman,"mensal: temperatura media diaria vs casos diarios, somente dias com casos"
2025-02-11,2025-02-01,18,27.083333333333332,23.7,32.5,23,0.010651500336422379,0.9615287535370434,muito fraca,spearman,"mensal: temperatura media diaria vs casos diarios, somente dias com casos"
2025-02-12,2025-02-01,12,27.6875,22.9,33.6,23,0.010651500336422379,0.9615287535370434,muito fraca,spearman,"mensal: temperatura media diaria vs casos diarios, somente dias com casos"
2025-02-13,2025-02-01,16,27.7625,23.3,33.4,23,0.010651500336422379,0.9615287535370434,muito fraca,spearman,"mensal: temperatura media diaria vs casos diarios, somente dias com casos"
2025-02-14,2025-02-01,10,27.841666666666665,22.8,36.3,23,0.010651500336422379,0.9615287535370434,muito fraca,spearman,"mensal: temperatura media diaria vs casos diarios, somente dias com casos"
2025-02-16,2025-02-01,1,27.754166666666663,22.5,34,23,0.010651500336422379,0.9615287535370434,muito fraca,spearman,"mensal: temperatura media diaria vs casos diarios, somente dias com casos"
2025-02-17,2025-02-01,13,28.5625,23.1,36.5,23,0.010651500336422379,0.9615287535370434,muito fraca,spearman,"mensal: temperatura media diaria vs casos diarios, somente dias com casos"
2025-02-18,2025-02-01,11,28.1,22.7,35.5,23,0.010651500336422379,0.9615287535370434,muito fraca,spearman,"mensal: temperatura media diaria vs casos diarios, somente dias com casos"
2025-02-19,2025-02-01,16,27.141666666666666,22.2,33.1,23,0.010651500336422379,0.9615287535370434,muito fraca,spearman,"mensal: temperatura media diaria vs casos diarios, somente dias com casos"
2025-02-20,2025-02-01,16,28.1625,24.1,32.9,23,0.010651500336422379,0.9615287535370434,muito fraca,spearman,"mensal: temperatura media diaria vs casos diarios, somente dias com casos"
2025-02-21,2025-02-01,15,28.029166666666665,24.2,33,23,0.010651500336422379,0.9615287535370434,muito fraca,spearman,"mensal: temperatura media diaria vs casos diarios, somente dias com casos"
2025-02-22,2025-02-01,2,27.420833333333334,23,32.8,23,0.010651500336422379,0.9615287535370434,muito fraca,spearman,"mensal: temperatura media diaria vs casos diarios, somente dias com casos"
2025-02-24,2025-02-01,18,27.833333333333332,24.1,32.9,23,0.010651500336422379,0.9615287535370434,muito fraca,spearman,"mensal: temperatura media diaria vs casos diarios, somente dias com casos"
2025-02-25,2025-02-01,17,28.1625,24.6,33.7,23,0.010651500336422379,0.9615287535370434,muito fraca,spearman,"mensal: temperatura media diaria vs casos diarios, somente dias com casos"
2025-02-26,2025-02-01,14,27.295833333333334,22.9,33,23,0.010651500336422379,0.9615287535370434,muito fraca,spearman,"mensal: temperatura media diaria vs casos diarios, somente dias com casos"
2025-02-27,2025-02-01,12,28.0125,24.1,32.5,23,0.010651500336422379,0.9615287535370434,muito fraca,spearman,"mensal: temperatura media diaria vs casos diarios, somente dias com casos"
2025-02-28,2025-02-01,2,27.545833333333334,23.2,32.9,23,0.010651500336422379,0.9615287535370434,muito fraca,spearman,"mensal: temperatura media diaria vs casos diarios, somente dias com casos"
2025-03-05,2025-03-01,1,26.5,22.7,31.6,22,0.5510062736229898,0.007866220549822913,forte,spearman,"mensal: temperatura media diaria vs casos diarios, somente dias com casos"
2025-03-06,2025-03-01,12,26.65416666666667,22.8,31.7,22,0.5510062736229898,0.007866220549822913,forte,spearman,"mensal: temperatura media diaria vs casos diarios, somente dias com casos"
2025-03-07,2025-03-01,31,26.620833333333337,24.4,29.8,22,0.5510062736229898,0.007866220549822913,forte,spearman,"mensal: temperatura media diaria vs casos diarios, somente dias com casos"
2025-03-09,2025-03-01,1,27.28333333333333,23.7,32.8,22,0.5510062736229898,0.007866220549822913,forte,spearman,"mensal: temperatura media diaria vs casos diarios, somente dias com casos"
2025-03-10,2025-03-01,17,27.783333333333335,23.3,35.1,22,0.5510062736229898,0.007866220549822913,forte,spearman,"mensal: temperatura media diaria vs casos diarios, somente dias com casos"
2025-03-11,2025-03-01,12,27.829166666666666,24.2,34.1,22,0.5510062736229898,0.007866220549822913,forte,spearman,"mensal: temperatura media diaria vs casos diarios, somente dias com casos"
2025-03-12,2025-03-01,14,27.945833333333333,24,33.5,22,0.5510062736229898,0.007866220549822913,forte,spearman,"mensal: temperatura media diaria vs casos diarios, somente dias com casos"
2025-03-13,2025-03-01,18,28.1,23.5,35.3,22,0.5510062736229898,0.007866220549822913,forte,spearman,"mensal: temperatura media diaria vs casos diarios, somente dias com casos"
2025-03-14,2025-03-01,16,27.991666666666667,24.2,34.1,22,0.5510062736229898,0.007866220549822913,forte,spearman,"mensal: temperatura media diaria vs casos diarios, somente dias com casos"
2025-03-17,2025-03-01,7,24.954166666666666,22.6,29.9,22,0.5510062736229898,0.007866220549822913,forte,spearman,"mensal: temperatura media diaria vs casos diarios, somente dias com casos"
2025-03-18,2025-03-01,10,25.9,21.7,32.4,22,0.5510062736229898,0.007866220549822913,forte,spearman,"mensal: temperatura media diaria vs casos diarios, somente dias com casos"
2025-03-19,2025-03-01,10,25.275,23.5,28.1,22,0.5510062736229898,0.007866220549822913,forte,spearman,"mensal: temperatura media diaria vs casos diarios, somente dias com casos"
2025-03-20,2025-03-01,10,25.333333333333332,22.5,29,22,0.5510062736229898,0.007866220549822913,forte,spearman,"mensal: temperatura media diaria vs casos diarios, somente dias com casos"
2025-03-21,2025-03-01,8,25.34166666666667,22.1,29.5,22,0.5510062736229898,0.007866220549822913,forte,spearman,"mensal: temperatura media diaria vs casos diarios, somente dias com casos"
2025-03-22,2025-03-01,1,25.983333333333334,22.6,30,22,0.5510062736229898,0.007866220549822913,forte,spearman,"mensal: temperatura media diaria vs casos diarios, somente dias com casos"
2025-03-23,2025-03-01,1,26.145833333333332,23.1,30.4,22,0.5510062736229898,0.007866220549822913,forte,spearman,"mensal: temperatura media diaria vs casos diarios, somente dias com casos"
2025-03-24,2025-03-01,10,26.783333333333335,22.5,33.1,22,0.5510062736229898,0.007866220549822913,forte,spearman,"mensal: temperatura media diaria vs casos diarios, somente dias com casos"
2025-03-25,2025-03-01,10,26,22.6,33.5,22,0.5510062736229898,0.007866220549822913,forte,spearman,"mensal: temperatura media diaria vs casos diarios, somente dias com casos"
2025-03-26,2025-03-01,6,26.391666666666666,23.6,30.9,22,0.5510062736229898,0.007866220549822913,forte,spearman,"mensal: temperatura media diaria vs casos diarios, somente dias com casos"
2025-03-27,2025-03-01,10,26.179166666666667,23.5,31.5,22,0.5510062736229898,0.007866220549822913,forte,spearman,"mensal: temperatura media diaria vs casos diarios, somente dias com casos"
2025-03-29,2025-03-01,1,26.383333333333333,22.3,31.9,22,0.5510062736229898,0.007866220549822913,forte,spearman,"mensal: temperatura media diaria vs casos diarios, somente dias com casos"
2025-03-31,2025-03-01,18,27.316666666666663,24.5,31.3,22,0.5510062736229898,0.007866220549822913,forte,spearman,"mensal: temperatura media diaria vs casos diarios, somente dias com casos"
2025-04-01,2025-04-01,14,27.1875,24.4,32.2,19,-0.11363443627449665,0.6432213540777589,fraca,spearman,"mensal: temperatura media diaria vs casos diarios, somente dias com casos"
2025-04-02,2025-04-01,8,27.104166666666668,24.2,31,19,-0.11363443627449665,0.6432213540777589,fraca,spearman,"mensal: temperatura media diaria vs casos diarios, somente dias com casos"
2025-04-03,2025-04-01,5,27.216666666666665,22.7,33.9,19,-0.11363443627449665,0.6432213540777589,fraca,spearman,"mensal: temperatura media diaria vs casos diarios, somente dias com casos"
2025-04-04,2025-04-01,9,26.258333333333333,24.1,32.4,19,-0.11363443627449665,0.6432213540777589,fraca,spearman,"mensal: temperatura media diaria vs casos diarios, somente dias com casos"
2025-04-07,2025-04-01,19,22.95,19.6,26.9,19,-0.11363443627449665,0.6432213540777589,fraca,spearman,"mensal: temperatura media diaria vs casos diarios, somente dias com casos"
2025-04-08,2025-04-01,11,23.220833333333335,18.4,28.1,19,-0.11363443627449665,0.6432213540777589,fraca,spearman,"mensal: temperatura media diaria vs casos diarios, somente dias com casos"
2025-04-09,2025-04-01,8,25.020833333333332,20.8,31.6,19,-0.11363443627449665,0.6432213540777589,fraca,spearman,"mensal: temperatura media diaria vs casos diarios, somente dias com casos"
2025-04-10,2025-04-01,6,25.045833333333334,21.5,30.9,19,-0.11363443627449665,0.6432213540777589,fraca,spearman,"mensal: temperatura media diaria vs casos diarios, somente dias com casos"
2025-04-11,2025-04-01,9,23.366666666666667,19.1,27.8,19,-0.11363443627449665,0.6432213540777589,fraca,spearman,"mensal: temperatura media diaria vs casos diarios, somente dias com casos"
2025-04-14,2025-04-01,11,24.895833333333332,22.3,31.5,19,-0.11363443627449665,0.6432213540777589,fraca,spearman,"mensal: temperatura media diaria vs casos diarios, somente dias com casos"
2025-04-15,2025-04-01,11,24.608333333333334,20.6,29.2,19,-0.11363443627449665,0.6432213540777589,fraca,spearman,"mensal: temperatura media diaria vs casos diarios, somente dias com casos"
2025-04-16,2025-04-01,11,23.1125,21.4,25.3,19,-0.11363443627449665,0.6432213540777589,fraca,spearman,"mensal: temperatura media diaria vs casos diarios, somente dias com casos"
2025-04-17,2025-04-01,11,24.53333333333333,22.2,29.1,19,-0.11363443627449665,0.6432213540777589,fraca,spearman,"mensal: temperatura media diaria vs casos diarios, somente dias com casos"
2025-04-22,2025-04-01,5,23.1875,20.8,26.9,19,-0.11363443627449665,0.6432213540777589,fraca,spearman,"mensal: temperatura media diaria vs casos diarios, somente dias com casos"
2025-04-24,2025-04-01,15,24.041666666666668,21.8,28,19,-0.11363443627449665,0.6432213540777589,fraca,spearman,"mensal: temperatura media diaria vs casos diarios, somente dias com casos"
2025-04-25,2025-04-01,6,24.229166666666668,22.3,28,19,-0.11363443627449665,0.6432213540777589,fraca,spearman,"mensal: temperatura media diaria vs casos diarios, somente dias com casos"
2025-04-28,2025-04-01,13,26.333333333333332,21.9,32.8,19,-0.11363443627449665,0.6432213540777589,fraca,spearman,"mensal: temperatura media diaria vs casos diarios, somente dias com casos"
2025-04-29,2025-04-01,7,23.291666666666668,21.4,25.6,19,-0.11363443627449665,0.6432213540777589,fraca,spearman,"mensal: temperatura media diaria vs casos diarios, somente dias com casos"
2025-04-30,2025-04-01,8,23.095833333333335,20.8,26.8,19,-0.11363443627449665,0.6432213540777589,fraca,spearman,"mensal: temperatura media diaria vs casos diarios, somente dias com casos"
2025-05-02,2025-05-01,2,22.241666666666667,17.6,27.9,20,0.018106479297652925,0.9396048641348375,muito fraca,spearman,"mensal: temperatura media diaria vs casos diarios, somente dias com casos"
2025-05-04,2025-05-01,1,22.108333333333334,18.7,26.4,20,0.018106479297652925,0.9396048641348375,muito fraca,spearman,"mensal: temperatura media diaria vs casos diarios, somente dias com casos"
2025-05-05,2025-05-01,23,22.55,18,27.8,20,0.018106479297652925,0.9396048641348375,muito fraca,spearman,"mensal: temperatura media diaria vs casos diarios, somente dias com casos"
2025-05-06,2025-05-01,21,23.3,18.5,28.3,20,0.018106479297652925,0.9396048641348375,muito fraca,spearman,"mensal: temperatura media diaria vs casos diarios, somente dias com casos"
2025-05-07,2025-05-01,7,23.520833333333332,21,27.8,20,0.018106479297652925,0.9396048641348375,muito fraca,spearman,"mensal: temperatura media diaria vs casos diarios, somente dias com casos"
2025-05-08,2025-05-01,11,23.2625,21,26.7,20,0.018106479297652925,0.9396048641348375,muito fraca,spearman,"mensal: temperatura media diaria vs casos diarios, somente dias com casos"
2025-05-09,2025-05-01,7,25.745833333333337,21.9,31.7,20,0.018106479297652925,0.9396048641348375,muito fraca,spearman,"mensal: temperatura media diaria vs casos diarios, somente dias com casos"
2025-05-12,2025-05-01,14,21.7625,19.8,24.9,20,0.018106479297652925,0.9396048641348375,muito fraca,spearman,"mensal: temperatura media diaria vs casos diarios, somente dias com casos"
2025-05-13,2025-05-01,17,21.233333333333334,19.1,25.6,20,0.018106479297652925,0.9396048641348375,muito fraca,spearman,"mensal: temperatura media diaria vs casos diarios, somente dias com casos"
2025-05-14,2025-05-01,2,20.195833333333333,17.9,23.7,20,0.018106479297652925,0.9396048641348375,muito fraca,spearman,"mensal: temperatura media diaria vs casos diarios, somente dias com casos"
2025-05-15,2025-05-01,8,20.90833333333333,17.4,25.3,20,0.018106479297652925,0.9396048641348375,muito fraca,spearman,"mensal: temperatura media diaria vs casos diarios, somente dias com casos"
2025-05-16,2025-05-01,8,22.079166666666666,18,27.3,20,0.018106479297652925,0.9396048641348375,muito fraca,spearman,"mensal: temperatura media diaria vs casos diarios, somente dias com casos"
2025-05-17,2025-05-01,2,22.179166666666667,19,27,20,0.018106479297652925,0.9396048641348375,muito fraca,spearman,"mensal: temperatura media diaria vs casos diarios, somente dias com casos"
2025-05-19,2025-05-01,10,22.758333333333333,18.5,29.1,20,0.018106479297652925,0.9396048641348375,muito fraca,spearman,"mensal: temperatura media diaria vs casos diarios, somente dias com casos"
2025-05-20,2025-05-01,5,23.104166666666668,18.3,30.1,20,0.018106479297652925,0.9396048641348375,muito fraca,spearman,"mensal: temperatura media diaria vs casos diarios, somente dias com casos"
2025-05-21,2025-05-01,6,23.445833333333333,17.6,30.9,20,0.018106479297652925,0.9396048641348375,muito fraca,spearman,"mensal: temperatura media diaria vs casos diarios, somente dias com casos"
2025-05-22,2025-05-01,6,22.5,17.2,30.2,20,0.018106479297652925,0.9396048641348375,muito fraca,spearman,"mensal: temperatura media diaria vs casos diarios, somente dias com casos"
2025-05-23,2025-05-01,5,23.095833333333335,20.4,28.2,20,0.018106479297652925,0.9396048641348375,muito fraca,spearman,"mensal: temperatura media diaria vs casos diarios, somente dias com casos"
2025-05-27,2025-05-01,1,23.083333333333332,20.7,28.4,20,0.018106479297652925,0.9396048641348375,muito fraca,spearman,"mensal: temperatura media diaria vs casos diarios, somente dias com casos"
2025-05-29,2025-05-01,4,25.041666666666668,22.9,29.5,20,0.018106479297652925,0.9396048641348375,muito fraca,spearman,"mensal: temperatura media diaria vs casos diarios, somente dias com casos"
2025-06-02,2025-06-01,3,22.020833333333332,19.6,25.2,19,0.047208481308549904,0.8478101819014147,muito fraca,spearman,"mensal: temperatura media diaria vs casos diarios, somente dias com casos"
2025-06-03,2025-06-01,1,21.841666666666665,20,24.5,19,0.047208481308549904,0.8478101819014147,muito fraca,spearman,"mensal: temperatura media diaria vs casos diarios, somente dias com casos"
2025-06-04,2025-06-01,22,23.495833333333337,18.9,30.4,19,0.047208481308549904,0.8478101819014147,muito fraca,spearman,"mensal: temperatura media diaria vs casos diarios, somente dias com casos"
2025-06-05,2025-06-01,1,24.3,19.3,32.2,19,0.047208481308549904,0.8478101819014147,muito fraca,spearman,"mensal: temperatura media diaria vs casos diarios, somente dias com casos"
2025-06-06,2025-06-01,5,23.641666666666666,19.4,29,19,0.047208481308549904,0.8478101819014147,muito fraca,spearman,"mensal: temperatura media diaria vs casos diarios, somente dias com casos"
2025-06-09,2025-06-01,2,21.429166666666667,20.2,23.6,19,0.047208481308549904,0.8478101819014147,muito fraca,spearman,"mensal: temperatura media diaria vs casos diarios, somente dias com casos"
2025-06-11,2025-06-01,3,20,17.2,24.3,19,0.047208481308549904,0.8478101819014147,muito fraca,spearman,"mensal: temperatura media diaria vs casos diarios, somente dias com casos"
2025-06-12,2025-06-01,2,18.395833333333332,15.3,22.3,19,0.047208481308549904,0.8478101819014147,muito fraca,spearman,"mensal: temperatura media diaria vs casos diarios, somente dias com casos"
2025-06-13,2025-06-01,2,17.925,14.1,23.8,19,0.047208481308549904,0.8478101819014147,muito fraca,spearman,"mensal: temperatura media diaria vs casos diarios, somente dias com casos"
2025-06-16,2025-06-01,1,20.420833333333334,15.5,27.8,19,0.047208481308549904,0.8478101819014147,muito fraca,spearman,"mensal: temperatura media diaria vs casos diarios, somente dias com casos"
2025-06-17,2025-06-01,2,20.279166666666665,16.2,26.9,19,0.047208481308549904,0.8478101819014147,muito fraca,spearman,"mensal: temperatura media diaria vs casos diarios, somente dias com casos"
2025-06-19,2025-06-01,1,21.483333333333334,16.2,29.3,19,0.047208481308549904,0.8478101819014147,muito fraca,spearman,"mensal: temperatura media diaria vs casos diarios, somente dias com casos"
2025-06-20,2025-06-01,2,21.566666666666663,16.1,28.9,19,0.047208481308549904,0.8478101819014147,muito fraca,spearman,"mensal: temperatura media diaria vs casos diarios, somente dias com casos"
2025-06-23,2025-06-01,1,23.179166666666667,18.6,30.4,19,0.047208481308549904,0.8478101819014147,muito fraca,spearman,"mensal: temperatura media diaria vs casos diarios, somente dias com casos"
2025-06-24,2025-06-01,1,22.716666666666665,19.3,29,19,0.047208481308549904,0.8478101819014147,muito fraca,spearman,"mensal: temperatura media diaria vs casos diarios, somente dias com casos"
2025-06-25,2025-06-01,1,19.308333333333337,16.5,22.6,19,0.047208481308549904,0.8478101819014147,muito fraca,spearman,"mensal: temperatura media diaria vs casos diarios, somente dias com casos"
2025-06-26,2025-06-01,1,19.283333333333335,13.7,28.1,19,0.047208481308549904,0.8478101819014147,muito fraca,spearman,"mensal: temperatura media diaria vs casos diarios, somente dias com casos"
2025-06-27,2025-06-01,2,22.741666666666667,17.7,31.7,19,0.047208481308549904,0.8478101819014147,muito fraca,spearman,"mensal: temperatura media diaria vs casos diarios, somente dias com casos"
2025-06-29,2025-06-01,1,22.879166666666663,18.6,30.1,19,0.047208481308549904,0.8478101819014147,muito fraca,spearman,"mensal: temperatura media diaria vs casos diarios, somente dias com casos"
2025-07-01,2025-07-01,1,23.5,20.7,28.4,19,-0.42108239924936397,0.072589711472457,moderada,spearman,"mensal: temperatura media diaria vs casos diarios, somente dias com casos"
2025-07-02,2025-07-01,2,20.2,18.2,22.7,19,-0.42108239924936397,0.072589711472457,moderada,spearman,"mensal: temperatura media diaria vs casos diarios, somente dias com casos"
2025-07-05,2025-07-01,2,17.4125,12.5,23.5,19,-0.42108239924936397,0.072589711472457,moderada,spearman,"mensal: temperatura media diaria vs casos diarios, somente dias com casos"
2025-07-06,2025-07-01,1,17.7,12.9,23.4,19,-0.42108239924936397,0.072589711472457,moderada,spearman,"mensal: temperatura media diaria vs casos diarios, somente dias com casos"
2025-07-07,2025-07-01,2,18.529166666666665,12.9,25,19,-0.42108239924936397,0.072589711472457,moderada,spearman,"mensal: temperatura media diaria vs casos diarios, somente dias com casos"
2025-07-08,2025-07-01,2,18.4375,13.6,24.4,19,-0.42108239924936397,0.072589711472457,moderada,spearman,"mensal: temperatura media diaria vs casos diarios, somente dias com casos"
2025-07-10,2025-07-01,3,20.079166666666666,15.2,24.7,19,-0.42108239924936397,0.072589711472457,moderada,spearman,"mensal: temperatura media diaria vs casos diarios, somente dias com casos"
2025-07-11,2025-07-01,1,21.275,19,24.3,19,-0.42108239924936397,0.072589711472457,moderada,spearman,"mensal: temperatura media diaria vs casos diarios, somente dias com casos"
2025-07-13,2025-07-01,1,18.3375,13.4,24.1,19,-0.42108239924936397,0.072589711472457,moderada,spearman,"mensal: temperatura media diaria vs casos diarios, somente dias com casos"
2025-07-14,2025-07-01,4,18.575,13.6,26,19,-0.42108239924936397,0.072589711472457,moderada,spearman,"mensal: temperatura media diaria vs casos diarios, somente dias com casos"
2025-07-15,2025-07-01,2,19.4875,13.7,27.2,19,-0.42108239924936397,0.072589711472457,moderada,spearman,"mensal: temperatura media diaria vs casos diarios, somente dias com casos"
2025-07-17,2025-07-01,2,19.791666666666668,14.5,27.7,19,-0.42108239924936397,0.072589711472457,moderada,spearman,"mensal: temperatura media diaria vs casos diarios, somente dias com casos"
2025-07-18,2025-07-01,1,21.520833333333332,16.1,29.4,19,-0.42108239924936397,0.072589711472457,moderada,spearman,"mensal: temperatura media diaria vs casos diarios, somente dias com casos"
2025-07-21,2025-07-01,2,20.420833333333334,16.9,26.2,19,-0.42108239924936397,0.072589711472457,moderada,spearman,"mensal: temperatura media diaria vs casos diarios, somente dias com casos"
2025-07-22,2025-07-01,1,21.554166666666667,16.3,29.9,19,-0.42108239924936397,0.072589711472457,moderada,spearman,"mensal: temperatura media diaria vs casos diarios, somente dias com casos"
2025-07-24,2025-07-01,1,20.304166666666667,16.8,24.9,19,-0.42108239924936397,0.072589711472457,moderada,spearman,"mensal: temperatura media diaria vs casos diarios, somente dias com casos"
2025-07-28,2025-07-01,1,22.841666666666665,18.4,30.2,19,-0.42108239924936397,0.072589711472457,moderada,spearman,"mensal: temperatura media diaria vs casos diarios, somente dias com casos"
2025-07-29,2025-07-01,1,22.7,18.1,26.6,19,-0.42108239924936397,0.072589711472457,moderada,spearman,"mensal: temperatura media diaria vs casos diarios, somente dias com casos"
2025-07-30,2025-07-01,1,19.225,16.1,24.4,19,-0.42108239924936397,0.072589711472457,moderada,spearman,"mensal: temperatura media diaria vs casos diarios, somente dias com casos"
2025-08-01,2025-08-01,16,17.704166666666666,12.9,23.4,7,-0.3706246583305506,0.41311620025516577,moderada,spearman,"mensal: temperatura media diaria vs casos diarios, somente dias com casos"
2025-08-04,2025-08-01,4,21.391666666666666,15.6,29.1,7,-0.3706246583305506,0.41311620025516577,moderada,spearman,"mensal: temperatura media diaria vs casos diarios, somente dias com casos"
2025-08-05,2025-08-01,2,20.3625,16.8,24.1,7,-0.3706246583305506,0.41311620025516577,moderada,spearman,"mensal: temperatura media diaria vs casos diarios, somente dias com casos"
2025-08-11,2025-08-01,2,18.616666666666667,14.4,23.6,7,-0.3706246583305506,0.41311620025516577,moderada,spearman,"mensal: temperatura media diaria vs casos diarios, somente dias com casos"
2025-08-18,2025-08-01,1,20.7125,18,24.2,7,-0.3706246583305506,0.41311620025516577,moderada,spearman,"mensal: temperatura media diaria vs casos diarios, somente dias com casos"
2025-08-20,2025-08-01,5,20.6375,15.5,28.3,7,-0.3706246583305506,0.41311620025516577,moderada,spearman,"mensal: temperatura media diaria vs casos diarios, somente dias com casos"
2025-08-29,2025-08-01,2,22.633333333333333,18.4,27.2,7,-0.3706246583305506,0.41311620025516577,moderada,spearman,"mensal: temperatura media diaria vs casos diarios, somente dias com casos"
2025-09-01,2025-09-01,10,21.625,19.7,24.9,13,0.3529897768806324,0.23678841226195046,moderada,spearman,"mensal: temperatura media diaria vs casos diarios, somente dias com casos"
2025-09-03,2025-09-01,1,20.191666666666663,15.4,25.1,13,0.3529897768806324,0.23678841226195046,moderada,spearman,"mensal: temperatura media diaria vs casos diarios, somente dias com casos"
2025-09-05,2025-09-01,1,22.433333333333337,17,29,13,0.3529897768806324,0.23678841226195046,moderada,spearman,"mensal: temperatura media diaria vs casos diarios, somente dias com casos"
2025-09-09,2025-09-01,5,24.116666666666667,19.8,32.2,13,0.3529897768806324,0.23678841226195046,moderada,spearman,"mensal: temperatura media diaria vs casos diarios, somente dias com casos"
2025-09-10,2025-09-01,1,23.1375,20.1,27.6,13,0.3529897768806324,0.23678841226195046,moderada,spearman,"mensal: temperatura media diaria vs casos diarios, somente dias com casos"
2025-09-11,2025-09-01,1,22.725,19.9,27.3,13,0.3529897768806324,0.23678841226195046,moderada,spearman,"mensal: temperatura media diaria vs casos diarios, somente dias com casos"
2025-09-16,2025-09-01,7,23.15,18.5,30.1,13,0.3529897768806324,0.23678841226195046,moderada,spearman,"mensal: temperatura media diaria vs casos diarios, somente dias com casos"
2025-09-17,2025-09-01,2,23.320833333333333,20.7,27,13,0.3529897768806324,0.23678841226195046,moderada,spearman,"mensal: temperatura media diaria vs casos diarios, somente dias com casos"
2025-09-18,2025-09-01,1,22.15714285714286,19,27.8,13,0.3529897768806324,0.23678841226195046,moderada,spearman,"mensal: temperatura media diaria vs casos diarios, somente dias com casos"
2025-09-24,2025-09-01,2,21.095833333333335,19.5,23.7,13,0.3529897768806324,0.23678841226195046,moderada,spearman,"mensal: temperatura media diaria vs casos diarios, somente dias com casos"
2025-09-25,2025-09-01,1,18.716666666666665,17.5,20.7,13,0.3529897768806324,0.23678841226195046,moderada,spearman,"mensal: temperatura media diaria vs casos diarios, somente dias com casos"
2025-09-26,2025-09-01,1,19.079166666666666,15.6,23.7,13,0.3529897768806324,0.23678841226195046,moderada,spearman,"mensal: temperatura media diaria vs casos diarios, somente dias com casos"
2025-09-30,2025-09-01,3,22.133333333333333,17.5,26.5,13,0.3529897768806324,0.23678841226195046,moderada,spearman,"mensal: temperatura media diaria vs casos diarios, somente dias com casos"
2025-10-02,2025-10-01,9,22.916666666666668,20.1,27.3,16,-0.07316189166479369,0.7877227207871378,muito fraca,spearman,"mensal: temperatura media diaria vs casos diarios, somente dias com casos"
2025-10-03,2025-10-01,3,22.34583333333333,18.8,26.2,16,-0.07316189166479369,0.7877227207871378,muito fraca,spearman,"mensal: temperatura media diaria vs casos diarios, somente dias com casos"
2025-10-06,2025-10-01,2,24.2625,19.3,30.3,16,-0.07316189166479369,0.7877227207871378,muito fraca,spearman,"mensal: temperatura media diaria vs casos diarios, somente dias com casos"
2025-10-07,2025-10-01,2,25.208333333333332,20.4,33.6,16,-0.07316189166479369,0.7877227207871378,muito fraca,spearman,"mensal: temperatura media diaria vs casos diarios, somente dias com casos"
2025-10-08,2025-10-01,1,23.329166666666666,19.7,26.4,16,-0.07316189166479369,0.7877227207871378,muito fraca,spearman,"mensal: temperatura media diaria vs casos diarios, somente dias com casos"
2025-10-10,2025-10-01,5,21.458333333333332,19.3,25.2,16,-0.07316189166479369,0.7877227207871378,muito fraca,spearman,"mensal: temperatura media diaria vs casos diarios, somente dias com casos"
2025-10-13,2025-10-01,3,24.304166666666667,21.6,27.9,16,-0.07316189166479369,0.7877227207871378,muito fraca,spearman,"mensal: temperatura media diaria vs casos diarios, somente dias com casos"
2025-10-14,2025-10-01,1,24.5625,22.8,28.8,16,-0.07316189166479369,0.7877227207871378,muito fraca,spearman,"mensal: temperatura media diaria vs casos diarios, somente dias com casos"
2025-10-17,2025-10-01,1,25.191666666666663,21.9,30.9,16,-0.07316189166479369,0.7877227207871378,muito fraca,spearman,"mensal: temperatura media diaria vs casos diarios, somente dias com casos"
2025-10-20,2025-10-01,4,19.108333333333334,16.5,23.4,16,-0.07316189166479369,0.7877227207871378,muito fraca,spearman,"mensal: temperatura media diaria vs casos diarios, somente dias com casos"
2025-10-22,2025-10-01,2,18.970833333333335,15.3,23.2,16,-0.07316189166479369,0.7877227207871378,muito fraca,spearman,"mensal: temperatura media diaria vs casos diarios, somente dias com casos"
2025-10-23,2025-10-01,1,20.220833333333335,15.9,25.8,16,-0.07316189166479369,0.7877227207871378,muito fraca,spearman,"mensal: temperatura media diaria vs casos diarios, somente dias com casos"
2025-10-28,2025-10-01,2,24.616666666666667,20.7,30.3,16,-0.07316189166479369,0.7877227207871378,muito fraca,spearman,"mensal: temperatura media diaria vs casos diarios, somente dias com casos"
2025-10-29,2025-10-01,4,25.604166666666668,21.1,32.9,16,-0.07316189166479369,0.7877227207871378,muito fraca,spearman,"mensal: temperatura media diaria vs casos diarios, somente dias com casos"
2025-10-30,2025-10-01,1,23.604166666666668,19.7,28,16,-0.07316189166479369,0.7877227207871378,muito fraca,spearman,"mensal: temperatura media diaria vs casos diarios, somente dias com casos"
2025-10-31,2025-10-01,1,21.095833333333335,19.4,24.1,16,-0.07316189166479369,0.7877227207871378,muito fraca,spearman,"mensal: temperatura media diaria vs casos diarios, somente dias com casos"
2025-11-03,2025-11-01,14,25.6625,22.7,31.7,16,0.17667285445631373,0.5127600912921608,fraca,spearman,"mensal: temperatura media diaria vs casos diarios, somente dias com casos"
2025-11-04,2025-11-01,2,24.729166666666668,22.5,29.9,16,0.17667285445631373,0.5127600912921608,fraca,spearman,"mensal: temperatura media diaria vs casos diarios, somente dias com casos"
2025-11-07,2025-11-01,1,21.070833333333333,18.9,22.5,16,0.17667285445631373,0.5127600912921608,fraca,spearman,"mensal: temperatura media diaria vs casos diarios, somente dias com casos"
2025-11-11,2025-11-01,1,21.379166666666663,16.8,25.9,16,0.17667285445631373,0.5127600912921608,fraca,spearman,"mensal: temperatura media diaria vs casos diarios, somente dias com casos"
2025-11-12,2025-11-01,2,21.4875,15.3,27.1,16,0.17667285445631373,0.5127600912921608,fraca,spearman,"mensal: temperatura media diaria vs casos diarios, somente dias com casos"
2025-11-13,2025-11-01,1,23.129166666666663,16.8,29.8,16,0.17667285445631373,0.5127600912921608,fraca,spearman,"mensal: temperatura media diaria vs casos diarios, somente dias com casos"
2025-11-14,2025-11-01,2,24.695833333333333,18.8,31.7,16,0.17667285445631373,0.5127600912921608,fraca,spearman,"mensal: temperatura media diaria vs casos diarios, somente dias com casos"
2025-11-18,2025-11-01,3,27.829166666666666,23.4,34.9,16,0.17667285445631373,0.5127600912921608,fraca,spearman,"mensal: temperatura media diaria vs casos diarios, somente dias com casos"
2025-11-19,2025-11-01,1,25.575,22.3,30,16,0.17667285445631373,0.5127600912921608,fraca,spearman,"mensal: temperatura media diaria vs casos diarios, somente dias com casos"
2025-11-21,2025-11-01,6,22.175,16.7,27.8,16,0.17667285445631373,0.5127600912921608,fraca,spearman,"mensal: temperatura media diaria vs casos diarios, somente dias com casos"
2025-11-22,2025-11-01,1,25.116666666666667,19.3,34.2,16,0.17667285445631373,0.5127600912921608,fraca,spearman,"mensal: temperatura media diaria vs casos diarios, somente dias com casos"
2025-11-23,2025-11-01,1,24.941666666666663,22,30.3,16,0.17667285445631373,0.5127600912921608,fraca,spearman,"mensal: temperatura media diaria vs casos diarios, somente dias com casos"
2025-11-24,2025-11-01,3,22.354166666666668,21,25.3,16,0.17667285445631373,0.5127600912921608,fraca,spearman,"mensal: temperatura media diaria vs casos diarios, somente dias com casos"
2025-11-25,2025-11-01,4,24.0875,20,31.3,16,0.17667285445631373,0.5127600912921608,fraca,spearman,"mensal: temperatura media diaria vs casos diarios, somente dias com casos"
2025-11-26,2025-11-01,1,23.154166666666665,19.5,27.2,16,0.17667285445631373,0.5127600912921608,fraca,spearman,"mensal: temperatura media diaria vs casos diarios, somente dias com casos"
2025-11-28,2025-11-01,1,24.0125,20.5,28.4,16,0.17667285445631373,0.5127600912921608,fraca,spearman,"mensal: temperatura media diaria vs casos diarios, somente dias com casos"
2025-12-01,2025-12-01,10,24.991666666666667,19.8,30.7,15,0.38955259752897237,0.15120710522883835,moderada,spearman,"mensal: temperatura media diaria vs casos diarios, somente dias com casos"
2025-12-03,2025-12-01,2,24.958333333333332,22.3,31.4,15,0.38955259752897237,0.15120710522883835,moderada,spearman,"mensal: temperatura media diaria vs casos diarios, somente dias com casos"
2025-12-06,2025-12-01,1,23.770833333333332,19.9,28,15,0.38955259752897237,0.15120710522883835,moderada,spearman,"mensal: temperatura media diaria vs casos diarios, somente dias com casos"
2025-12-08,2025-12-01,2,27.3375,23.5,34.2,15,0.38955259752897237,0.15120710522883835,moderada,spearman,"mensal: temperatura media diaria vs casos diarios, somente dias com casos"
2025-12-09,2025-12-01,1,26.575,22.9,31.9,15,0.38955259752897237,0.15120710522883835,moderada,spearman,"mensal: temperatura media diaria vs casos diarios, somente dias com casos"
2025-12-11,2025-12-01,3,28.975,24,36,15,0.38955259752897237,0.15120710522883835,moderada,spearman,"mensal: temperatura media diaria vs casos diarios, somente dias com casos"
2025-12-12,2025-12-01,2,26.8375,21.1,34.5,15,0.38955259752897237,0.15120710522883835,moderada,spearman,"mensal: temperatura media diaria vs casos diarios, somente dias com casos"
2025-12-15,2025-12-01,1,27.270833333333332,24,33.5,15,0.38955259752897237,0.15120710522883835,moderada,spearman,"mensal: temperatura media diaria vs casos diarios, somente dias com casos"
2025-12-16,2025-12-01,5,27.5625,24.5,34.5,15,0.38955259752897237,0.15120710522883835,moderada,spearman,"mensal: temperatura media diaria vs casos diarios, somente dias com casos"
2025-12-17,2025-12-01,1,23.225,21.4,26.2,15,0.38955259752897237,0.15120710522883835,moderada,spearman,"mensal: temperatura media diaria vs casos diarios, somente dias com casos"
2025-12-18,2025-12-01,2,22.025,19.9,25.2,15,0.38955259752897237,0.15120710522883835,moderada,spearman,"mensal: temperatura media diaria vs casos diarios, somente dias com casos"
2025-12-22,2025-12-01,2,25.078260869565216,22.1,29.1,15,0.38955259752897237,0.15120710522883835,moderada,spearman,"mensal: temperatura media diaria vs casos diarios, somente dias com casos"
2025-12-26,2025-12-01,2,26.90416666666667,21.4,33.6,15,0.38955259752897237,0.15120710522883835,moderada,spearman,"mensal: temperatura media diaria vs casos diarios, somente dias com casos"
2025-12-29,2025-12-01,2,27.979166666666668,21.2,36.5,15,0.38955259752897237,0.15120710522883835,moderada,spearman,"mensal: temperatura media diaria vs casos diarios, somente dias com casos"
2025-12-30,2025-12-01,2,27.52916666666667,23.2,35.5,15,0.38955259752897237,0.15120710522883835,moderada,spearman,"mensal: temperatura media diaria vs casos diarios, somente dias com casos"
