date,temp_media,temp_min,temp_max,n_obs,temp_sd,estacoes,ano,mes,dia_ano,mes_nome,casos,mes_num,semana_epi,dia_semana
2020-01-08,27.954166666666666,24,35.1,24,4.0545175198586305,A607,2020,jan,8,jan,1,1,2,qua
2020-01-10,27.879166666666663,23.4,34.5,24,3.9480296865394897,A607,2020,jan,10,jan,2,1,2,sex
2020-01-28,27.645833333333332,23,34.6,24,4.280489525709664,A607,2020,jan,28,jan,1,1,5,ter
2020-02-13,22.8125,21.4,25.7,24,1.2386221306793672,A607,2020,fev,44,fev,1,2,7,qui
2020-04-06,24.65416666666667,21.6,29.1,24,2.565147536508957,A607,2020,abr,97,abr,1,4,15,seg
2020-04-10,23.175,20.4,26.6,24,2.0428560569862033,A607,2020,abr,101,abr,1,4,15,sex
2020-06-26,22.179166666666667,17.2,29.7,24,4.507961957968673,A607,2020,jun,178,jun,1,6,26,sex
2020-06-29,19.6875,18.1,23.4,24,1.5025521766242464,A607,2020,jun,181,jun,1,6,27,seg
2020-07-21,21.845833333333335,17.1,29.3,24,3.8006840536096025,A607,2020,jul,203,jul,1,7,30,ter
2020-09-22,21.258333333333333,19.7,22.8,24,0.979758917403605,A607,2020,set,266,set,1,9,39,ter
2021-03-22,26.59583333333333,21.8,33.3,24,4.126950570880726,A607,2021,mar,81,mar,1,3,12,seg
2021-05-21,23.991666666666667,19.5,31,24,3.8573381976454297,A607,2021,mai,141,mai,9,5,20,sex
2021-05-26,22.075,17.9,27.5,24,3.227901458546552,A607,2021,mai,146,mai,1,5,21,qua
2021-05-31,23.3,20.5,29.9,24,2.889561423017567,A607,2021,mai,151,mai,1,5,22,seg
2021-06-07,22.691666666666663,17.9,28.2,24,3.386021991590756,A607,2021,jun,158,jun,1,6,23,seg
2021-06-11,23.2375,20.3,29.2,24,2.877017250707678,A607,2021,jun,162,jun,1,6,23,sex
2021-06-14,19.925,15.4,23.6,24,2.318217081030723,A607,2021,jun,165,jun,5,6,24,seg
2021-06-18,19.891666666666666,17.1,24.1,24,2.619976214075013,A607,2021,jun,169,jun,1,6,24,sex
2021-06-21,21.71666666666667,18,27.1,24,2.9228733133334917,A607,2021,jun,172,jun,2,6,25,seg
2021-06-25,19.7875,14.5,27.4,24,4.62284614947752,A607,2021,jun,176,jun,1,6,25,sex
2021-06-28,20.483333333333334,15.3,27.9,24,4.207515704759413,A607,2021,jun,179,jun,4,6,26,seg
2021-07-05,18.125,13.1,25.6,24,3.68572451729525,A607,2021,jul,186,jul,2,7,27,seg
2021-07-06,19.420833333333334,15.6,24.6,24,3.2063766854933564,A607,2021,jul,187,jul,1,7,27,ter
2021-07-12,20.6375,15.2,27.7,24,4.259599134027602,A607,2021,jul,193,jul,1,7,28,seg
2021-07-26,20.645833333333332,15,29.5,24,4.68122792945785,A607,2021,jul,207,jul,1,7,30,seg
2021-08-02,17.3375,11.8,24.8,24,4.637635501360393,A607,2021,ago,214,ago,2,8,31,seg
2021-08-04,20.0625,17.3,24.2,24,2.488899267792369,A607,2021,ago,216,ago,2,8,31,qua
2021-08-09,20.583333333333332,15.7,27.3,24,3.875190504901064,A607,2021,ago,221,ago,3,8,32,seg
2021-08-17,22.3375,18.6,27,24,2.605981831162264,A607,2021,ago,229,ago,2,8,33,ter
2021-08-23,22.59166666666667,16.9,30.3,24,4.197195405906463,A607,2021,ago,235,ago,2,8,34,seg
2021-08-25,22.520833333333332,17.5,29.3,24,3.828494898573824,A607,2021,ago,237,ago,3,8,34,qua
2021-08-30,19.97083333333333,17.6,23.9,24,1.823870506145764,A607,2021,ago,242,ago,3,8,35,seg
2021-08-31,20.4,18.6,24,24,1.7077826966948797,A607,2021,ago,243,ago,1,8,35,ter
2021-09-03,21.9625,17.7,28.3,24,3.533788766109013,A607,2021,set,246,set,1,9,35,sex
2021-09-08,21.704166666666666,20,24.2,24,1.4060364169526698,A607,2021,set,251,set,1,9,36,qua
2021-09-10,24.183333333333337,22.3,28.2,24,1.7097334312099948,A607,2021,set,253,set,1,9,36,sex
2021-09-15,25.766666666666666,21.3,33.3,24,4.208962142718865,A607,2021,set,258,set,1,9,37,qua
2021-09-17,21.0375,20,22.2,24,0.6439095939783714,A607,2021,set,260,set,1,9,37,sex
2021-09-20,24.15,22.2,27.5,24,1.9190124271750235,A607,2021,set,263,set,1,9,38,seg
2021-09-21,25.5,21.5,35.4,20,4.101860938390615,A607,2021,set,264,set,3,9,38,ter
2021-09-27,23.934782608695652,21,27.6,23,2.2398475385720857,A607,2021,set,270,set,1,9,39,seg
2021-09-29,24.4875,20,30.6,24,3.512129602936954,A607,2021,set,272,set,1,9,39,qua
2021-10-04,25.241666666666667,22.3,30.9,24,2.6662001403506443,A607,2021,out,277,out,2,10,40,seg
2021-10-07,24.46666666666667,21.5,31.3,24,3.173486173398842,A607,2021,out,280,out,1,10,40,qui
2021-10-13,21.645833333333332,18.8,25.7,24,2.512746490901187,A607,2021,out,286,out,2,10,41,qua
2021-10-22,20.3,15.8,26.1,24,3.4743782678093775,A607,2021,out,295,out,1,10,42,sex
2021-10-26,23.275,19.3,27.6,24,3.2516550969568128,A607,2021,out,299,out,2,10,43,ter
2021-11-04,23.370833333333337,20.9,27.4,24,2.1800437105044805,A607,2021,nov,308,nov,2,11,44,qui
2021-11-08,23.225,20.8,26.5,24,2.07683915351315,A607,2021,nov,312,nov,1,11,45,seg
2021-11-16,22.5375,19.4,26.2,24,2.3384893860558043,A607,2021,nov,320,nov,1,11,46,ter
2021-11-24,24.208333333333332,19.7,29.4,24,3.3599840406798345,A607,2021,nov,328,nov,2,11,47,qua
2021-12-07,22.7375,20.6,25.9,24,1.6515638175614833,A607,2021,dez,341,dez,1,12,49,ter
2021-12-09,21.8625,17.5,28.4,24,3.81903840617322,A607,2021,dez,343,dez,2,12,49,qui
2021-12-20,22.741666666666667,20,25.4,24,2.0546694786915647,A607,2021,dez,354,dez,1,12,51,seg
2021-12-21,23.858333333333334,20.8,27.4,24,2.1137061345391426,A607,2021,dez,355,dez,1,12,51,ter
2021-12-27,25.9625,20.3,34.1,24,4.730733236668682,A607,2021,dez,361,dez,1,12,52,seg
2021-12-30,24.27916666666667,22.2,26.8,24,1.6043362887924193,A607,2021,dez,364,dez,1,12,52,qui
2022-01-17,26.491666666666667,23.2,30.7,24,2.8726471153407207,A607,2022,jan,17,jan,1,1,3,seg
2022-01-18,26.9375,23.3,32.2,24,3.103548109755223,A607,2022,jan,18,jan,1,1,3,ter
2022-01-24,26.275,22.1,31,24,3.360932841521441,A607,2022,jan,24,jan,1,1,4,seg
2022-01-31,27.029166666666665,23,34,24,4.02842931595221,A607,2022,jan,31,jan,1,1,5,seg
2022-02-02,25.325,22.8,29.8,24,2.5153874280204787,A607,2022,fev,33,fev,1,2,5,qua
2022-02-07,26.729166666666668,23.1,31.8,24,2.9578898422423676,A607,2022,fev,38,fev,3,2,6,seg
2022-02-14,26.570833333333333,22.9,32.1,24,3.1819435087307295,A607,2022,fev,45,fev,2,2,7,seg
2022-02-21,26.854166666666668,23.6,33.6,24,3.15111838899291,A607,2022,fev,52,fev,2,2,8,seg
2022-02-24,26.3875,23.1,30.6,24,2.647773880402012,A607,2022,fev,55,fev,1,2,8,qui
2022-03-07,26.7375,22.5,32.6,24,3.3454462885488416,A607,2022,mar,66,mar,1,3,10,seg
2022-03-09,26.679166666666667,21.9,31.8,24,3.3732939864234455,A607,2022,mar,68,mar,1,3,10,qua
2022-03-11,26.533333333333335,21.8,33,24,3.947334451926048,A607,2022,mar,70,mar,1,3,10,sex
2022-03-17,27.575,23,32.6,24,3.0088637173466695,A607,2022,mar,76,mar,1,3,11,qui
2022-03-22,22.166666666666664,20.9,24.5,24,1.1040111320589778,A607,2022,mar,81,mar,1,3,12,ter
2022-03-23,23.7625,19.8,28.3,24,2.946894090836774,A607,2022,mar,82,mar,1,3,12,qua
2022-03-24,25.083333333333332,20.6,30.8,24,3.4068558329736622,A607,2022,mar,83,mar,1,3,12,qui
2022-03-25,26.270833333333332,21.4,33.8,24,4.354356056487189,A607,2022,mar,84,mar,1,3,12,sex
2022-03-29,25.775,22,32.3,24,3.3040488995223396,A607,2022,mar,88,mar,1,3,13,ter
2022-04-04,26.3625,22.9,31.6,24,3.0017114683344293,A607,2022,abr,94,abr,1,4,14,seg
2022-04-05,26.9375,22.8,34.8,24,4.0830308968152345,A607,2022,abr,95,abr,3,4,14,ter
2022-04-12,25.4375,21.1,32.3,24,3.5838784553342062,A607,2022,abr,102,abr,3,4,15,ter
2022-04-18,22.233333333333334,16.7,27.8,24,3.5140298514812662,A607,2022,abr,108,abr,3,4,16,seg
2022-04-19,22.65,17.4,28,24,3.5306114755526905,A607,2022,abr,109,abr,2,4,16,ter
2022-04-20,23.054166666666667,17.9,29.8,24,4.195855011241727,A607,2022,abr,110,abr,9,4,16,qua
2022-04-23,26.645833333333332,20.5,35,24,5.408606600809384,A607,2022,abr,113,abr,1,4,16,sáb
2022-04-25,23.925,21.3,27.5,24,1.9715917206773512,A607,2022,abr,115,abr,17,4,17,seg
2022-04-26,23.875,19.3,30.6,24,4.030562588846462,A607,2022,abr,116,abr,5,4,17,ter
2022-04-27,25.304166666666667,21,31.7,24,3.8103382443336815,A607,2022,abr,117,abr,8,4,17,qua
2022-04-28,25.245833333333337,20.9,32,24,3.630783741798752,A607,2022,abr,118,abr,5,4,17,qui
2022-04-29,25.654166666666665,21,32.9,24,3.786702037240398,A607,2022,abr,119,abr,4,4,17,sex
2022-05-02,25.945833333333333,21.2,33.6,24,4.3986143239677755,A607,2022,mai,122,mai,11,5,18,seg
2022-05-03,25.2375,20.3,33,24,4.239033164993292,A607,2022,mai,123,mai,7,5,18,ter
2022-05-04,26.041666666666668,21.4,33.3,24,3.900046450856782,A607,2022,mai,124,mai,8,5,18,qua
2022-05-05,23.933333333333337,22.4,25.4,24,0.8981462390204986,A607,2022,mai,125,mai,9,5,18,qui
2022-05-06,23.40833333333333,20.4,27,24,2.0884603579351624,A607,2022,mai,126,mai,12,5,18,sex
2022-05-09,22.1375,18.2,26.8,24,3.0418547688511706,A607,2022,mai,129,mai,18,5,19,seg
2022-05-10,20.5125,18.2,23.5,24,1.487429209130274,A607,2022,mai,130,mai,9,5,19,ter
2022-05-11,22.558333333333337,18.2,29.2,24,3.885414942494857,A607,2022,mai,131,mai,15,5,19,qua
2022-05-12,23.216666666666665,19.7,28.1,24,2.8208334671290616,A607,2022,mai,132,mai,14,5,19,qui
2022-05-13,23.3625,20.7,27.1,24,2.239528774192192,A607,2022,mai,133,mai,10,5,19,sex
2022-05-16,24,20.6,28.1,24,2.56853874885076,A607,2022,mai,136,mai,29,5,20,seg
2022-05-17,22.870833333333337,19.8,29.2,24,3.0503712057311354,A607,2022,mai,137,mai,23,5,20,ter
2022-05-18,19.525,16.3,23.4,24,2.178002674969412,A607,2022,mai,138,mai,21,5,20,qua
2022-05-19,19.058333333333337,15.4,24.7,24,2.9544243412898212,A607,2022,mai,139,mai,9,5,20,qui
2022-05-20,18.575,13,25.2,24,4.263622668678546,A607,2022,mai,140,mai,16,5,20,sex
2022-05-21,18.570833333333333,12.7,26.2,24,4.775888641796475,A607,2022,mai,141,mai,1,5,20,sáb
2022-05-23,19.708333333333332,16.3,25.2,24,2.941001998235157,A607,2022,mai,143,mai,26,5,21,seg
2022-05-24,20.2875,16.6,25.6,24,2.9518325185198604,A607,2022,mai,144,mai,13,5,21,ter
2022-05-25,21.775,17,27.2,24,3.2713844961635328,A607,2022,mai,145,mai,12,5,21,qua
2022-05-26,20.754166666666663,17.3,25.8,24,3.195646381735853,A607,2022,mai,146,mai,11,5,21,qui
2022-05-27,20.6375,14.9,27.2,24,4.350893211644068,A607,2022,mai,147,mai,7,5,21,sex
2022-05-30,24.816666666666663,20.1,31.9,24,3.9751036810833393,A607,2022,mai,150,mai,19,5,22,seg
2022-05-31,22.770833333333332,18.7,28.5,24,3.29142220702959,A607,2022,mai,151,mai,11,5,22,ter
2022-06-01,23.225,19,30.4,24,3.790749610393128,A607,2022,jun,152,jun,11,6,22,qua
2022-06-02,24.55,20.2,32.3,24,4.4685373543203735,A607,2022,jun,153,jun,10,6,22,qui
2022-06-03,22.666666666666668,19.6,26,24,1.716585758611164,A607,2022,jun,154,jun,4,6,22,sex
2022-06-05,19.245833333333337,16.7,23.9,24,2.3323768743618536,A607,2022,jun,156,jun,1,6,23,dom
2022-06-06,18.891666666666666,12.8,27.1,24,5.353090668963579,A607,2022,jun,157,jun,17,6,23,seg
2022-06-07,22.1125,16.6,30.4,24,5.561147246355933,A607,2022,jun,158,jun,13,6,23,ter
2022-06-08,22.379166666666663,15.8,30.5,24,4.847947047948249,A607,2022,jun,159,jun,9,6,23,qua
2022-06-09,22.2625,18.3,28.4,24,3.357770028637666,A607,2022,jun,160,jun,9,6,23,qui
2022-06-10,23.483333333333334,18.9,30.6,24,4.2148460868971105,A607,2022,jun,161,jun,7,6,23,sex
2022-06-13,20.020833333333332,16.4,24.6,24,2.635209614080999,A607,2022,jun,164,jun,18,6,24,seg
2022-06-14,18.758333333333333,16,23.1,24,2.3104519916668043,A607,2022,jun,165,jun,2,6,24,ter
2022-06-15,18.058333333333337,12.5,25.4,24,4.7232005238403545,A607,2022,jun,166,jun,11,6,24,qua
2022-06-17,19.658333333333335,13.8,28,24,4.675925080913812,A607,2022,jun,168,jun,3,6,24,sex
2022-06-20,19.720833333333335,15.5,24.8,24,3.4589492205213026,A607,2022,jun,171,jun,8,6,25,seg
2022-06-21,20.825,16.2,27.7,24,4.04896658849917,A607,2022,jun,172,jun,7,6,25,ter
2022-06-22,22.083333333333332,17.8,29.4,24,4.066904245851817,A607,2022,jun,173,jun,6,6,25,qua
2022-06-23,22.745833333333337,17.5,31,24,4.446687009709458,A607,2022,jun,174,jun,5,6,25,qui
2022-06-24,22.9125,17.5,30.6,24,4.101464478642381,A607,2022,jun,175,jun,5,6,25,sex
2022-06-27,18.7375,15.3,24,24,2.7234588781308164,A607,2022,jun,178,jun,16,6,26,seg
2022-06-28,17.4875,11.7,24.8,24,4.802744912615303,A607,2022,jun,179,jun,6,6,26,ter
2022-06-29,20.495833333333337,14.6,28.9,24,5.160424583700257,A607,2022,jun,180,jun,2,6,26,qua
2022-06-30,20.5,16.7,25.2,24,2.7806786784962187,A607,2022,jun,181,jun,6,6,26,qui
2022-07-01,20.22083333333333,15.5,25.8,24,3.162549764745648,A607,2022,jul,182,jul,5,7,26,sex
2022-07-04,21.46666666666667,16.1,28.8,24,4.28746065178209,A607,2022,jul,185,jul,16,7,27,seg
2022-07-05,22.25,16.6,30.1,24,4.116245651181373,A607,2022,jul,186,jul,6,7,27,ter
2022-07-06,21.8625,16.7,29.5,24,4.327647468162772,A607,2022,jul,187,jul,6,7,27,qua
2022-07-07,21.370833333333337,16,29.3,24,4.250061806882206,A607,2022,jul,188,jul,12,7,27,qui
2022-07-08,21.616666666666667,16.1,29.3,24,4.333957591601134,A607,2022,jul,189,jul,4,7,27,sex
2022-07-11,22.079166666666666,17.3,28.2,24,3.3950064566329927,A607,2022,jul,192,jul,4,7,28,seg
2022-07-12,23.345833333333335,18.8,32.1,24,4.05033323016296,A607,2022,jul,193,jul,8,7,28,ter
2022-07-13,21.870833333333337,17.5,27.5,24,3.331728780478187,A607,2022,jul,194,jul,12,7,28,qua
2022-07-14,22.470833333333335,20,26.1,24,1.9389551571527577,A607,2022,jul,195,jul,2,7,28,qui
2022-07-15,22.708333333333332,19.8,28.3,24,2.764041883950365,A607,2022,jul,196,jul,9,7,28,sex
2022-07-18,22.52173913043478,18.7,28.1,23,2.97885831115625,A607,2022,jul,199,jul,10,7,29,seg
2022-07-19,21.9,17.5,28.8,24,3.7887705933053866,A607,2022,jul,200,jul,4,7,29,ter
2022-07-20,21.6625,18.1,26.8,24,3.0263785935180594,A607,2022,jul,201,jul,7,7,29,qua
2022-07-21,21.916666666666668,19.1,26.3,24,2.3830318041751233,A607,2022,jul,202,jul,4,7,29,qui
2022-07-22,21.8875,17.4,27.8,24,3.522636426216073,A607,2022,jul,203,jul,8,7,29,sex
2022-07-25,21.2875,17.3,27.5,24,3.46263439544543,A607,2022,jul,206,jul,12,7,30,seg
2022-07-26,21.341666666666665,17.7,27.1,24,3.33361230716662,A607,2022,jul,207,jul,8,7,30,ter
2022-07-27,21.0625,17,26.9,24,3.502025811242501,A607,2022,jul,208,jul,2,7,30,qua
2022-07-28,21.479166666666668,15.9,30.4,24,4.784029515565001,A607,2022,jul,209,jul,6,7,30,qui
2022-07-29,23.025,17.2,32.6,24,5.4655641341354535,A607,2022,jul,210,jul,2,7,30,sex
2022-08-01,20.591666666666665,15.3,28.3,24,4.48600884554621,A607,2022,ago,213,ago,6,8,31,seg
2022-08-02,22.65,18.4,30.5,24,3.968900844445913,A607,2022,ago,214,ago,3,8,31,ter
2022-08-03,22.829166666666666,19.8,28.7,24,3.098453915530561,A607,2022,ago,215,ago,3,8,31,qua
2022-08-04,21.758333333333333,16.6,30.4,24,4.61471339414973,A607,2022,ago,216,ago,4,8,31,qui
2022-08-05,24.8,19.3,33.9,24,5.45016952269257,A607,2022,ago,217,ago,3,8,31,sex
2022-08-08,22.658333333333335,18.3,27.6,24,2.805261619461399,A607,2022,ago,220,ago,6,8,32,seg
2022-08-09,22.8625,19.7,27.5,24,2.6916638623398144,A607,2022,ago,221,ago,4,8,32,ter
2022-08-10,24.645833333333332,21,31.5,24,3.4836236963786744,A607,2022,ago,222,ago,2,8,32,qua
2022-08-11,22.491666666666667,18.5,28.7,24,2.8495486548279683,A607,2022,ago,223,ago,3,8,32,qui
2022-08-12,19.708333333333332,15.9,24.3,24,2.6108330615652773,A607,2022,ago,224,ago,3,8,32,sex
2022-08-15,20.591666666666665,14.9,26.9,24,4.281397239084524,A607,2022,ago,227,ago,6,8,33,seg
2022-08-16,22.716666666666665,17,29.8,24,3.8963379313609745,A607,2022,ago,228,ago,2,8,33,ter
2022-08-17,23.254166666666663,18.8,29,24,3.569676537126319,A607,2022,ago,229,ago,3,8,33,qua
2022-08-18,23.866666666666667,19.2,30.5,24,3.2725029201390856,A607,2022,ago,230,ago,3,8,33,qui
2022-08-19,20.933333333333337,17.1,25.9,24,2.6664855010924455,A607,2022,ago,231,ago,3,8,33,sex
2022-08-22,19.1375,16.3,22.6,24,2.252498612652181,A607,2022,ago,234,ago,2,8,34,seg
2022-08-23,19.466666666666665,13.9,25.4,24,3.581312203850605,A607,2022,ago,235,ago,3,8,34,ter
2022-08-24,20.72083333333333,18.1,26.1,24,2.766724506117952,A607,2022,ago,236,ago,4,8,34,qua
2022-08-25,20.9375,18.2,25.2,24,2.212771722444991,A607,2022,ago,237,ago,4,8,34,qui
2022-08-26,22.725,18.8,27.8,24,2.9949595337325765,A607,2022,ago,238,ago,2,8,34,sex
2022-08-29,20.275,16.4,22,24,1.5927143907288532,A607,2022,ago,241,ago,1,8,35,seg
2022-08-30,17.233333333333334,14.7,21.2,24,2.180081104727163,A607,2022,ago,242,ago,6,8,35,ter
2022-09-01,18.775,13.3,25.4,24,4.023977050673603,A607,2022,set,244,set,3,9,35,qui
2022-09-02,20.758333333333333,13.9,29.1,24,4.7116799059604935,A607,2022,set,245,set,2,9,35,sex
2022-09-06,20.5125,16.1,25.1,24,2.644158861898528,A607,2022,set,249,set,3,9,36,ter
2022-09-08,22.1,15.7,29.2,24,3.8637670287135473,A607,2022,set,251,set,6,9,36,qui
2022-09-09,23.4,18.1,32,24,4.531148237238116,A607,2022,set,252,set,4,9,36,sex
2022-09-10,24.375,18,35.2,24,5.664477411714702,A607,2022,set,253,set,1,9,36,sáb
2022-09-12,20.391666666666666,18.3,23.4,24,1.815852097660961,A607,2022,set,255,set,6,9,37,seg
2022-09-13,22.529166666666665,18.7,28.6,24,3.676184123536922,A607,2022,set,256,set,6,9,37,ter
2022-09-15,22.666666666666668,20.3,27.8,24,2.5311394008759507,A607,2022,set,258,set,3,9,37,qui
2022-09-16,18.6125,16.9,20,24,0.937300703454154,A607,2022,set,259,set,1,9,37,sex
2022-09-19,19.3,13.5,26.1,24,4.333790388382297,A607,2022,set,262,set,1,9,38,seg
2022-09-20,22.0875,17,31.4,24,4.728113191097067,A607,2022,set,263,set,2,9,38,ter
2022-09-21,23.033333333333335,20.2,27.5,24,2.3921368774758083,A607,2022,set,264,set,2,9,38,qua
2022-09-22,23.9625,20.3,32.8,24,3.828475971045079,A607,2022,set,265,set,2,9,38,qui
2022-09-23,22.375,20,27.2,24,2.2458173683926113,A607,2022,set,266,set,3,9,38,sex
2022-09-26,22.954166666666666,20.2,26.6,24,2.4079540596994766,A607,2022,set,269,set,3,9,39,seg
2022-09-27,24.45,21.9,30,24,2.8253510747608295,A607,2022,set,270,set,5,9,39,ter
2022-09-28,23.658333333333335,20.3,28.8,24,2.2559904152330055,A607,2022,set,271,set,2,9,39,qua
2022-09-29,21,20.2,23.1,24,0.9207747210672772,A607,2022,set,272,set,4,9,39,qui
2022-09-30,20.270833333333332,18.4,22.5,24,1.1877926794164724,A607,2022,set,273,set,2,9,39,sex
2022-10-01,20.5625,17.6,23.9,24,2.2323340290806177,A607,2022,out,274,out,1,10,39,sáb
2022-10-03,21.995833333333337,20.7,24.3,24,1.2199355530613851,A607,2022,out,276,out,2,10,40,seg
2022-10-04,22.033333333333335,18.9,27.7,24,2.683389593433076,A607,2022,out,277,out,2,10,40,ter
2022-10-05,21.945833333333333,20.1,24.2,24,1.411129417128017,A607,2022,out,278,out,1,10,40,qua
2022-10-06,22.8875,20.1,26,24,1.896521415186464,A607,2022,out,279,out,2,10,40,qui
2022-10-07,25.541666666666668,21.6,32,24,3.0883957657329315,A607,2022,out,280,out,2,10,40,sex
2022-10-10,25.2375,22,30.6,24,2.710496906152241,A607,2022,out,283,out,1,10,41,seg
2022-10-11,25.504166666666663,22.2,29.8,24,2.607594121302101,A607,2022,out,284,out,1,10,41,ter
2022-10-13,25.354166666666668,21.7,31.3,24,2.8676576059438363,A607,2022,out,286,out,1,10,41,qui
2022-10-14,25.233333333333334,22.3,29.7,24,2.6222570209760083,A607,2022,out,287,out,1,10,41,sex
2022-10-17,23.525,18.9,30,24,3.5568977690018637,A607,2022,out,290,out,3,10,42,seg
2022-10-18,25.141666666666666,21.4,29.6,24,2.65901529120097,A607,2022,out,291,out,1,10,42,ter
2022-10-19,24.7,21.9,28,24,1.9484665096250524,A607,2022,out,292,out,6,10,42,qua
2022-10-20,24.916666666666668,21.9,29.4,24,2.8194459317956144,A607,2022,out,293,out,1,10,42,qui
2022-10-21,25.833333333333332,22,31.5,24,2.9368226940405995,A607,2022,out,294,out,1,10,42,sex
2022-10-24,23.917391304347827,20.3,28.2,23,2.735565783910664,A607,2022,out,297,out,8,10,43,seg
2022-10-25,23.55238095238095,20.8,28.2,21,2.458784058761372,A607,2022,out,298,out,1,10,43,ter
2022-10-26,23.075,20.1,27.1,24,2.589485428151449,A607,2022,out,299,out,2,10,43,qua
2022-10-27,25.525,21,32.3,24,3.629618497140244,A607,2022,out,300,out,3,10,43,qui
2022-10-28,26.27916666666667,21.7,34.1,24,3.668903303342208,A607,2022,out,301,out,8,10,43,sex
2022-10-29,26.95,22.8,34.3,24,3.7916383977286694,A607,2022,out,302,out,2,10,43,sáb
2022-10-31,27.15416666666667,24,34,24,3.482000819951789,A607,2022,out,304,out,5,10,44,seg
2022-11-01,23.729166666666668,22.3,25.4,24,0.8814410960450512,A607,2022,nov,305,nov,3,11,44,ter
2022-11-03,18.9875,17.5,20.4,16,1.0726136303441234,A607,2022,nov,307,nov,6,11,44,qui
2022-11-04,19.733333333333334,16.8,24.1,24,2.634332960149027,A607,2022,nov,308,nov,5,11,44,sex
2022-11-07,21.933333333333337,16.6,26.8,24,3.526134312303744,A607,2022,nov,311,nov,7,11,45,seg
2022-11-08,22.291666666666668,19.5,26.4,24,2.3887265420624484,A607,2022,nov,312,nov,4,11,45,ter
2022-11-09,21.139130434782608,18.1,25.6,23,2.304489517606642,A607,2022,nov,313,nov,6,11,45,qua
2022-11-10,24.266666666666666,19,31.7,24,4.214536610421092,A607,2022,nov,314,nov,7,11,45,qui
2022-11-11,25.225,21.8,30.1,24,2.941199104772243,A607,2022,nov,315,nov,3,11,45,sex
2022-11-16,22.666666666666668,20.6,26.3,24,1.8525344957573704,A607,2022,nov,320,nov,8,11,46,qua
2022-11-17,23.241666666666667,19.6,27.7,24,2.934934510293227,A607,2022,nov,321,nov,8,11,46,qui
2022-11-18,22.654166666666665,18.5,26.9,24,2.9761339332102974,A607,2022,nov,322,nov,5,11,46,sex
2022-11-21,23.375,21.2,26.6,24,1.9276590894702803,A607,2022,nov,325,nov,11,11,47,seg
2022-11-22,24.1625,20.3,28.3,24,2.8313174840791295,A607,2022,nov,326,nov,3,11,47,ter
2022-11-23,25.025,22.7,28.7,24,1.8935244341197963,A607,2022,nov,327,nov,4,11,47,qua
2022-11-24,23.35,21,25.8,14,1.4200487532259105,A607,2022,nov,328,nov,5,11,47,qui
2022-11-25,23.629166666666663,20.4,28.3,24,2.638424952861851,A607,2022,nov,329,nov,1,11,47,sex
2022-11-28,24.095833333333335,22.3,26.8,24,1.672404976612155,A607,2022,nov,332,nov,3,11,48,seg
2022-11-29,23.45,22.5,26.1,24,1.1302173703973166,A607,2022,nov,333,nov,7,11,48,ter
2022-11-30,23.436363636363637,21.7,25.7,22,1.071956579853358,A607,2022,nov,334,nov,10,11,48,qua
2022-12-01,24.8375,22.2,27.3,24,1.240551244932811,A607,2022,dez,335,dez,1,12,48,qui
2022-12-02,23.829166666666666,23.1,25.5,24,0.7086295203429284,A607,2022,dez,336,dez,5,12,48,sex
2022-12-05,24.934782608695652,22.5,29,23,2.2634665079057537,A607,2022,dez,339,dez,6,12,49,seg
2022-12-06,24.516666666666666,22.6,27.6,24,1.795808323912072,A607,2022,dez,340,dez,8,12,49,ter
2022-12-07,24.2,22.4,27.8,24,1.9531468477038925,A607,2022,dez,341,dez,3,12,49,qua
2022-12-08,24.05,21.8,27.5,24,1.8280424312457253,A607,2022,dez,342,dez,8,12,49,qui
2022-12-12,27.856521739130436,23.7,34.8,23,3.62100263449937,A607,2022,dez,346,dez,9,12,50,seg
2022-12-13,26.545833333333334,23.3,32.7,24,3.008969080521804,A607,2022,dez,347,dez,3,12,50,ter
2022-12-14,23.383333333333333,21.1,25.9,24,1.4333501852733643,A607,2022,dez,348,dez,5,12,50,qua
2022-12-15,22.975,19.5,26.8,24,2.314087293081227,A607,2022,dez,349,dez,8,12,50,qui
2022-12-16,23.83478260869565,19.9,30.4,23,3.569391174932189,A607,2022,dez,350,dez,4,12,50,sex
2022-12-19,22.870833333333337,21.7,24.7,24,0.7926176591668825,A607,2022,dez,353,dez,10,12,51,seg
2022-12-20,22.63478260869565,20.9,24.2,23,1.2145364606421865,A607,2022,dez,354,dez,4,12,51,ter
2022-12-21,24.547826086956523,21.9,29.9,23,2.3200449770752667,A607,2022,dez,355,dez,6,12,51,qua
2022-12-22,23.421739130434784,21.3,26.6,23,1.6059425218229977,A607,2022,dez,356,dez,4,12,51,qui
2022-12-23,21.8375,20.1,23.9,24,1.3177096401150648,A607,2022,dez,357,dez,3,12,51,sex
2022-12-26,24.883333333333333,21.9,29.2,24,2.5121732608945635,A607,2022,dez,360,dez,6,12,52,seg
2022-12-27,25.079166666666666,22.5,29.4,24,2.291189014780159,A607,2022,dez,361,dez,8,12,52,ter
2022-12-28,25.75,22.7,30.4,24,2.7446390433462957,A607,2022,dez,362,dez,7,12,52,qua
2022-12-29,26.775,23.3,33.4,24,3.255663960866809,A607,2022,dez,363,dez,9,12,52,qui
2022-12-30,24.741666666666667,22.3,28.9,24,2.220441919717915,A607,2022,dez,364,dez,2,12,52,sex
2023-01-02,24.883333333333333,22.3,28.7,24,1.7758443592854063,A607,2023,jan,2,jan,7,1,1,seg
2023-01-03,25.583333333333332,20.8,31.4,24,3.649022104460396,A607,2023,jan,3,jan,9,1,1,ter
2023-01-04,26.420833333333334,22.7,33,24,3.703345041007336,A607,2023,jan,4,jan,4,1,1,qua
2023-01-05,25.7625,22.8,33,24,3.407512480439041,A607,2023,jan,5,jan,4,1,1,qui
2023-01-06,23.9125,22.5,27.5,24,1.4818650117481948,A607,2023,jan,6,jan,13,1,1,sex
2023-01-09,25.15,21.7,30.7,24,2.958701242687112,A607,2023,jan,9,jan,17,1,2,seg
2023-01-10,25.304166666666667,22.6,28.7,24,1.6726649308855892,A607,2023,jan,10,jan,7,1,2,ter
2023-01-11,27.133333333333333,23.6,32.7,24,3.2464919751829875,A607,2023,jan,11,jan,11,1,2,qua
2023-01-12,25.920833333333334,23.1,33.2,24,3.291884509394035,A607,2023,jan,12,jan,15,1,2,qui
2023-01-13,26.8125,23,33.5,24,3.747383144913609,A607,2023,jan,13,jan,7,1,2,sex
2023-01-16,26.4875,22.6,30.6,24,2.771330319382811,A607,2023,jan,16,jan,20,1,3,seg
2023-01-17,26.954166666666666,23.2,31.9,24,2.7580678754876757,A607,2023,jan,17,jan,10,1,3,ter
2023-01-18,26.570833333333333,22.9,31.1,24,2.7149312052564727,A607,2023,jan,18,jan,11,1,3,qua
2023-01-19,26.1,23.1,29.8,24,2.263894297732195,A607,2023,jan,19,jan,18,1,3,qui
2023-01-20,25.208333333333332,22.6,31.3,24,2.449829926069699,A607,2023,jan,20,jan,12,1,3,sex
2023-01-22,26.079166666666666,21.5,32.7,24,3.8924653154375135,A607,2023,jan,22,jan,1,1,4,dom
2023-01-23,27.120833333333337,23.1,34.6,24,3.780036710963517,A607,2023,jan,23,jan,21,1,4,seg
2023-01-24,25.8,23.4,29.8,24,2.364593907593033,A607,2023,jan,24,jan,16,1,4,ter
2023-01-25,24.841666666666665,22.4,29.1,24,2.218482965151337,A607,2023,jan,25,jan,6,1,4,qua
2023-01-26,25.3625,23,28.5,24,1.9241740181630955,A607,2023,jan,26,jan,11,1,4,qui
2023-01-27,25.804166666666667,22.3,30.1,24,2.8789308351579392,A607,2023,jan,27,jan,12,1,4,sex
2023-01-30,26.45,23.3,31.4,24,2.733209611904783,A607,2023,jan,30,jan,18,1,5,seg
2023-01-31,26.8875,23,31.8,24,2.8962213012970808,A607,2023,jan,31,jan,18,1,5,ter
2023-02-01,26.991666666666667,22.5,34,24,3.513194590665888,A607,2023,fev,32,fev,10,2,5,qua
2023-02-02,27.054166666666667,22.8,34.2,24,3.866014593942929,A607,2023,fev,33,fev,16,2,5,qui
2023-02-03,27.358333333333334,22.6,34.2,24,4.082403029191707,A607,2023,fev,34,fev,26,2,5,sex
2023-02-06,26.775,23.1,34.4,24,3.6697648307546182,A607,2023,fev,37,fev,29,2,6,seg
2023-02-07,26.820833333333333,23.5,32.3,24,3.038732454089407,A607,2023,fev,38,fev,17,2,6,ter
2023-02-08,24.991666666666667,21.9,29.1,24,2.7794144936544156,A607,2023,fev,39,fev,24,2,6,qua
2023-02-09,25.3875,21.5,31.9,24,3.881540763105828,A607,2023,fev,40,fev,21,2,6,qui
2023-02-10,26.670833333333334,22.6,32.4,24,3.371295605248969,A607,2023,fev,41,fev,23,2,6,sex
2023-02-13,27.541666666666668,23.7,33.6,24,3.462207974395966,A607,2023,fev,44,fev,33,2,7,seg
2023-02-14,27.233333333333334,23.2,33.7,24,3.442277641666756,A607,2023,fev,45,fev,34,2,7,ter
2023-02-15,26.954166666666666,22.7,33.1,24,3.5657768428147074,A607,2023,fev,46,fev,21,2,7,qua
2023-02-16,27.058333333333337,24,31.7,24,2.5629325368424736,A607,2023,fev,47,fev,19,2,7,qui
2023-02-17,27.779166666666665,24.5,34,24,3.1985022536597763,A607,2023,fev,48,fev,3,2,7,sex
2023-02-21,27.5625,23.2,34.3,24,3.3385511697506565,A607,2023,fev,52,fev,1,2,8,ter
2023-02-23,27.0375,23.6,31.7,24,2.957203805595091,A607,2023,fev,54,fev,39,2,8,qui
2023-02-24,26.558333333333337,23.1,32,24,3.084451422815756,A607,2023,fev,55,fev,38,2,8,sex
2023-02-27,27.804166666666667,23.2,35.3,24,3.870454323030653,A607,2023,fev,58,fev,56,2,9,seg
2023-02-28,27.52916666666667,23.4,33.6,24,3.266493821218398,A607,2023,fev,59,fev,44,2,9,ter
2023-03-01,27.0625,22.4,33.2,24,3.6017885050045075,A607,2023,mar,60,mar,32,3,9,qua
2023-03-02,27.2375,23,32.9,24,3.4414118058423786,A607,2023,mar,61,mar,45,3,9,qui
2023-03-03,27.47083333333333,23.4,33.6,24,3.4585092499347256,A607,2023,mar,62,mar,27,3,9,sex
2023-03-04,27.441666666666663,22.6,33.4,24,3.4107141502173337,A607,2023,mar,63,mar,2,3,9,sáb
2023-03-06,27.666666666666668,22.4,36.9,24,4.389975405166982,A607,2023,mar,65,mar,48,3,10,seg
2023-03-07,27.466666666666665,23.1,32.4,24,3.339964418798586,A607,2023,mar,66,mar,33,3,10,ter
2023-03-08,27.070833333333333,23.1,32.5,24,3.062888543823307,A607,2023,mar,67,mar,35,3,10,qua
2023-03-09,27.116666666666667,23,32.6,24,3.105068320562741,A607,2023,mar,68,mar,34,3,10,qui
2023-03-10,27.191666666666663,22.1,33.8,24,3.5815853505379995,A607,2023,mar,69,mar,53,3,10,sex
2023-03-13,26.5625,22.8,31.1,24,2.7699964683700604,A607,2023,mar,72,mar,62,3,11,seg
2023-03-14,26.2875,22.6,30.7,24,2.485840335563216,A607,2023,mar,73,mar,50,3,11,ter
2023-03-15,25.166666666666668,22.5,30.4,24,2.2998424646742306,A607,2023,mar,74,mar,52,3,11,qua
2023-03-16,25.7375,22.8,29.4,24,2.4106308934276575,A607,2023,mar,75,mar,35,3,11,qui
2023-03-17,24.7625,21.5,29.2,24,2.538882414182169,A607,2023,mar,76,mar,65,3,11,sex
2023-03-18,25.633333333333333,21.3,31.4,24,3.302392632842024,A607,2023,mar,77,mar,2,3,11,sáb
2023-03-19,26.275,21.6,32.8,24,3.9009753518385857,A607,2023,mar,78,mar,1,3,12,dom
2023-03-20,27.004166666666663,22.2,34.5,24,3.930978323485153,A607,2023,mar,79,mar,71,3,12,seg
2023-03-21,27.2625,22.5,36,24,3.927695695730624,A607,2023,mar,80,mar,60,3,12,ter
2023-03-22,27.358333333333334,23.7,32.6,24,2.9793370529972467,A607,2023,mar,81,mar,59,3,12,qua
2023-03-23,26.35,21.6,32.5,24,3.2427846326749856,A607,2023,mar,82,mar,35,3,12,qui
2023-03-24,26.604166666666668,22.2,33.4,24,3.897321172143832,A607,2023,mar,83,mar,146,3,12,sex
2023-03-27,26.6625,23.4,31.1,24,2.698761793376975,A607,2023,mar,86,mar,138,3,13,seg
2023-03-28,26.416666666666668,23,30.8,24,2.6417495300861025,A607,2023,mar,87,mar,43,3,13,ter
2023-03-29,26.491666666666667,22.7,31.2,24,3.01804956692328,A607,2023,mar,88,mar,152,3,13,qua
2023-03-30,27.366666666666667,23,35.3,24,3.874629482052239,A607,2023,mar,89,mar,97,3,13,qui
2023-03-31,28.15,22.1,36.8,24,5.219778439409257,A607,2023,mar,90,mar,107,3,13,sex
2023-04-03,24.858333333333334,22.7,27.9,24,1.8289737361526628,A607,2023,abr,93,abr,110,4,14,seg
2023-04-04,24.09166666666667,19.9,29.8,24,3.380881884781038,A607,2023,abr,94,abr,113,4,14,ter
2023-04-05,24.96666666666667,20.2,32.6,24,4.038582044175435,A607,2023,abr,95,abr,47,4,14,qua
2023-04-06,24.954166666666666,22.2,29.4,24,2.438456241268174,A607,2023,abr,96,abr,37,4,14,qui
2023-04-10,23.3125,20.6,27.2,24,2.454155747865772,A607,2023,abr,100,abr,95,4,15,seg
2023-04-11,23.445833333333333,20.3,28,24,2.2389786426669733,A607,2023,abr,101,abr,55,4,15,ter
2023-04-12,24.004166666666663,22.2,27.2,24,1.8005987329500843,A607,2023,abr,102,abr,59,4,15,qua
2023-04-13,25.704166666666666,21.4,31.7,24,3.8355861370190545,A607,2023,abr,103,abr,43,4,15,qui
2023-04-14,26.816666666666663,23,34.2,24,4.106798887387752,A607,2023,abr,104,abr,35,4,15,sex
2023-04-15,25.354166666666668,22.1,32.2,24,3.6371248997294394,A607,2023,abr,105,abr,2,4,15,sáb
2023-04-17,25.0375,20.6,31.8,24,3.809463330912272,A607,2023,abr,107,abr,78,4,16,seg
2023-04-18,26.5875,22.9,31.6,24,3.3358803674722743,A607,2023,abr,108,abr,65,4,16,ter
2023-04-19,26.6375,24.1,30.4,24,1.924851772949306,A607,2023,abr,109,abr,74,4,16,qua
2023-04-20,24.354166666666668,22.1,28.8,24,2.261776748039252,A607,2023,abr,110,abr,48,4,16,qui
2023-04-21,23.054166666666667,19.4,26.6,24,2.2904298375151577,A607,2023,abr,111,abr,1,4,16,sex
2023-04-24,21.916666666666668,17.2,27.4,24,3.7125716701226255,A607,2023,abr,114,abr,88,4,17,seg
2023-04-25,22.841666666666665,19.2,26.7,24,2.5527336867292516,A607,2023,abr,115,abr,66,4,17,ter
2023-04-26,24.516666666666666,20.9,29.6,24,2.9514427815483097,A607,2023,abr,116,abr,69,4,17,qua
2023-04-27,25.745833333333337,22.9,31.9,24,3.1451797718256818,A607,2023,abr,117,abr,38,4,17,qui
2023-04-28,22.670833333333334,21,25.2,24,1.2460299272931386,A607,2023,abr,118,abr,38,4,17,sex
2023-04-29,23.475,21.9,27.2,24,1.6989126957634073,A607,2023,abr,119,abr,2,4,17,sáb
2023-05-01,22.645833333333332,18,28.7,24,3.769093901799172,A607,2023,mai,121,mai,1,5,18,seg
2023-05-02,23.054166666666667,19.7,27.8,24,2.6340544325475106,A607,2023,mai,122,mai,74,5,18,ter
2023-05-03,23.320833333333333,19.1,29.5,24,3.827359081172275,A607,2023,mai,123,mai,99,5,18,qua
2023-05-04,23.879166666666663,19.5,29.8,24,3.3583095083126553,A607,2023,mai,124,mai,45,5,18,qui
2023-05-05,24.4875,21.3,29.5,24,3.0222813870665144,A607,2023,mai,125,mai,66,5,18,sex
2023-05-06,24.333333333333332,20.3,29.4,24,2.7795318133544136,A607,2023,mai,126,mai,1,5,18,sáb
2023-05-07,24.325,21.7,29.1,24,2.5198774987478365,A607,2023,mai,127,mai,2,5,19,dom
2023-05-08,23.270833333333332,21,27.8,24,2.2605269040774476,A607,2023,mai,128,mai,70,5,19,seg
2023-05-09,24.170833333333334,21,29.1,24,2.849787050269556,A607,2023,mai,129,mai,107,5,19,ter
2023-05-10,24.1875,21.1,28.6,24,2.738186086349549,A607,2023,mai,130,mai,74,5,19,qua
2023-05-11,22.45,20.9,25.5,24,1.5628847352419095,A607,2023,mai,131,mai,48,5,19,qui
2023-05-12,21.27916666666667,18.5,25.2,24,2.230028107966094,A607,2023,mai,132,mai,44,5,19,sex
2023-05-15,22.6625,19.2,27.9,24,2.835920600470668,A607,2023,mai,135,mai,71,5,20,seg
2023-05-16,21.758333333333333,17.6,27.5,24,3.4536580061129976,A607,2023,mai,136,mai,92,5,20,ter
2023-05-17,20.366666666666667,15.7,26.7,24,3.3938136387392803,A607,2023,mai,137,mai,118,5,20,qua
2023-05-18,20.75,17.7,24.7,24,2.0855611277043176,A607,2023,mai,138,mai,52,5,20,qui
2023-05-19,20.083333333333332,16.3,23.9,24,2.7208800792752887,A607,2023,mai,139,mai,34,5,20,sex
2023-05-20,20.1125,14.4,26.9,24,4.401315267843979,A607,2023,mai,140,mai,1,5,20,sáb
2023-05-21,20.316666666666663,17.5,25.1,24,2.3704093696469695,A607,2023,mai,141,mai,60,5,21,dom
2023-05-22,21.2875,17.1,26.9,24,3.436417813843996,A607,2023,mai,142,mai,44,5,21,seg
2023-05-23,21.0375,18.1,26.3,24,2.625926337587325,A607,2023,mai,143,mai,33,5,21,ter
2023-05-24,22.020833333333332,18.2,26.7,24,2.8943692211612873,A607,2023,mai,144,mai,23,5,21,qua
2023-05-25,21.6375,17.7,26.4,24,2.809736565092427,A607,2023,mai,145,mai,30,5,21,qui
2023-05-26,22.158333333333335,19.1,27.1,24,2.698456348853297,A607,2023,mai,146,mai,46,5,21,sex
2023-05-28,22.7375,18.4,30.9,24,4.427464923878439,A607,2023,mai,148,mai,3,5,22,dom
2023-05-29,20.454166666666666,18.2,23.4,24,1.5348074986691376,A607,2023,mai,149,mai,29,5,22,seg
2023-05-30,21.316666666666663,19.1,24.8,24,2.0200444822193715,A607,2023,mai,150,mai,34,5,22,ter
2023-05-31,20.441666666666663,17.5,23.6,24,2.072578034754042,A607,2023,mai,151,mai,87,5,22,qua
2023-06-01,23.270833333333332,20.3,27.8,24,2.5994111652059018,A607,2023,jun,152,jun,33,6,22,qui
2023-06-02,21.525,18.4,24.9,24,2.0285462775100793,A607,2023,jun,153,jun,20,6,22,sex
2023-06-04,20.308333333333337,15.9,26.9,24,4.022103782920041,A607,2023,jun,155,jun,1,6,23,dom
2023-06-05,21.233333333333334,15.4,28.4,24,4.514292921345506,A607,2023,jun,156,jun,35,6,23,seg
2023-06-06,21.2375,17.3,27.2,24,3.444316364300948,A607,2023,jun,157,jun,24,6,23,ter
2023-06-07,20.025,14.2,27.6,24,4.865249446216818,A607,2023,jun,158,jun,38,6,23,qua
2023-06-09,20.96666666666667,16,28.7,24,4.249467144771537,A607,2023,jun,160,jun,5,6,23,sex
2023-06-10,22.345833333333335,17.3,29.8,24,4.648981110127126,A607,2023,jun,161,jun,1,6,23,sáb
2023-06-11,23.516666666666666,17.7,31.3,24,4.7228092843382825,A607,2023,jun,162,jun,1,6,24,dom
2023-06-12,23.558333333333337,18.1,31.7,24,4.641393781170055,A607,2023,jun,163,jun,39,6,24,seg
2023-06-13,23.416666666666668,20.6,28.1,24,2.209400207151778,A607,2023,jun,164,jun,29,6,24,ter
2023-06-14,23.3375,19.2,28.9,24,2.9858816336946084,A607,2023,jun,165,jun,36,6,24,qua
2023-06-15,22.883333333333333,19.7,27.2,24,2.729973190928513,A607,2023,jun,166,jun,26,6,24,qui
2023-06-16,23.9125,20.9,29.5,24,2.9278739132985065,A607,2023,jun,167,jun,32,6,24,sex
2023-06-18,20.2875,16.1,25.4,24,3.0870434004920853,A607,2023,jun,169,jun,3,6,25,dom
2023-06-19,20.7875,17.9,25.9,24,2.4846157081913707,A607,2023,jun,170,jun,43,6,25,seg
2023-06-20,19.579166666666666,15.2,25.4,24,3.5723551075575832,A607,2023,jun,171,jun,47,6,25,ter
2023-06-21,18.441666666666663,13.7,25.1,24,4.083148472597508,A607,2023,jun,172,jun,79,6,25,qua
2023-06-22,19.6625,14.2,26.9,24,4.398795536725143,A607,2023,jun,173,jun,28,6,25,qui
2023-06-23,20.108333333333334,15,27.7,24,4.3336817028306625,A607,2023,jun,174,jun,34,6,25,sex
2023-06-25,21.658333333333335,17.2,29,24,3.713069358087863,A607,2023,jun,176,jun,1,6,26,dom
2023-06-26,22.358333333333334,18,29.2,24,3.5616211094859924,A607,2023,jun,177,jun,44,6,26,seg
2023-06-27,22.34166666666667,17.7,28.6,24,3.661422468488664,A607,2023,jun,178,jun,39,6,26,ter
2023-06-28,22.495833333333337,17.8,30.8,24,4.347060892809888,A607,2023,jun,179,jun,35,6,26,qua
2023-06-29,21.475,16.3,28.2,24,4.238154848721214,A607,2023,jun,180,jun,28,6,26,qui
2023-06-30,20.883333333333333,18.9,24,24,1.463369152115186,A607,2023,jun,181,jun,42,6,26,sex
2023-07-01,19.425,16.1,24,24,2.589149600191907,A607,2023,jul,182,jul,1,7,26,sáb
2023-07-02,19.9125,15.9,25.7,24,3.5855158503405726,A607,2023,jul,183,jul,1,7,27,dom
2023-07-03,18.875,16.9,20.8,24,1.2567210613684157,A607,2023,jul,184,jul,35,7,27,seg
2023-07-04,16.920833333333334,13.4,20.7,24,2.1711505999207494,A607,2023,jul,185,jul,26,7,27,ter
2023-07-05,18.258333333333333,14.1,23.2,24,3.1356181925220676,A607,2023,jul,186,jul,14,7,27,qua
2023-07-06,19.029166666666665,14.1,26.5,24,4.300099004589936,A607,2023,jul,187,jul,17,7,27,qui
2023-07-07,20.008333333333333,14.2,27.5,24,4.81663030927555,A607,2023,jul,188,jul,20,7,27,sex
2023-07-08,20.495833333333337,14.5,29.8,24,5.144053482603389,A607,2023,jul,189,jul,1,7,27,sáb
2023-07-09,22.2625,18.6,26.9,24,2.895845975366003,A607,2023,jul,190,jul,1,7,28,dom
2023-07-10,21.958333333333332,19.6,26.8,24,2.2646463716010494,A607,2023,jul,191,jul,50,7,28,seg
2023-07-11,23.420833333333334,18.9,32.1,24,4.620086500852805,A607,2023,jul,192,jul,29,7,28,ter
2023-07-12,22.854166666666668,19.3,29.9,24,3.503784186160501,A607,2023,jul,193,jul,39,7,28,qua
2023-07-13,25.72083333333333,19.7,34.8,24,5.7709903578281025,A607,2023,jul,194,jul,34,7,28,qui
2023-07-14,21.095833333333335,18.4,26.3,24,1.9516947299310363,A607,2023,jul,195,jul,35,7,28,sex
2023-07-15,19.041666666666668,16.1,22.8,24,2.518611879012217,A607,2023,jul,196,jul,2,7,28,sáb
2023-07-16,21.25,16,28.3,24,4.248273306527786,A607,2023,jul,197,jul,1,7,29,dom
2023-07-17,21.945833333333333,17.7,27.4,24,3.4372611906507227,A607,2023,jul,198,jul,23,7,29,seg
2023-07-18,22.229166666666668,17.5,30,24,3.7954754719232495,A607,2023,jul,199,jul,10,7,29,ter
2023-07-19,21.02916666666667,19.4,23.7,24,1.3569400251610453,A607,2023,jul,200,jul,25,7,29,qua
2023-07-20,19.079166666666666,17.6,20.6,24,0.9850972879196584,A607,2023,jul,201,jul,11,7,29,qui
2023-07-21,19.895833333333332,17.4,23.7,24,2.0554231906723306,A607,2023,jul,202,jul,7,7,29,sex
2023-07-22,19.5625,16.2,23.3,24,2.2305804469767017,A607,2023,jul,203,jul,2,7,29,sáb
2023-07-23,20.8625,19.3,23.1,24,1.316719408226369,A607,2023,jul,204,jul,1,7,30,dom
2023-07-24,22.075,18,27.4,24,2.8888466180482295,A607,2023,jul,205,jul,21,7,30,seg
2023-07-25,21.5125,17.4,27.5,24,3.5183138871760224,A607,2023,jul,206,jul,16,7,30,ter
2023-07-26,21.995833333333337,19.5,25.6,24,1.8317203048943689,A607,2023,jul,207,jul,11,7,30,qua
2023-07-27,22.875,20,28.4,24,2.8230803404606912,A607,2023,jul,208,jul,13,7,30,qui
2023-07-28,22.420833333333334,18.9,27.6,24,3.0213701422089754,A607,2023,jul,209,jul,10,7,30,sex
2023-07-31,19.933333333333337,17.2,24.6,24,2.479422560170827,A607,2023,jul,212,jul,20,7,31,seg
2023-08-01,20.65416666666667,17.1,26.3,24,3.100908585877857,A607,2023,ago,213,ago,42,8,31,ter
2023-08-02,20.620833333333337,16.6,26.9,24,3.526666015999502,A607,2023,ago,214,ago,179,8,31,qua
2023-08-03,21.875,16.1,31.6,24,5.547051704166426,A607,2023,ago,215,ago,13,8,31,qui
2023-08-04,20.6125,14.7,25.6,24,3.612696511880914,A607,2023,ago,216,ago,19,8,31,sex
2023-08-05,20.6125,16,27.8,24,4.002750413099125,A607,2023,ago,217,ago,1,8,31,sáb
2023-08-06,22.445833333333333,18.9,28,24,2.954139198784834,A607,2023,ago,218,ago,2,8,32,dom
2023-08-07,22.8875,17.6,30.1,24,4.364711504983935,A607,2023,ago,219,ago,82,8,32,seg
2023-08-08,21.895833333333332,17.5,27.8,24,3.3060523111496547,A607,2023,ago,220,ago,57,8,32,ter
2023-08-09,21.854166666666668,20.2,23.7,24,0.9999909419879616,A607,2023,ago,221,ago,82,8,32,qua
2023-08-10,22.545833333333334,19.7,26.7,24,2.1779486093403433,A607,2023,ago,222,ago,39,8,32,qui
2023-08-11,23.445833333333333,19.2,30.6,24,3.7463001071395263,A607,2023,ago,223,ago,12,8,32,sex
2023-08-14,21.1875,20,23.5,24,0.8719356278593245,A607,2023,ago,226,ago,15,8,33,seg
2023-08-15,22.133333333333333,20.3,24.2,24,1.4067126855581222,A607,2023,ago,227,ago,43,8,33,ter
2023-08-16,22.34166666666667,20.6,25.2,24,1.5185567137099694,A607,2023,ago,228,ago,5,8,33,qua
2023-08-17,21.6875,17.7,27,24,3.015800780526805,A607,2023,ago,229,ago,13,8,33,qui
2023-08-18,22.633333333333333,17.3,30.9,24,4.573046426966208,A607,2023,ago,230,ago,13,8,33,sex
2023-08-21,23.1125,20.2,29,24,3.037349030064669,A607,2023,ago,233,ago,26,8,34,seg
2023-08-22,23.5125,17.3,31.8,24,4.8357646308745625,A607,2023,ago,234,ago,20,8,34,ter
2023-08-23,25.3625,20.4,34.1,24,4.7663505773376516,A607,2023,ago,235,ago,14,8,34,qua
2023-08-24,26.804166666666667,20.7,36,24,5.659964600186322,A607,2023,ago,236,ago,13,8,34,qui
2023-08-25,25.383333333333333,23,29.4,24,1.8681929577900225,A607,2023,ago,237,ago,10,8,34,sex
2023-08-28,17.125,16.7,17.9,24,0.2893020085894896,A607,2023,ago,240,ago,9,8,35,seg
2023-08-29,19.558333333333337,17,22.9,24,2.2734606194974645,A607,2023,ago,241,ago,15,8,35,ter
2023-08-30,22.358333333333334,20.2,26.6,24,2.160699698802635,A607,2023,ago,242,ago,12,8,35,qua
2023-08-31,21.875,17.5,26.1,24,2.6022147757497716,A607,2023,ago,243,ago,12,8,35,qui
2023-09-01,21.7,17.8,26.8,24,2.865992505830792,A607,2023,set,244,set,5,9,35,sex
2023-09-04,24.054166666666667,20.5,30.3,24,2.968088122251305,A607,2023,set,247,set,10,9,36,seg
2023-09-05,25.333333333333332,20.9,33,24,3.939837412962584,A607,2023,set,248,set,18,9,36,ter
2023-09-06,22.054166666666667,20.4,23.6,24,0.8086376985623611,A607,2023,set,249,set,11,9,36,qua
2023-09-11,22.995833333333337,19.1,29.5,24,3.508682295289125,A607,2023,set,254,set,15,9,37,seg
2023-09-12,23.891666666666666,20.4,28.1,24,2.574611269377534,A607,2023,set,255,set,18,9,37,ter
2023-09-13,24.166666666666668,19.3,30.7,24,3.5458078942870555,A607,2023,set,256,set,10,9,37,qua
2023-09-14,26.025,20.9,33.5,24,4.654147285649836,A607,2023,set,257,set,18,9,37,qui
2023-09-15,19.895833333333332,18.8,23.9,24,1.0609590274704364,A607,2023,set,258,set,30,9,37,sex
2023-09-18,23.9375,20.8,29.9,24,3.0397100119126064,A607,2023,set,261,set,24,9,38,seg
2023-09-19,23.854166666666668,19.1,29.7,24,3.3705862174517,A607,2023,set,262,set,19,9,38,ter
2023-09-20,24.0375,19.7,29.8,24,3.114176909889186,A607,2023,set,263,set,8,9,38,qua
2023-09-21,24.1875,21.9,27.7,24,2.239237544926553,A607,2023,set,264,set,16,9,38,qui
2023-09-22,24.025,19.1,30.9,24,3.636559530296638,A607,2023,set,265,set,9,9,38,sex
2023-09-25,25.09583333333333,21.3,30.7,24,3.289836677149618,A607,2023,set,268,set,21,9,39,seg
2023-09-26,25.254166666666663,22.6,30.7,24,2.66098693143641,A607,2023,set,269,set,15,9,39,ter
2023-09-27,27.454166666666666,22.8,35.1,24,4.287897951278659,A607,2023,set,270,set,14,9,39,qua
2023-09-28,23.983333333333334,21.4,26.8,24,1.431832716324163,A607,2023,set,271,set,11,9,39,qui
2023-09-29,21.1625,19.3,23.5,24,1.3755038602509326,A607,2023,set,272,set,5,9,39,sex
2023-10-02,21.9875,19.4,25.7,24,1.9852307937234468,A607,2023,out,275,out,16,10,40,seg
2023-10-03,22.170833333333334,20.8,24.8,24,1.178606091465923,A607,2023,out,276,out,11,10,40,ter
2023-10-04,24.181818181818183,20.8,30.6,22,3.3062187240232994,A607,2023,out,277,out,15,10,40,qua
2023-10-05,24.516666666666666,23,26.8,24,1.227109245930971,A607,2023,out,278,out,10,10,40,qui
2023-10-06,26.208333333333332,23,32.7,24,3.106223299829843,A607,2023,out,279,out,42,10,40,sex
2023-10-09,26.016666666666666,21.9,32.9,24,3.721928750418042,A607,2023,out,282,out,33,10,41,seg
2023-10-10,23.416666666666668,22,25.5,24,1.1169316146855448,A607,2023,out,283,out,11,10,41,ter
2023-10-11,23.6,19.9,28.5,24,2.661480464115708,A607,2023,out,284,out,17,10,41,qua
2023-10-13,25.34166666666667,23.1,28.4,24,1.7505071728841444,A607,2023,out,286,out,2,10,41,sex
2023-10-16,24.420833333333334,22.1,28.4,24,2.059543885061144,A607,2023,out,289,out,20,10,42,seg
2023-10-17,26.425,22.4,33.6,24,3.4574745747123883,A607,2023,out,290,out,27,10,42,ter
2023-10-18,25.258333333333333,22.9,28.6,24,1.937483052754306,A607,2023,out,291,out,15,10,42,qua
2023-10-19,22.583333333333332,20.5,25.5,24,1.340235756894275,A607,2023,out,292,out,16,10,42,qui
2023-10-20,20.958333333333332,19.3,23.1,24,1.0798215096735309,A607,2023,out,293,out,21,10,42,sex
2023-10-23,23.154166666666665,20.2,27.5,24,2.3237861097910817,A607,2023,out,296,out,25,10,43,seg
2023-10-24,24.695833333333333,18.4,33.3,24,4.92230762131346,A607,2023,out,297,out,21,10,43,ter
2023-10-25,24.229166666666668,22.9,28.6,24,1.3744498240534575,A607,2023,out,298,out,18,10,43,qua
2023-10-26,24.0625,20.9,27.5,24,2.1825020543842117,A607,2023,out,299,out,19,10,43,qui
2023-10-27,23.15,21.7,25.4,24,1.1865184730784943,A607,2023,out,300,out,17,10,43,sex
2023-10-30,27.420833333333334,23.6,35.2,24,3.822129973749177,A607,2023,out,303,out,32,10,44,seg
2023-10-31,27.158333333333335,23.2,34.5,24,3.7002839687347464,A607,2023,out,304,out,11,10,44,ter
2023-11-01,25.641666666666666,23.2,29.4,24,1.7648541426779538,A607,2023,nov,305,nov,16,11,44,qua
2023-11-03,25.770833333333332,21.8,31.2,24,3.397630781520592,A607,2023,nov,307,nov,2,11,44,sex
2023-11-04,26.075,23.4,30.6,24,2.3785728274854594,A607,2023,nov,308,nov,1,11,44,sáb
2023-11-05,24.2125,22.2,28.1,24,1.9744702096247624,A607,2023,nov,309,nov,2,11,45,dom
2023-11-06,23.09583333333333,19.2,27.7,24,2.694031917222677,A607,2023,nov,310,nov,82,11,45,seg
2023-11-07,22.791666666666668,18.4,27.9,24,2.9414454693696706,A607,2023,nov,311,nov,22,11,45,ter
2023-11-08,23.45,17.5,29.3,24,3.611936732076261,A607,2023,nov,312,nov,42,11,45,qua
2023-11-09,24.704166666666666,18.9,33.7,24,4.969863891642232,A607,2023,nov,313,nov,29,11,45,qui
2023-11-10,26.2375,20.7,33.5,24,4.79354751995711,A607,2023,nov,314,nov,14,11,45,sex
2023-11-11,26.383333333333333,22.1,33.9,24,4.01439439004697,A607,2023,nov,315,nov,1,11,45,sáb
2023-11-13,28.816666666666663,23.2,38.6,24,4.962701461613568,A607,2023,nov,317,nov,35,11,46,seg
2023-11-14,28.0375,23.3,35.4,24,4.186501341007891,A607,2023,nov,318,nov,19,11,46,ter
2023-11-16,27.7,23.4,35.4,24,4.003259541488878,A607,2023,nov,320,nov,21,11,46,qui
2023-11-17,28.4625,23.4,35.8,24,4.637260482505667,A607,2023,nov,321,nov,18,11,46,sex
2023-11-20,24.991666666666667,22.8,28.1,24,1.581115914862628,A607,2023,nov,324,nov,1,11,47,seg
2023-11-21,25.8875,22.9,30.9,24,2.727526750357005,A607,2023,nov,325,nov,34,11,47,ter
2023-11-22,27.179166666666667,22.7,33.2,24,3.661904846039732,A607,2023,nov,326,nov,21,11,47,qua
2023-11-23,27.53333333333333,20.9,36.7,24,5.182551551090461,A607,2023,nov,327,nov,21,11,47,qui
2023-11-24,25.308333333333337,22.8,28.1,24,1.4960576211486984,A607,2023,nov,328,nov,18,11,47,sex
2023-11-26,22.641666666666666,19.7,25.5,24,2.1378405737661033,A607,2023,nov,330,nov,1,11,48,dom
2023-11-27,24.95,22,28.7,24,2.3867387245214826,A607,2023,nov,331,nov,58,11,48,seg
2023-11-28,26.091666666666665,23,30.1,24,2.288898855566688,A607,2023,nov,332,nov,36,11,48,ter
2023-11-29,26.758333333333333,23.8,32.3,24,2.7769104926262873,A607,2023,nov,333,nov,27,11,48,qua
2023-11-30,26.795833333333334,23.3,34.6,24,3.810452348665349,A607,2023,nov,334,nov,24,11,48,qui
2023-12-01,25.616666666666667,22.2,34.2,24,3.654498914877467,A607,2023,dez,335,dez,23,12,48,sex
2023-12-04,28.033333333333335,23.6,35,24,3.828232270753772,A607,2023,dez,338,dez,33,12,49,seg
2023-12-05,27.183333333333337,23.8,32.4,24,2.924509125167573,A607,2023,dez,339,dez,57,12,49,ter
2023-12-06,27.395833333333332,23.6,31.8,24,2.8005401911629195,A607,2023,dez,340,dez,30,12,49,qua
2023-12-07,28.054166666666667,23.1,34.5,24,3.987260055931039,A607,2023,dez,341,dez,30,12,49,qui
2023-12-08,27.775,23.6,33.9,24,3.906210217188722,A607,2023,dez,342,dez,23,12,49,sex
2023-12-10,23.520833333333332,21.1,27,24,1.765362179041005,A607,2023,dez,344,dez,3,12,50,dom
2023-12-11,25.125,20.6,31.6,24,3.7615040932422583,A607,2023,dez,345,dez,33,12,50,seg
2023-12-12,24.879166666666663,22.3,27.6,24,1.4467291945346372,A607,2023,dez,346,dez,33,12,50,ter
2023-12-13,24.504166666666663,19.2,29,24,3.120964060457388,A607,2023,dez,347,dez,26,12,50,qua
2023-12-14,26.52916666666667,22,32.2,24,3.5896565376050975,A607,2023,dez,348,dez,37,12,50,qui
2023-12-15,27.45,22.5,32.5,24,3.30111970463778,A607,2023,dez,349,dez,42,12,50,sex
2023-12-16,27.275,23.5,32.1,24,2.8346075566116733,A607,2023,dez,350,dez,1,12,50,sáb
2023-12-18,26.933333333333337,22.9,31.5,24,2.7943524826158654,A607,2023,dez,352,dez,56,12,51,seg
2023-12-19,26.59166666666667,22.8,30.7,24,2.650170899602788,A607,2023,dez,353,dez,21,12,51,ter
2023-12-20,25.941666666666663,21.7,32.1,24,2.9610392809262773,A607,2023,dez,354,dez,28,12,51,qua
2023-12-21,27.008333333333333,22.6,34.6,24,3.953195368709774,A607,2023,dez,355,dez,19,12,51,qui
2023-12-22,29.041666666666668,23.5,37.4,24,4.864057768058937,A607,2023,dez,356,dez,14,12,51,sex
2023-12-24,27.870833333333337,24,34.7,24,3.745893887244105,A607,2023,dez,358,dez,3,12,52,dom
2023-12-25,29.045833333333334,24.5,36.5,24,4.072813274754257,A607,2023,dez,359,dez,1,12,52,seg
2023-12-26,27.4875,23.9,35.7,24,3.724923401605205,A607,2023,dez,360,dez,47,12,52,ter
2023-12-27,23.945833333333333,22.1,25.6,24,0.8433778701650039,A607,2023,dez,361,dez,16,12,52,qua
2023-12-28,25.233333333333334,21.8,29.9,24,3.0531048582324054,A607,2023,dez,362,dez,17,12,52,qui
2023-12-29,26.829166666666666,22,33.6,24,4.22965505497292,A607,2023,dez,363,dez,24,12,52,sex
2023-12-30,28.129166666666663,24.4,35.1,24,3.489547020144177,A607,2023,dez,364,dez,2,12,52,sáb
2023-12-31,23.61428571428571,23,25.3,7,0.7690439333539872,A607,2023,dez,365,dez,1,12,1,dom
2024-01-02,24.329166666666666,21.6,27.6,24,2.527153264681113,A607,2024,jan,2,jan,33,1,1,ter
2024-01-03,25.604166666666668,23.9,28.8,24,1.5195763616352356,A607,2024,jan,3,jan,27,1,1,qua
2024-01-04,24.429166666666667,23.8,25.1,24,0.3495079356773596,A607,2024,jan,4,jan,18,1,1,qui
2024-01-05,25.55,22.3,29.8,24,2.673216593641776,A607,2024,jan,5,jan,27,1,1,sex
2024-01-06,26.170833333333334,21.9,31.1,24,2.956860727582353,A607,2024,jan,6,jan,1,1,1,sáb
2024-01-07,26.59166666666667,23.6,31.3,24,2.7085880593701064,A607,2024,jan,7,jan,2,1,2,dom
2024-01-08,27.5625,23.4,33.8,24,3.710831677552949,A607,2024,jan,8,jan,68,1,2,seg
2024-01-09,27.84583333333333,23.9,35.9,24,4.1122277012182415,A607,2024,jan,9,jan,30,1,2,ter
2024-01-10,27.675,23.9,33.3,24,3.450425304597782,A607,2024,jan,10,jan,26,1,2,qua
2024-01-11,27.791666666666668,23.5,32.3,24,3.0642279212916237,A607,2024,jan,11,jan,23,1,2,qui
2024-01-12,28.429166666666667,24.3,34.5,24,3.7199204253605336,A607,2024,jan,12,jan,18,1,2,sex
2024-01-14,26.916666666666668,23.9,32.1,24,2.5008983893039693,A607,2024,jan,14,jan,2,1,3,dom
2024-01-15,27.941666666666663,23.7,35.1,24,3.748613270167431,A607,2024,jan,15,jan,5,1,3,seg
2024-01-16,28.558333333333337,24.3,35.1,24,3.899377505132868,A607,2024,jan,16,jan,46,1,3,ter
2024-01-17,28.45,23.8,35.1,24,3.931588903274073,A607,2024,jan,17,jan,40,1,3,qua
2024-01-18,27.858333333333334,22.8,34,24,3.926821556454009,A607,2024,jan,18,jan,25,1,3,qui
2024-01-19,27.854166666666668,23.7,33,24,2.951194182267455,A607,2024,jan,19,jan,43,1,3,sex
2024-01-20,30.4875,25.4,38.2,24,4.480907565292511,A607,2024,jan,20,jan,1,1,3,sáb
2024-01-22,25.366666666666667,23,28.4,24,1.749451259722581,A607,2024,jan,22,jan,59,1,4,seg
2024-01-23,24.591666666666665,21.4,29.3,24,2.254062355270873,A607,2024,jan,23,jan,41,1,4,ter
2024-01-24,22.491666666666667,20,26,24,2.108351234385825,A607,2024,jan,24,jan,38,1,4,qua
2024-01-25,24.90416666666667,22.1,30.1,24,2.916591096329481,A607,2024,jan,25,jan,41,1,4,qui
2024-01-26,25.825,23.3,29.7,24,2.4117916847096854,A607,2024,jan,26,jan,45,1,4,sex
2024-01-27,25.495833333333337,23.1,29,24,2.011808437303561,A607,2024,jan,27,jan,5,1,4,sáb
2024-01-28,25.708333333333332,22.8,30.3,24,2.478940283172677,A607,2024,jan,28,jan,4,1,5,dom
2024-01-29,26.525,22,33.8,24,3.3518651524188736,A607,2024,jan,29,jan,96,1,5,seg
2024-01-30,28.05,23.6,35.5,24,3.967366884975474,A607,2024,jan,30,jan,39,1,5,ter
2024-01-31,27.0375,24.8,30.6,24,1.9555522960556937,A607,2024,jan,31,jan,84,1,5,qua
2024-02-01,26.833333333333332,23.1,32.6,24,2.9736036791374385,A607,2024,fev,32,fev,73,2,5,qui
2024-02-02,26.979166666666668,23.7,32,24,2.896621595353226,A607,2024,fev,33,fev,156,2,5,sex
2024-02-03,27.21666666666667,23.1,32.6,24,3.145136572228783,A607,2024,fev,34,fev,4,2,5,sáb
2024-02-04,27.425,24.7,31.5,24,2.2361165871448536,A607,2024,fev,35,fev,7,2,6,dom
2024-02-05,27.429166666666667,23.6,32.7,24,3.0073069227360603,A607,2024,fev,36,fev,130,2,6,seg
2024-02-06,27.28333333333333,22.9,33.7,24,3.232130360407307,A607,2024,fev,37,fev,130,2,6,ter
2024-02-07,26.629166666666663,22.8,33.8,24,3.621491305437902,A607,2024,fev,38,fev,144,2,6,qua
2024-02-08,27.175,24.2,33.3,24,2.836907379217881,A607,2024,fev,39,fev,346,2,6,qui
2024-02-09,27.3375,23.4,33.1,24,3.5296030691972935,A607,2024,fev,40,fev,101,2,6,sex
2024-02-10,25.945833333333333,22.8,30.3,24,2.454982363642782,A607,2024,fev,41,fev,28,2,6,sáb
2024-02-11,27.1,23,33.2,24,3.5989128793350194,A607,2024,fev,42,fev,21,2,7,dom
2024-02-12,28.15416666666667,23.8,34.7,24,3.3837179405868447,A607,2024,fev,43,fev,7,2,7,seg
2024-02-13,28.366666666666667,23.1,36.1,24,4.303958407212423,A607,2024,fev,44,fev,14,2,7,ter
2024-02-14,28.670833333333334,24,35.6,24,4.234175569532184,A607,2024,fev,45,fev,20,2,7,qua
2024-02-15,25.220833333333335,23.7,29.1,24,1.7123538761311723,A607,2024,fev,46,fev,275,2,7,qui
2024-02-16,26.6,23.2,32.7,24,3.2134229345857577,A607,2024,fev,47,fev,254,2,7,sex
2024-02-17,27.5125,23.9,32.9,24,3.141076041049018,A607,2024,fev,48,fev,61,2,7,sáb
2024-02-18,27.016666666666666,24.1,32.9,24,2.8383502046185156,A607,2024,fev,49,fev,21,2,8,dom
2024-02-19,25.491666666666667,22.6,33,24,3.3001866438215237,A607,2024,fev,50,fev,256,2,8,seg
2024-02-20,26.291666666666668,22.4,31.8,24,3.422929925569953,A607,2024,fev,51,fev,211,2,8,ter
2024-02-21,25.245833333333337,23.5,27.4,24,1.291436398362108,A607,2024,fev,52,fev,204,2,8,qua
2024-02-22,25.4125,23.9,27.9,24,1.307607340344088,A607,2024,fev,53,fev,191,2,8,qui
2024-02-23,27.229166666666668,24.2,32.8,24,2.8577095064384,A607,2024,fev,54,fev,175,2,8,sex
2024-02-24,27.925,24.3,34.2,24,3.4500472586555277,A607,2024,fev,55,fev,48,2,8,sáb
2024-02-25,27.1125,23.3,33.3,24,3.382089976434046,A607,2024,fev,56,fev,70,2,9,dom
2024-02-26,27.3125,24,32.1,24,3.0871842383860293,A607,2024,fev,57,fev,263,2,9,seg
2024-02-27,26.9,22.9,32.2,24,3.482877371170093,A607,2024,fev,58,fev,252,2,9,ter
2024-02-28,28.291666666666668,23.3,36.9,24,4.909699066901783,A607,2024,fev,59,fev,177,2,9,qua
2024-02-29,27.3875,24.6,34,24,2.9251997330542863,A607,2024,fev,60,fev,249,2,9,qui
2024-03-01,27.425,24.1,34,24,2.9745660991581397,A607,2024,mar,61,mar,192,3,9,sex
2024-03-02,26.1125,22.9,29.7,24,2.2668331673715323,A607,2024,mar,62,mar,117,3,9,sáb
2024-03-03,25.441666666666663,20.2,32.1,24,3.895807854679144,A607,2024,mar,63,mar,57,3,10,dom
2024-03-04,26.404166666666665,22.2,33,24,3.736014985384091,A607,2024,mar,64,mar,271,3,10,seg
2024-03-05,28.720833333333335,23.1,35.9,24,4.598296392159266,A607,2024,mar,65,mar,278,3,10,ter
2024-03-06,26.966666666666665,23.6,32.1,24,2.240470964982036,A607,2024,mar,66,mar,317,3,10,qua
2024-03-07,25.891666666666666,23.3,29.6,24,2.168934153523071,A607,2024,mar,67,mar,220,3,10,qui
2024-03-08,27.275,24.8,31.5,24,2.0995341098112386,A607,2024,mar,68,mar,202,3,10,sex
2024-03-09,27.3875,24.1,33,24,2.384061660276428,A607,2024,mar,69,mar,99,3,10,sáb
2024-03-10,26.854166666666668,24.9,31.6,24,1.93345358196756,A607,2024,mar,70,mar,56,3,11,dom
2024-03-11,27.254166666666663,23.6,31.8,24,2.5210382896677737,A607,2024,mar,71,mar,344,3,11,seg
2024-03-12,26.358333333333334,23.2,29.9,24,2.1130889540045947,A607,2024,mar,72,mar,226,3,11,ter
2024-03-13,26.0375,23,30.7,24,2.484528211709943,A607,2024,mar,73,mar,244,3,11,qua
2024-03-14,26.070833333333333,21.9,31.2,24,3.237481464330577,A607,2024,mar,74,mar,214,3,11,qui
2024-03-15,27.579166666666666,23.4,34.1,24,3.219502954706258,A607,2024,mar,75,mar,255,3,11,sex
2024-03-16,27.895833333333332,23.5,35,24,3.7392720945528226,A607,2024,mar,76,mar,80,3,11,sáb
2024-03-17,29.358333333333334,24.1,37.8,24,4.952199043083672,A607,2024,mar,77,mar,16,3,12,dom
2024-03-18,28.554166666666667,24,34.7,24,3.3991020766573383,A607,2024,mar,78,mar,458,3,12,seg
2024-03-19,28.395833333333332,25.1,34.5,24,3.010341475165475,A607,2024,mar,79,mar,318,3,12,ter
2024-03-20,27.883333333333333,24,34,24,3.238983558580318,A607,2024,mar,80,mar,254,3,12,qua
2024-03-21,29.05,24.5,36.3,24,3.97885716604983,A607,2024,mar,81,mar,185,3,12,qui
2024-03-22,27.745833333333337,24.5,32.2,24,2.239561130661768,A607,2024,mar,82,mar,218,3,12,sex
2024-03-23,23.0375,22.1,25.6,24,0.875170790785135,A607,2024,mar,83,mar,47,3,12,sáb
2024-03-24,23.133333333333333,21.7,25.7,24,1.144615624363145,A607,2024,mar,84,mar,37,3,13,dom
2024-03-25,24.891666666666666,23.2,28,24,1.8696469479944409,A607,2024,mar,85,mar,271,3,13,seg
2024-03-26,24.1375,23.1,26,24,0.8899499253133383,A607,2024,mar,86,mar,220,3,13,ter
2024-03-27,24.325,22.1,27.7,24,1.8507930145234224,A607,2024,mar,87,mar,155,3,13,qua
2024-03-28,24.895833333333332,22.5,29.4,24,2.1728520961823556,A607,2024,mar,88,mar,160,3,13,qui
2024-03-29,26.3125,24.1,30.2,24,2.2729625372302493,A607,2024,mar,89,mar,30,3,13,sex
2024-03-30,26.4,23.6,30.8,24,2.073015027525808,A607,2024,mar,90,mar,107,3,13,sáb
2024-03-31,25.595833333333335,23.2,29.6,24,2.4381887729939256,A607,2024,mar,91,mar,19,3,14,dom
2024-04-01,25.5875,21.5,30.8,24,3.0905624224332575,A607,2024,abr,92,abr,257,4,14,seg
2024-04-02,25.608333333333334,20.4,32.3,24,4.254298763722935,A607,2024,abr,93,abr,186,4,14,ter
2024-04-03,26.908333333333335,23.5,32.4,24,3.181866647475793,A607,2024,abr,94,abr,214,4,14,qua
2024-04-04,26.5375,22.7,32.7,24,3.1763819313667314,A607,2024,abr,95,abr,211,4,14,qui
2024-04-05,25.895833333333332,21.1,31.7,24,3.2792468868518476,A607,2024,abr,96,abr,304,4,14,sex
2024-04-06,26.029166666666665,22.4,31.6,24,2.899846947485432,A607,2024,abr,97,abr,86,4,14,sáb
2024-04-07,24.716666666666665,20.5,30,24,3.4283557558114937,A607,2024,abr,98,abr,60,4,15,dom
2024-04-08,24.854166666666668,20.3,30.3,24,3.656201303404189,A607,2024,abr,99,abr,261,4,15,seg
2024-04-09,26.21666666666667,22.6,31.8,24,3.1426472732487767,A607,2024,abr,100,abr,217,4,15,ter
2024-04-10,26.395833333333332,22.7,31,24,2.8488715029954776,A607,2024,abr,101,abr,249,4,15,qua
2024-04-11,26.845833333333335,22.8,32.2,24,3.076697716802824,A607,2024,abr,102,abr,218,4,15,qui
2024-04-12,25.929166666666667,23.4,29.3,24,1.9134487795297943,A607,2024,abr,103,abr,224,4,15,sex
2024-04-13,25.533333333333335,21.7,30.6,24,2.938894596489531,A607,2024,abr,104,abr,74,4,15,sáb
2024-04-14,24.120833333333337,21.5,26.6,24,1.757215971647905,A607,2024,abr,105,abr,53,4,16,dom
2024-04-15,25.65,22.1,29.8,24,2.732732348210582,A607,2024,abr,106,abr,292,4,16,seg
2024-04-16,24.816666666666663,22.2,28.5,24,2.0488950716161027,A607,2024,abr,107,abr,292,4,16,ter
2024-04-17,25.579166666666666,21.6,31.7,24,3.5352853850323296,A607,2024,abr,108,abr,190,4,16,qua
2024-04-18,23.6,20.6,27.3,24,1.7881250807333997,A607,2024,abr,109,abr,216,4,16,qui
2024-04-19,23.0375,20.7,26.9,24,1.889976420372809,A607,2024,abr,110,abr,115,4,16,sex
2024-04-20,24.066666666666663,21.1,28.2,24,2.492888435855722,A607,2024,abr,111,abr,60,4,16,sáb
2024-04-21,23.195833333333333,19,29.1,24,3.4134617347339282,A607,2024,abr,112,abr,29,4,17,dom
2024-04-22,23.533333333333335,18.1,31.1,24,4.567623934366434,A607,2024,abr,113,abr,191,4,17,seg
2024-04-23,25.65,22.1,31.7,24,3.489362717447563,A607,2024,abr,114,abr,73,4,17,ter
2024-04-24,26.866666666666667,21.7,34.2,24,4.550840024384096,A607,2024,abr,115,abr,243,4,17,qua
2024-04-25,26.0375,23.2,31,24,2.694731171556176,A607,2024,abr,116,abr,184,4,17,qui
2024-04-26,25.120833333333337,23.6,27.5,24,1.2590469710707055,A607,2024,abr,117,abr,219,4,17,sex
2024-04-27,24.758333333333333,22.2,28.7,24,2.3359043806119972,A607,2024,abr,118,abr,58,4,17,sáb
2024-04-28,26.15833333333333,21.2,33.8,24,4.883683273804781,A607,2024,abr,119,abr,39,4,18,dom
2024-04-29,25.804166666666667,21.3,31.8,24,3.937498562226561,A607,2024,abr,120,abr,237,4,18,seg
2024-04-30,25.425,21.8,31.2,24,3.412795615480581,A607,2024,abr,121,abr,291,4,18,ter
2024-05-01,25.245833333333337,21.8,31.4,24,3.330097160962316,A607,2024,mai,122,mai,67,5,18,qua
2024-05-02,26.245833333333337,21.2,34.8,24,4.893383213622485,A607,2024,mai,123,mai,159,5,18,qui
2024-05-03,27.1875,22,36,24,4.891368840154541,A607,2024,mai,124,mai,232,5,18,sex
2024-05-04,25.591666666666665,21.9,32,24,3.5522089473730425,A607,2024,mai,125,mai,56,5,18,sáb
2024-05-05,25.175,21.1,31.6,24,3.6265026870430463,A607,2024,mai,126,mai,18,5,19,dom
2024-05-06,25.404166666666665,21.8,29.8,24,2.927453139515298,A607,2024,mai,127,mai,184,5,19,seg
2024-05-07,24.875,19.7,31.4,24,3.904206204461609,A607,2024,mai,128,mai,150,5,19,ter
2024-05-08,26.245833333333337,22.5,31.9,24,3.0759910621607394,A607,2024,mai,129,mai,131,5,19,qua
2024-05-09,26.358333333333334,22.2,33.4,24,3.737345799252245,A607,2024,mai,130,mai,144,5,19,qui
2024-05-10,25.233333333333334,22,29.9,24,2.708868954839409,A607,2024,mai,131,mai,134,5,19,sex
2024-05-11,26.008333333333333,20.8,33.6,24,4.696429417691947,A607,2024,mai,132,mai,58,5,19,sáb
2024-05-12,26.841666666666665,21.7,35.1,24,4.758326036188217,A607,2024,mai,133,mai,53,5,20,dom
2024-05-13,27.6875,22.1,35.6,24,5.084701051449209,A607,2024,mai,134,mai,175,5,20,seg
2024-05-14,25.2625,20.9,29.4,24,2.863383905679493,A607,2024,mai,135,mai,156,5,20,ter
2024-05-15,24.208333333333332,21.4,27.4,24,1.7665777937722629,A607,2024,mai,136,mai,137,5,20,qua
2024-05-16,24.3625,21.7,29.7,24,2.5573104927876353,A607,2024,mai,137,mai,133,5,20,qui
2024-05-17,26.1875,22,33.5,24,4.194023957552191,A607,2024,mai,138,mai,101,5,20,sex
2024-05-18,26.433333333333337,22.2,34.2,24,4.283097890106166,A607,2024,mai,139,mai,56,5,20,sáb
2024-05-19,24.65416666666667,21.4,29.7,24,2.8676576059438363,A607,2024,mai,140,mai,36,5,21,dom
2024-05-20,25.004166666666663,20.2,32,24,3.8016562942630863,A607,2024,mai,141,mai,194,5,21,seg
2024-05-21,24.7,22.2,27.7,24,1.757963248366898,A607,2024,mai,142,mai,123,5,21,ter
2024-05-22,22.8875,18.9,27.1,24,2.79942734827337,A607,2024,mai,143,mai,132,5,21,qua
2024-05-23,24.095833333333335,19.7,31.5,24,3.7042254564057058,A607,2024,mai,144,mai,155,5,21,qui
2024-05-24,25.504166666666663,20.8,33.3,24,4.484512398162743,A607,2024,mai,145,mai,128,5,21,sex
2024-05-25,24.229166666666668,20.6,29.5,24,2.70691211316618,A607,2024,mai,146,mai,74,5,21,sáb
2024-05-26,22.416666666666668,19.9,25.1,24,1.630861779835292,A607,2024,mai,147,mai,44,5,22,dom
2024-05-27,21.9,19.4,25.5,24,2.0996894180268453,A607,2024,mai,148,mai,206,5,22,seg
2024-05-28,24.3,20.6,30.4,24,3.488615023560022,A607,2024,mai,149,mai,105,5,22,ter
2024-05-29,22.954166666666666,21.2,25.9,24,1.1492830153079625,A607,2024,mai,150,mai,108,5,22,qua
2024-05-30,20.679166666666667,19.3,22,24,0.8526068295510544,A607,2024,mai,151,mai,45,5,22,qui
2024-05-31,19.633333333333333,14.1,26,24,3.959431960430102,A607,2024,mai,152,mai,88,5,22,sex
2024-06-01,21.65,19.3,25.4,24,2.1574945211276093,A607,2024,jun,153,jun,54,6,22,sáb
2024-06-02,21.025,16.5,27.6,24,4.082225522602997,A607,2024,jun,154,jun,43,6,23,dom
2024-06-03,22,17.1,28.6,24,4.300556081333629,A607,2024,jun,155,jun,177,6,23,seg
2024-06-04,22.35,18.2,28.2,24,3.3580532662735463,A607,2024,jun,156,jun,183,6,23,ter
2024-06-05,21.875,20.1,25.4,24,1.4715416346840802,A607,2024,jun,157,jun,124,6,23,qua
2024-06-06,21.375,17.9,26.2,24,2.8971125055070295,A607,2024,jun,158,jun,157,6,23,qui
2024-06-07,21.991666666666667,17.7,28.1,24,3.6484560959477057,A607,2024,jun,159,jun,83,6,23,sex
2024-06-08,22.179166666666667,18.2,27.1,24,2.93923668982962,A607,2024,jun,160,jun,94,6,23,sáb
2024-06-09,21.920833333333334,18,27.8,24,3.558575578082829,A607,2024,jun,161,jun,28,6,24,dom
2024-06-10,23.0125,18.3,30.7,24,4.505775279523515,A607,2024,jun,162,jun,244,6,24,seg
2024-06-11,22.408333333333335,17,30.7,24,4.930024840458335,A607,2024,jun,163,jun,164,6,24,ter
2024-06-12,21.329166666666666,15.5,28.2,24,4.292711635831807,A607,2024,jun,164,jun,73,6,24,qua
2024-06-13,22.191666666666663,17.1,29.9,24,4.33659019193117,A607,2024,jun,165,jun,101,6,24,qui
2024-06-14,23.3375,18,30.3,24,4.161501871450613,A607,2024,jun,166,jun,74,6,24,sex
2024-06-15,23,17,30.9,24,4.505552130427524,A607,2024,jun,167,jun,39,6,24,sáb
2024-06-16,23.029166666666665,18,30.4,24,3.9585327943643422,A607,2024,jun,168,jun,49,6,25,dom
2024-06-17,23.666666666666668,18.6,31.1,24,4.066583510672732,A607,2024,jun,169,jun,117,6,25,seg
2024-06-18,23.341666666666665,18.7,31,24,4.237915470633161,A607,2024,jun,170,jun,101,6,25,ter
2024-06-19,24.333333333333332,20.4,31.5,24,3.85200869865227,A607,2024,jun,171,jun,95,6,25,qua
2024-06-20,24.616666666666667,19.7,32.1,24,4.115576632076331,A607,2024,jun,172,jun,131,6,25,qui
2024-06-21,22.620833333333337,17.5,29.9,24,4.06469199503391,A607,2024,jun,173,jun,69,6,25,sex
2024-06-22,22.745833333333337,17.8,27.9,24,3.3712311216174897,A607,2024,jun,174,jun,39,6,25,sáb
2024-06-23,24.408333333333335,19.9,30.8,24,3.651553173611216,A607,2024,jun,175,jun,42,6,26,dom
2024-06-24,24.575,19.7,32,24,4.357726770771161,A607,2024,jun,176,jun,115,6,26,seg
2024-06-25,23.379166666666663,18.4,30.2,24,3.814272871234029,A607,2024,jun,177,jun,167,6,26,ter
2024-06-26,24.354166666666668,20.1,31.6,24,3.5073809337585153,A607,2024,jun,178,jun,152,6,26,qua
2024-06-27,23.729166666666668,20.2,29.3,24,3.0314982902944165,A607,2024,jun,179,jun,63,6,26,qui
2024-06-28,24.716666666666665,21.3,31.2,24,3.340615234493122,A607,2024,jun,180,jun,56,6,26,sex
2024-06-29,24.791666666666668,19.6,33.9,24,4.736253946873559,A607,2024,jun,181,jun,44,6,26,sáb
2024-06-30,21.716666666666665,19.8,23.1,24,0.8810402283993453,A607,2024,jun,182,jun,21,6,27,dom
2024-07-01,19.8,18.3,22.4,24,1.287397104372938,A607,2024,jul,183,jul,138,7,27,seg
2024-07-02,21.325,18.3,25.6,24,2.620197470155388,A607,2024,jul,184,jul,138,7,27,ter
2024-07-03,22.4625,18.2,29.5,24,4.291327199181482,A607,2024,jul,185,jul,44,7,27,qua
2024-07-04,23.420833333333334,17.6,32.3,24,5.229762582246604,A607,2024,jul,186,jul,64,7,27,qui
2024-07-05,21.820833333333333,16,30,24,4.834745545812481,A607,2024,jul,187,jul,49,7,27,sex
2024-07-06,21.466666666666665,16,27.5,24,3.973024985603776,A607,2024,jul,188,jul,24,7,27,sáb
2024-07-07,21.775,16.8,30.2,24,4.326988108021158,A607,2024,jul,189,jul,20,7,28,dom
2024-07-08,21.916666666666668,18,27.1,24,2.7542325794037943,A607,2024,jul,190,jul,94,7,28,seg
2024-07-09,23.370833333333337,20.3,27.8,24,2.5721720083578603,A607,2024,jul,191,jul,96,7,28,ter
2024-07-10,23.7375,18.9,30.8,24,3.2746473424464053,A607,2024,jul,192,jul,69,7,28,qua
2024-07-11,23.120833333333337,20.3,28,24,2.77441402613341,A607,2024,jul,193,jul,53,7,28,qui
2024-07-12,23.270833333333332,20.2,27.9,24,2.4100296167522894,A607,2024,jul,194,jul,32,7,28,sex
2024-07-13,23.133333333333333,19.7,27,24,2.231526415915244,A607,2024,jul,195,jul,17,7,28,sáb
2024-07-14,23.1125,18.8,29.7,24,3.3093165588919597,A607,2024,jul,196,jul,21,7,29,dom
2024-07-15,21.633333333333333,17.5,26,24,2.6905093532099356,A607,2024,jul,197,jul,50,7,29,seg
2024-07-16,21.8,17.2,27.5,24,3.26669624358098,A607,2024,jul,198,jul,46,7,29,ter
2024-07-17,21.341666666666665,18.3,26.8,24,2.9033588744113583,A607,2024,jul,199,jul,88,7,29,qua
2024-07-18,22.883333333333333,18.5,31.2,24,4.227823642682271,A607,2024,jul,200,jul,58,7,29,qui
2024-07-19,20.7375,16.4,25.1,24,2.856238404980746,A607,2024,jul,201,jul,59,7,29,sex
2024-07-20,19.775,14.6,26.2,24,3.926858463365385,A607,2024,jul,202,jul,23,7,29,sáb
2024-07-21,20.65,16.4,26.8,24,3.7063986974349943,A607,2024,jul,203,jul,31,7,30,dom
2024-07-22,21.5625,16.2,30.3,24,5.080894520695621,A607,2024,jul,204,jul,67,7,30,seg
2024-07-23,21.016666666666666,15.9,26.6,24,3.440256141458159,A607,2024,jul,205,jul,76,7,30,ter
2024-07-24,20.304166666666667,14.7,27.1,24,4.512155482853985,A607,2024,jul,206,jul,62,7,30,qua
2024-07-25,21.3625,16,29.2,24,4.778740283343736,A607,2024,jul,207,jul,40,7,30,qui
2024-07-26,22.429166666666667,15.8,31.1,24,5.61995506454778,A607,2024,jul,208,jul,37,7,30,sex
2024-07-27,22.925,15.8,31.7,24,5.609018359438819,A607,2024,jul,209,jul,39,7,30,sáb
2024-07-28,23.929166666666667,17.6,32.3,24,4.727760676524643,A607,2024,jul,210,jul,23,7,31,dom
2024-07-29,24.683333333333337,19.5,34.2,24,5.12128267447561,A607,2024,jul,211,jul,68,7,31,seg
2024-07-30,21.6625,18.5,25,24,2.085313551650123,A607,2024,jul,212,jul,40,7,31,ter
2024-07-31,19.995833333333337,17.7,25.2,24,1.987237358455345,A607,2024,jul,213,jul,30,7,31,qua
2024-08-01,20.808333333333337,17.3,24.8,24,2.6601596334359936,A607,2024,ago,214,ago,49,8,31,qui
2024-08-02,19.825,15,25.8,24,3.8952870073417207,A607,2024,ago,215,ago,28,8,31,sex
2024-08-03,20.854166666666668,18.9,23.8,24,1.5753479026845956,A607,2024,ago,216,ago,25,8,31,sáb
2024-08-04,22.720833333333335,18.9,28.3,24,3.229615560197013,A607,2024,ago,217,ago,23,8,32,dom
2024-08-05,23.220833333333335,19.2,29.6,24,3.3103236629706148,A607,2024,ago,218,ago,28,8,32,seg
2024-08-06,23.204166666666666,18.4,30.1,24,3.888945220433972,A607,2024,ago,219,ago,21,8,32,ter
2024-08-07,23.354166666666668,18.6,30.1,24,3.5449877864101453,A607,2024,ago,220,ago,56,8,32,qua
2024-08-08,24.345833333333335,18.7,33.7,24,5.145363397540899,A607,2024,ago,221,ago,41,8,32,qui
2024-08-09,23.166666666666668,19.2,28.8,24,3.2360290570344104,A607,2024,ago,222,ago,36,8,32,sex
2024-08-10,20.004166666666663,16.2,23.1,24,2.046307207729523,A607,2024,ago,223,ago,15,8,32,sáb
2024-08-11,18.729166666666668,13.8,23.6,24,3.4326411642230887,A607,2024,ago,224,ago,20,8,33,dom
2024-08-12,20.508333333333333,15.8,29,24,4.316592523564479,A607,2024,ago,225,ago,36,8,33,seg
2024-08-13,19.0375,15.6,23.4,24,2.711298822400037,A607,2024,ago,226,ago,34,8,33,ter
2024-08-14,18.204166666666666,12.1,26,24,4.5119627625917405,A607,2024,ago,227,ago,36,8,33,qua
2024-08-15,21.020833333333332,16,28.1,24,4.193471029512702,A607,2024,ago,228,ago,29,8,33,qui
2024-08-16,22.241666666666667,16.3,30.3,24,4.713340610452944,A607,2024,ago,229,ago,15,8,33,sex
2024-08-17,23.179166666666667,16.8,33.1,24,4.880215530403182,A607,2024,ago,230,ago,18,8,33,sáb
2024-08-18,22.204166666666666,16.9,28.4,24,3.9889498636223486,A607,2024,ago,231,ago,25,8,34,dom
2024-08-19,23.45,18.1,31,24,4.046039394594262,A607,2024,ago,232,ago,45,8,34,seg
2024-08-20,25.075,18.9,35.3,24,5.72236269233336,A607,2024,ago,233,ago,26,8,34,ter
2024-08-21,22.825,18.9,28.3,24,3.2312670822019243,A607,2024,ago,234,ago,34,8,34,qua
2024-08-22,23.420833333333334,18.5,32.2,24,4.174766764291376,A607,2024,ago,235,ago,15,8,34,qui
2024-08-23,24.6125,19.1,33.1,24,4.484302330497393,A607,2024,ago,236,ago,62,8,34,sex
2024-08-24,23.433333333333337,19.9,29.5,24,2.756599459426441,A607,2024,ago,237,ago,4,8,34,sáb
2024-08-25,22.8625,20,27.9,24,2.519284318662915,A607,2024,ago,238,ago,15,8,35,dom
2024-08-26,17.3,15.8,20.3,24,1.5154279062794225,A607,2024,ago,239,ago,40,8,35,seg
2024-08-27,18.445833333333333,16.1,21.6,24,1.9108339100727871,A607,2024,ago,240,ago,52,8,35,ter
2024-08-28,20.175,16.4,26.5,24,3.399776207468598,A607,2024,ago,241,ago,55,8,35,qua
2024-08-29,20.254166666666663,15.3,26.6,24,3.7392139567685554,A607,2024,ago,242,ago,45,8,35,qui
2024-08-30,21.545833333333334,15.8,30.1,24,5.077056590504817,A607,2024,ago,243,ago,27,8,35,sex
2024-08-31,22.1875,15.8,32.1,24,5.291856951959303,A607,2024,ago,244,ago,11,8,35,sáb
2024-09-01,22.845833333333335,17.8,29.8,24,3.822357474997161,A607,2024,set,245,set,23,9,36,dom
2024-09-02,23.991666666666667,18.6,35.6,24,5.0665069578184925,A607,2024,set,246,set,73,9,36,seg
2024-09-03,22.916666666666668,20.6,28.1,24,2.0857001048895385,A607,2024,set,247,set,78,9,36,ter
2024-09-04,24.629166666666663,21.5,31.6,24,3.348910162330772,A607,2024,set,248,set,55,9,36,qua
2024-09-05,25.216666666666665,21.7,33.3,24,3.663173566691885,A607,2024,set,249,set,19,9,36,qui
2024-09-06,24.208333333333332,21.9,28.6,24,2.3768661623287057,A607,2024,set,250,set,45,9,36,sex
2024-09-07,24.21666666666667,20.8,31.2,24,3.4807129038230915,A607,2024,set,251,set,19,9,36,sáb
2024-09-08,24.45,19.9,29.6,24,3.1302173837555145,A607,2024,set,252,set,8,9,37,dom
2024-09-09,24.641666666666666,22.4,29.1,24,2.430587094343341,A607,2024,set,253,set,52,9,37,seg
2024-09-10,24.620833333333337,18.8,31.9,24,4.103336835845407,A607,2024,set,254,set,26,9,37,ter
2024-09-11,24.829166666666666,19.2,33.1,24,4.45328204973509,A607,2024,set,255,set,33,9,37,qua
2024-09-12,24.804166666666667,20,31.8,24,3.7470543986799374,A607,2024,set,256,set,36,9,37,qui
2024-09-13,24.845833333333335,19.8,31.5,24,3.615543637836702,A607,2024,set,257,set,30,9,37,sex
2024-09-14,25.333333333333332,20.4,33,24,4.027046243746819,A607,2024,set,258,set,10,9,37,sáb
2024-09-15,24.204166666666666,20.4,28.8,24,2.955242823344223,A607,2024,set,259,set,16,9,38,dom
2024-09-16,24.995833333333337,21,32.5,24,3.721790028264995,A607,2024,set,260,set,34,9,38,seg
2024-09-17,22.216666666666665,20,23.4,24,0.932349377818659,A607,2024,set,261,set,20,9,38,ter
2024-09-18,21.433333333333337,17.7,24.9,24,2.210580617545234,A607,2024,set,262,set,33,9,38,qua
2024-09-19,22.683333333333337,19.8,26.4,24,2.432509290686341,A607,2024,set,263,set,32,9,38,qui
2024-09-20,24.541666666666668,22,28.8,24,2.167731065195702,A607,2024,set,264,set,12,9,38,sex
2024-09-21,25.358333333333334,22,31.7,24,3.1113979336383952,A607,2024,set,265,set,7,9,38,sáb
2024-09-22,25.308333333333337,22.2,29.6,24,2.5481308864524115,A607,2024,set,266,set,18,9,39,dom
2024-09-23,25.370833333333337,20.7,31,24,3.2834869014333004,A607,2024,set,267,set,21,9,39,seg
2024-09-24,25.170833333333334,20.3,30.4,24,3.1498073325021103,A607,2024,set,268,set,24,9,39,ter
2024-09-25,25.495833333333337,21.2,31.6,24,3.0679945534029467,A607,2024,set,269,set,17,9,39,qua
2024-09-26,25.7625,21.9,31.1,24,3.188950011196953,A607,2024,set,270,set,26,9,39,qui
2024-09-27,26.4,21.2,35.5,24,4.568321925761286,A607,2024,set,271,set,11,9,39,sex
2024-09-28,24.366666666666667,22.3,28.6,24,1.7521829035623626,A607,2024,set,272,set,1,9,39,sáb
2024-09-29,23.666666666666664,20.7,27.5,24,2.2319160547301773,A607,2024,set,273,set,2,9,40,dom
2024-09-30,22.645833333333332,18.8,26.7,24,3.0381600791707255,A607,2024,set,274,set,14,9,40,seg
2024-10-01,25.141666666666666,20.6,30.9,24,3.555022982456949,A607,2024,out,275,out,26,10,40,ter
2024-10-02,26.133333333333333,20.2,35,24,4.772900555233152,A607,2024,out,276,out,11,10,40,qua
2024-10-03,25.2875,21.7,32.2,24,3.2336965655826257,A607,2024,out,277,out,27,10,40,qui
2024-10-04,23.6625,20,28,24,1.9504319476999692,A607,2024,out,278,out,12,10,40,sex
2024-10-06,20.991666666666667,16.4,25.9,24,3.2641553493863515,A607,2024,out,280,out,5,10,41,dom
2024-10-07,23.079166666666666,19.4,29.2,24,3.6032568802303753,A607,2024,out,281,out,24,10,41,seg
2024-10-08,22.708333333333332,17.9,28.3,24,3.6828529426385535,A607,2024,out,282,out,17,10,41,ter
2024-10-09,25.558333333333337,22.6,29.8,24,2.2306007509513948,A607,2024,out,283,out,7,10,41,qua
2024-10-10,22.325,21.1,24,24,0.8109307588519342,A607,2024,out,284,out,37,10,41,qui
2024-10-11,22.3125,20.9,24.1,24,1.208417038579991,A607,2024,out,285,out,13,10,41,sex
2024-10-12,24.979166666666668,23,29,24,2.0698622442435455,A607,2024,out,286,out,5,10,41,sáb
2024-10-13,24.2125,22,27.7,24,1.889401216396808,A607,2024,out,287,out,8,10,42,dom
2024-10-14,23.09583333333333,20.9,26.4,24,1.7424318754487105,A607,2024,out,288,out,10,10,42,seg
2024-10-15,22.479166666666668,18.6,27.1,24,2.818414473587506,A607,2024,out,289,out,9,10,42,ter
2024-10-16,23.970833333333335,20,30.6,24,3.713603566520713,A607,2024,out,290,out,13,10,42,qua
2024-10-17,25.395833333333332,21.8,30.2,24,2.831112727420496,A607,2024,out,291,out,6,10,42,qui
2024-10-18,25.445833333333333,22.7,31.1,24,2.827040112396966,A607,2024,out,292,out,6,10,42,sex
2024-10-20,22.225,20.9,23.9,24,1.040171390559811,A607,2024,out,294,out,1,10,43,dom
2024-10-21,23.7375,21.4,27.4,24,1.795601509970599,A607,2024,out,295,out,27,10,43,seg
2024-10-22,25.208333333333332,20.9,30.8,24,3.1635033780902475,A607,2024,out,296,out,18,10,43,ter
2024-10-23,27.195833333333333,22.6,34.7,24,3.849729427721728,A607,2024,out,297,out,14,10,43,qua
2024-10-24,27.020833333333332,22.9,32.4,24,3.5047767610687464,A607,2024,out,298,out,21,10,43,qui
2024-10-25,26.6,23.5,32.8,24,2.8593097373165155,A607,2024,out,299,out,11,10,43,sex
2024-10-26,29.65,25.1,37.5,24,4.1837158437051585,A607,2024,out,300,out,4,10,43,sáb
2024-10-27,24.195833333333333,22,26.4,24,1.5453940447740788,A607,2024,out,301,out,6,10,44,dom
2024-10-28,21.9,20.8,23.3,24,0.7205070678227997,A607,2024,out,302,out,5,10,44,seg
2024-10-29,21.070833333333333,20.4,22.5,24,0.4786567860592595,A607,2024,out,303,out,14,10,44,ter
2024-10-30,23.279166666666665,20.7,27.5,24,2.535140707297546,A607,2024,out,304,out,13,10,44,qua
2024-10-31,23.675,19.6,28.4,24,3.0104528043064422,A607,2024,out,305,out,13,10,44,qui
2024-11-01,23.9125,19.5,28.7,24,3.4474076586933244,A607,2024,nov,306,nov,92,11,44,sex
2024-11-04,25.445833333333333,22.8,28.6,24,1.9457823209649407,A607,2024,nov,309,nov,29,11,45,seg
2024-11-05,24.120833333333337,22.6,26.4,24,1.100189377637626,A607,2024,nov,310,nov,54,11,45,ter
2024-11-06,25.808333333333337,22.9,30,24,2.6762915072697253,A607,2024,nov,311,nov,12,11,45,qua
2024-11-07,25.97083333333333,22.4,30.2,24,2.732808583421676,A607,2024,nov,312,nov,8,11,45,qui
2024-11-08,26.47083333333333,23.5,30.9,24,2.459847850838617,A607,2024,nov,313,nov,10,11,45,sex
2024-11-09,22.8875,21.9,25.8,24,1.1444810861354324,A607,2024,nov,314,nov,5,11,45,sáb
2024-11-10,23.370833333333337,20.8,26.8,24,2.0037962160265494,A607,2024,nov,315,nov,5,11,46,dom
2024-11-11,23.345833333333335,19,28.9,24,3.488238519799713,A607,2024,nov,316,nov,17,11,46,seg
2024-11-12,26.083333333333332,20.1,34.8,24,5.218501089698881,A607,2024,nov,317,nov,16,11,46,ter
2024-11-13,24.104166666666668,21.5,28.4,24,2.232463869256618,A607,2024,nov,318,nov,16,11,46,qua
2024-11-14,21.45,19.4,23.8,24,1.3510060663462429,A607,2024,nov,319,nov,20,11,46,qui
2024-11-15,24.241666666666667,20.4,29.8,24,3.379981562422914,A607,2024,nov,320,nov,7,11,46,sex
2024-11-16,25.266666666666666,22.2,28.9,24,2.1261654945335104,A607,2024,nov,321,nov,5,11,46,sáb
2024-11-18,25.625,21.3,31.1,24,3.2245323220045683,A607,2024,nov,323,nov,8,11,47,seg
2024-11-19,26.6625,22.4,33.8,24,3.584121079573551,A607,2024,nov,324,nov,14,11,47,ter
2024-11-20,26.533333333333335,22.8,33.9,24,3.362021476105871,A607,2024,nov,325,nov,9,11,47,qua
2024-11-21,25.0875,24.1,26.7,24,0.6159563084448796,A607,2024,nov,326,nov,12,11,47,qui
2024-11-22,23.85,22.2,26.7,24,1.497824509370028,A607,2024,nov,327,nov,13,11,47,sex
2024-11-23,21.920833333333334,19.3,24.8,24,1.6394535586635235,A607,2024,nov,328,nov,3,11,47,sáb
2024-11-24,20.6625,17.5,24.3,24,1.9688470472975224,A607,2024,nov,329,nov,2,11,48,dom
2024-11-25,22.070833333333333,18.1,25.6,24,2.524743493930606,A607,2024,nov,330,nov,28,11,48,seg
2024-11-26,23.725,19,29.1,24,3.554452198972805,A607,2024,nov,331,nov,6,11,48,ter
2024-11-27,25.895833333333332,19.5,34.4,24,4.9399418379489894,A607,2024,nov,332,nov,15,11,48,qua
2024-11-28,27.275,22.1,35.5,24,4.481095557037849,A607,2024,nov,333,nov,17,11,48,qui
2024-11-29,27.3625,23.5,36.3,24,4.1668268085167535,A607,2024,nov,334,nov,10,11,48,sex
2024-11-30,27.004166666666663,24.1,33,24,2.936498827229264,A607,2024,nov,335,nov,8,11,48,sáb
2024-12-01,26.708333333333332,24,30.9,24,2.498680811368561,A607,2024,dez,336,dez,6,12,49,dom
2024-12-02,27.870833333333337,23.1,35.9,24,4.218744833598554,A607,2024,dez,337,dez,35,12,49,seg
2024-12-03,27.116666666666667,24.3,34,24,2.8668520331035827,A607,2024,dez,338,dez,11,12,49,ter
2024-12-04,26.0625,23.7,30.6,24,2.277262372464683,A607,2024,dez,339,dez,16,12,49,qua
2024-12-05,26.2875,22.9,30.9,24,2.9471153914352906,A607,2024,dez,340,dez,11,12,49,qui
2024-12-06,27.1,22.2,34.4,24,4.032261206169884,A607,2024,dez,341,dez,14,12,49,sex
2024-12-07,28.404166666666665,22.2,36.9,24,5.306147309994542,A607,2024,dez,342,dez,5,12,49,sáb
2024-12-08,27.55,22.9,35.7,24,4.33218490913725,A607,2024,dez,343,dez,4,12,50,dom
2024-12-09,27.854166666666668,24.3,33.8,24,3.2785175821141914,A607,2024,dez,344,dez,27,12,50,seg
2024-12-10,28.1125,24.5,33,24,2.893968615556514,A607,2024,dez,345,dez,17,12,50,ter
2024-12-11,24.141666666666666,22.2,26.3,24,1.2826320312296244,A607,2024,dez,346,dez,17,12,50,qua
2024-12-12,23.4625,19.7,26.6,24,2.373735361243412,A607,2024,dez,347,dez,20,12,50,qui
2024-12-13,24.179166666666667,21.4,26.8,24,1.9374970780716632,A607,2024,dez,348,dez,16,12,50,sex
2024-12-14,26.358333333333334,22.8,32.1,24,3.121025008142241,A607,2024,dez,349,dez,16,12,50,sáb
2024-12-15,24.9875,22.1,27.6,24,1.7855245240788369,A607,2024,dez,350,dez,10,12,51,dom
2024-12-16,27.154166666666665,24.7,31.3,24,2.503385388987701,A607,2024,dez,351,dez,27,12,51,seg
2024-12-17,26.0375,23.1,33.1,24,3.210690363254553,A607,2024,dez,352,dez,17,12,51,ter
2024-12-18,24.7875,20.8,29.2,24,2.9011710529130936,A607,2024,dez,353,dez,20,12,51,qua
2024-12-19,25.65,22.1,30.2,24,2.7719087757120664,A607,2024,dez,354,dez,19,12,51,qui
2024-12-20,27.170833333333334,22,34.1,24,3.9510570040528856,A607,2024,dez,355,dez,7,12,51,sex
2024-12-23,24.8375,23.3,27.1,24,1.132067174224446,A607,2024,dez,358,dez,7,12,52,seg
2024-12-25,26.154166666666665,23.1,30.4,24,2.585238895136683,A607,2024,dez,360,dez,1,12,52,qua
2024-12-26,27.254166666666663,24.2,31.9,24,2.869476420453082,A607,2024,dez,361,dez,13,12,52,qui
2024-12-27,26.804166666666667,23.5,32.9,24,3.1849481828651833,A607,2024,dez,362,dez,11,12,52,sex
2024-12-30,23.2375,21.7,26,24,1.2679365297514942,A607,2024,dez,365,dez,7,12,1,seg
2024-12-31,25.145833333333332,21.5,31.4,24,3.0750014728404627,A607,2024,dez,366,dez,1,12,1,ter
2025-01-01,25.229166666666668,21,28.9,24,2.327805304623195,A607,2025,jan,1,jan,6,1,1,qua
2025-01-02,25.808333333333337,20.8,33.4,24,4.359788254398189,A607,2025,jan,2,jan,25,1,1,qui
2025-01-03,26.479166666666668,22.9,32.6,24,3.000721531589516,A607,2025,jan,3,jan,13,1,1,sex
2025-01-05,24.866666666666667,22.1,29.7,24,2.7702874857355844,A607,2025,jan,5,jan,7,1,2,dom
2025-01-06,25.65833333333333,21.8,31.2,24,3.286324320001281,A607,2025,jan,6,jan,25,1,2,seg
2025-01-07,26.7,22.7,32.8,24,2.713252500309321,A607,2025,jan,7,jan,21,1,2,ter
2025-01-08,24.945833333333333,22.5,29.7,24,2.313660597909477,A607,2025,jan,8,jan,12,1,2,qua
2025-01-09,24.733333333333334,22,29.3,24,2.2309418300967336,A607,2025,jan,9,jan,12,1,2,qui
2025-01-10,25.083333333333332,21.4,29.8,24,2.721678936223753,A607,2025,jan,10,jan,9,1,2,sex
2025-01-11,25.65,22.5,29.9,24,2.5174175864063204,A607,2025,jan,11,jan,1,1,2,sáb
2025-01-12,24.5625,20.9,28.4,24,2.4167553706858973,A607,2025,jan,12,jan,1,1,3,dom
2025-01-13,24.420833333333334,22.7,27.2,24,1.4560157568027796,A607,2025,jan,13,jan,8,1,3,seg
2025-01-14,23.558333333333337,22.5,26.4,24,1.2541814121141936,A607,2025,jan,14,jan,13,1,3,ter
2025-01-16,25.666666666666668,23.1,29.1,24,2.018968024525889,A607,2025,jan,16,jan,16,1,3,qui
2025-01-17,27.9,24.7,32.8,24,2.821038969877094,A607,2025,jan,17,jan,12,1,3,sex
2025-01-20,28.7875,23.6,36.7,24,4.657328260036985,A607,2025,jan,20,jan,16,1,4,seg
2025-01-21,29.2875,24.2,37.7,24,4.670845049695062,A607,2025,jan,21,jan,12,1,4,ter
2025-01-22,28.708333333333332,25,35.1,24,3.527397940675826,A607,2025,jan,22,jan,12,1,4,qua
2025-01-23,28.279166666666665,25.2,33.4,24,2.825040079233454,A607,2025,jan,23,jan,16,1,4,qui
2025-01-24,27.5125,24.5,31.7,24,2.5095145035401294,A607,2025,jan,24,jan,13,1,4,sex
2025-01-27,26.575,23.4,32.2,24,3.2508527309401254,A607,2025,jan,27,jan,19,1,5,seg
2025-01-28,26.65,24.1,30.2,24,1.9820937546377344,A607,2025,jan,28,jan,15,1,5,ter
2025-01-29,26.6125,23.3,29.9,24,2.160779348129824,A607,2025,jan,29,jan,13,1,5,qua
2025-01-30,27.329166666666666,24.5,31.9,24,2.62818819501302,A607,2025,jan,30,jan,6,1,5,qui
2025-01-31,27.508333333333333,23.4,33,24,3.4051006071667747,A607,2025,jan,31,jan,18,1,5,sex
2025-02-03,27.945833333333333,23.2,35.4,24,4.243458307300439,A607,2025,fev,34,fev,21,2,6,seg
2025-02-04,27.75,23.7,35,24,3.3762598292759707,A607,2025,fev,35,fev,10,2,6,ter
2025-02-05,27.483333333333334,22.7,33.8,24,3.828005118649372,A607,2025,fev,36,fev,6,2,6,qua
2025-02-06,27.22083333333333,22.6,33.8,24,3.630065176881235,A607,2025,fev,37,fev,17,2,6,qui
2025-02-07,27.316666666666663,22.7,33.5,24,3.789191340443599,A607,2025,fev,38,fev,7,2,6,sex
2025-02-08,27.391666666666666,23.2,32.4,24,3.3428595760108646,A607,2025,fev,39,fev,1,2,6,sáb
2025-02-10,27.266666666666666,23.4,33.8,24,3.3874020655397836,A607,2025,fev,41,fev,25,2,7,seg
2025-02-11,27.083333333333332,23.7,32.5,24,2.996616449418833,A607,2025,fev,42,fev,18,2,7,ter
2025-02-12,27.6875,22.9,33.6,24,3.5533587907291566,A607,2025,fev,43,fev,12,2,7,qua
2025-02-13,27.7625,23.3,33.4,24,3.321447104736912,A607,2025,fev,44,fev,16,2,7,qui
2025-02-14,27.841666666666665,22.8,36.3,24,4.194190253679245,A607,2025,fev,45,fev,10,2,7,sex
2025-02-16,27.754166666666663,22.5,34,24,3.881279390889675,A607,2025,fev,47,fev,1,2,8,dom
2025-02-17,28.5625,23.1,36.5,24,4.606027478254421,A607,2025,fev,48,fev,13,2,8,seg
2025-02-18,28.1,22.7,35.5,24,4.385053665825986,A607,2025,fev,49,fev,11,2,8,ter
2025-02-19,27.141666666666666,22.2,33.1,24,3.9190634048219346,A607,2025,fev,50,fev,16,2,8,qua
2025-02-20,28.1625,24.1,32.9,24,2.9780081612876166,A607,2025,fev,51,fev,16,2,8,qui
2025-02-21,28.029166666666665,24.2,33,24,3.1202674309391667,A607,2025,fev,52,fev,15,2,8,sex
2025-02-22,27.420833333333334,23,32.8,24,3.5678490861370906,A607,2025,fev,53,fev,2,2,8,sáb
2025-02-24,27.833333333333332,24.1,32.9,24,3.124470969713066,A607,2025,fev,55,fev,18,2,9,seg
2025-02-25,28.1625,24.6,33.7,24,2.6499897456733517,A607,2025,fev,56,fev,17,2,9,ter
2025-02-26,27.295833333333334,22.9,33,24,3.464412763673152,A607,2025,fev,57,fev,14,2,9,qua
2025-02-27,28.0125,24.1,32.5,24,3.096605785582715,A607,2025,fev,58,fev,12,2,9,qui
2025-02-28,27.545833333333334,23.2,32.9,24,3.1433821672325117,A607,2025,fev,59,fev,2,2,9,sex
2025-03-05,26.5,22.7,31.6,24,3.174490715744468,A607,2025,mar,64,mar,1,3,10,qua
2025-03-06,26.65416666666667,22.8,31.7,24,3.1788676089705774,A607,2025,mar,65,mar,12,3,10,qui
2025-03-07,26.620833333333337,24.4,29.8,24,1.7776337879490172,A607,2025,mar,66,mar,31,3,10,sex
2025-03-09,27.28333333333333,23.7,32.8,24,3.2934277989150855,A607,2025,mar,68,mar,1,3,11,dom
2025-03-10,27.783333333333335,23.3,35.1,24,3.7790804801382993,A607,2025,mar,69,mar,17,3,11,seg
2025-03-11,27.829166666666666,24.2,34.1,24,3.222405146398608,A607,2025,mar,70,mar,12,3,11,ter
2025-03-12,27.945833333333333,24,33.5,24,3.1189434061897456,A607,2025,mar,71,mar,14,3,11,qua
2025-03-13,28.1,23.5,35.3,24,3.589477375062692,A607,2025,mar,72,mar,18,3,11,qui
2025-03-14,27.991666666666667,24.2,34.1,24,3.294912635467339,A607,2025,mar,73,mar,16,3,11,sex
2025-03-17,24.954166666666666,22.6,29.9,24,2.1388699101987534,A607,2025,mar,76,mar,7,3,12,seg
2025-03-18,25.9,21.7,32.4,24,3.693707928473713,A607,2025,mar,77,mar,10,3,12,ter
2025-03-19,25.275,23.5,28.1,24,1.299247273716928,A607,2025,mar,78,mar,10,3,12,qua
2025-03-20,25.333333333333332,22.5,29,24,2.4316154348885854,A607,2025,mar,79,mar,10,3,12,qui
2025-03-21,25.34166666666667,22.1,29.5,24,2.389636440724944,A607,2025,mar,80,mar,8,3,12,sex
2025-03-22,25.983333333333334,22.6,30,24,2.5873717849631097,A607,2025,mar,81,mar,1,3,12,sáb
2025-03-23,26.145833333333332,23.1,30.4,24,2.2378132118240996,A607,2025,mar,82,mar,1,3,13,dom
2025-03-24,26.783333333333335,22.5,33.1,24,3.1325315039418844,A607,2025,mar,83,mar,10,3,13,seg
2025-03-25,26,22.6,33.5,24,3.819628937133986,A607,2025,mar,84,mar,10,3,13,ter
2025-03-26,26.391666666666666,23.6,30.9,24,2.6133298210564977,A607,2025,mar,85,mar,6,3,13,qua
2025-03-27,26.179166666666667,23.5,31.5,24,2.537540604372781,A607,2025,mar,86,mar,10,3,13,qui
2025-03-29,26.383333333333333,22.3,31.9,24,3.383806278074475,A607,2025,mar,88,mar,1,3,13,sáb
2025-03-31,27.316666666666663,24.5,31.3,24,2.3254109812856862,A607,2025,mar,90,mar,18,3,14,seg
2025-04-01,27.1875,24.4,32.2,24,2.690128896216847,A607,2025,abr,91,abr,14,4,14,ter
2025-04-02,27.104166666666668,24.2,31,24,2.3621064966358474,A607,2025,abr,92,abr,8,4,14,qua
2025-04-03,27.216666666666665,22.7,33.9,24,3.60828354552792,A607,2025,abr,93,abr,5,4,14,qui
2025-04-04,26.258333333333333,24.1,32.4,24,2.3132729808775205,A607,2025,abr,94,abr,9,4,14,sex
2025-04-07,22.95,19.6,26.9,24,2.4314962292883524,A607,2025,abr,97,abr,19,4,15,seg
2025-04-08,23.220833333333335,18.4,28.1,24,3.2742711325232925,A607,2025,abr,98,abr,11,4,15,ter
2025-04-09,25.020833333333332,20.8,31.6,24,3.630903488792774,A607,2025,abr,99,abr,8,4,15,qua
2025-04-10,25.045833333333334,21.5,30.9,24,2.866292737661493,A607,2025,abr,100,abr,6,4,15,qui
2025-04-11,23.366666666666667,19.1,27.8,24,3.017725412735007,A607,2025,abr,101,abr,9,4,15,sex
2025-04-14,24.895833333333332,22.3,31.5,24,3.0061500970172967,A607,2025,abr,104,abr,11,4,16,seg
2025-04-15,24.608333333333334,20.6,29.2,24,2.725231010019337,A607,2025,abr,105,abr,11,4,16,ter
2025-04-16,23.1125,21.4,25.3,24,1.2871648994052278,A607,2025,abr,106,abr,11,4,16,qua
2025-04-17,24.53333333333333,22.2,29.1,24,2.3698590430778728,A607,2025,abr,107,abr,11,4,16,qui
2025-04-22,23.1875,20.8,26.9,24,2.3279609476778265,A607,2025,abr,112,abr,5,4,17,ter
2025-04-24,24.041666666666668,21.8,28,24,2.070059160395237,A607,2025,abr,114,abr,15,4,17,qui
2025-04-25,24.229166666666668,22.3,28,24,1.8005987329500843,A607,2025,abr,115,abr,6,4,17,sex
2025-04-28,26.333333333333332,21.9,32.8,24,4.040734615374295,A607,2025,abr,118,abr,13,4,18,seg
2025-04-29,23.291666666666668,21.4,25.6,24,1.2710545661555712,A607,2025,abr,119,abr,7,4,18,ter
2025-04-30,23.095833333333335,20.8,26.8,24,1.9411962171875328,A607,2025,abr,120,abr,8,4,18,qua
2025-05-02,22.241666666666667,17.6,27.9,24,3.4333298156728844,A607,2025,mai,122,mai,2,5,18,sex
2025-05-04,22.108333333333334,18.7,26.4,24,2.6792141395933813,A607,2025,mai,124,mai,1,5,19,dom
2025-05-05,22.55,18,27.8,24,3.2212608927453292,A607,2025,mai,125,mai,23,5,19,seg
2025-05-06,23.3,18.5,28.3,24,3.1426933892969,A607,2025,mai,126,mai,21,5,19,ter
2025-05-07,23.520833333333332,21,27.8,24,2.4530334666297966,A607,2025,mai,127,mai,7,5,19,qua
2025-05-08,23.2625,21,26.7,24,1.961989340927479,A607,2025,mai,128,mai,11,5,19,qui
2025-05-09,25.745833333333337,21.9,31.7,24,3.0931873481919085,A607,2025,mai,129,mai,7,5,19,sex
2025-05-12,21.7625,19.8,24.9,24,1.4475804400567114,A607,2025,mai,132,mai,14,5,20,seg
2025-05-13,21.233333333333334,19.1,25.6,24,1.724167515988051,A607,2025,mai,133,mai,17,5,20,ter
2025-05-14,20.195833333333333,17.9,23.7,24,1.5083763705926712,A607,2025,mai,134,mai,2,5,20,qua
2025-05-15,20.90833333333333,17.4,25.3,24,2.681971479060274,A607,2025,mai,135,mai,8,5,20,qui
2025-05-16,22.079166666666666,18,27.3,24,3.15111838899291,A607,2025,mai,136,mai,8,5,20,sex
2025-05-17,22.179166666666667,19,27,24,2.7596438281001068,A607,2025,mai,137,mai,2,5,20,sáb
2025-05-19,22.758333333333333,18.5,29.1,24,3.492341517572747,A607,2025,mai,139,mai,10,5,21,seg
2025-05-20,23.104166666666668,18.3,30.1,24,4.113126301369129,A607,2025,mai,140,mai,5,5,21,ter
2025-05-21,23.445833333333333,17.6,30.9,24,4.774750543601539,A607,2025,mai,141,mai,6,5,21,qua
2025-05-22,22.5,17.2,30.2,24,4.296813784148922,A607,2025,mai,142,mai,6,5,21,qui
2025-05-23,23.095833333333335,20.4,28.2,24,2.5211245190548817,A607,2025,mai,143,mai,5,5,21,sex
2025-05-27,23.083333333333332,20.7,28.4,24,2.5829990433546457,A607,2025,mai,147,mai,1,5,22,ter
2025-05-29,25.041666666666668,22.9,29.5,24,1.9600170067289384,A607,2025,mai,149,mai,4,5,22,qui
2025-06-02,22.020833333333332,19.6,25.2,24,1.6199783054550227,A607,2025,jun,153,jun,3,6,23,seg
2025-06-03,21.841666666666665,20,24.5,24,1.5219885923890226,A607,2025,jun,154,jun,1,6,23,ter
2025-06-04,23.495833333333337,18.9,30.4,24,4.224512234943628,A607,2025,jun,155,jun,22,6,23,qua
2025-06-05,24.3,19.3,32.2,24,4.807421798409839,A607,2025,jun,156,jun,1,6,23,qui
2025-06-06,23.641666666666666,19.4,29,24,2.8880438191705604,A607,2025,jun,157,jun,5,6,23,sex
2025-06-09,21.429166666666667,20.2,23.6,24,0.9134165041999888,A607,2025,jun,160,jun,2,6,24,seg
2025-06-11,20,17.2,24.3,24,2.300661530573515,A607,2025,jun,162,jun,3,6,24,qua
2025-06-12,18.395833333333332,15.3,22.3,24,2.2330480566231454,A607,2025,jun,163,jun,2,6,24,qui
2025-06-13,17.925,14.1,23.8,24,3.321504373675854,A607,2025,jun,164,jun,2,6,24,sex
2025-06-16,20.420833333333334,15.5,27.8,24,4.183090096283272,A607,2025,jun,167,jun,1,6,25,seg
2025-06-17,20.279166666666665,16.2,26.9,24,3.7198619851287225,A607,2025,jun,168,jun,2,6,25,ter
2025-06-19,21.483333333333334,16.2,29.3,24,4.374000921121418,A607,2025,jun,170,jun,1,6,25,qui
2025-06-20,21.566666666666663,16.1,28.9,24,4.242811482420862,A607,2025,jun,171,jun,2,6,25,sex
2025-06-23,23.179166666666667,18.6,30.4,24,4.0020624212008995,A607,2025,jun,174,jun,1,6,26,seg
2025-06-24,22.716666666666665,19.3,29,24,2.9570353347592064,A607,2025,jun,175,jun,1,6,26,ter
2025-06-25,19.308333333333337,16.5,22.6,24,1.7898060780714344,A607,2025,jun,176,jun,1,6,26,qua
2025-06-26,19.283333333333335,13.7,28.1,24,5.243519119219762,A607,2025,jun,177,jun,1,6,26,qui
2025-06-27,22.741666666666667,17.7,31.7,24,4.9593930788096365,A607,2025,jun,178,jun,2,6,26,sex
2025-06-29,22.879166666666663,18.6,30.1,24,4.022218635731179,A607,2025,jun,180,jun,1,6,27,dom
2025-07-01,23.5,20.7,28.4,24,2.543021140639442,A607,2025,jul,182,jul,1,7,27,ter
2025-07-02,20.2,18.2,22.7,24,1.322711312944478,A607,2025,jul,183,jul,2,7,27,qua
2025-07-05,17.4125,12.5,23.5,24,3.8872492230032183,A607,2025,jul,186,jul,2,7,27,sáb
2025-07-06,17.7,12.9,23.4,24,3.6324623341055657,A607,2025,jul,187,jul,1,7,28,dom
2025-07-07,18.529166666666665,12.9,25,24,4.151843924211807,A607,2025,jul,188,jul,2,7,28,seg
2025-07-08,18.4375,13.6,24.4,24,3.825408474921338,A607,2025,jul,189,jul,2,7,28,ter
2025-07-10,20.079166666666666,15.2,24.7,24,2.8966215953532255,A607,2025,jul,191,jul,3,7,28,qui
2025-07-11,21.275,19,24.3,24,1.9825872424468596,A607,2025,jul,192,jul,1,7,28,sex
2025-07-13,18.3375,13.4,24.1,24,3.6821322390819913,A607,2025,jul,194,jul,1,7,29,dom
2025-07-14,18.575,13.6,26,24,4.144168244024681,A607,2025,jul,195,jul,4,7,29,seg
2025-07-15,19.4875,13.7,27.2,24,4.256893386537631,A607,2025,jul,196,jul,2,7,29,ter
2025-07-17,19.791666666666668,14.5,27.7,24,4.350004164582381,A607,2025,jul,198,jul,2,7,29,qui
2025-07-18,21.520833333333332,16.1,29.4,24,5.042944202733564,A607,2025,jul,199,jul,1,7,29,sex
2025-07-21,20.420833333333334,16.9,26.2,24,3.1901995530696503,A607,2025,jul,202,jul,2,7,30,seg
2025-07-22,21.554166666666667,16.3,29.9,24,4.369556655121757,A607,2025,jul,203,jul,1,7,30,ter
2025-07-24,20.304166666666667,16.8,24.9,24,2.511794641056585,A607,2025,jul,205,jul,1,7,30,qui
2025-07-28,22.841666666666665,18.4,30.2,24,3.9117344831502385,A607,2025,jul,209,jul,1,7,31,seg
2025-07-29,22.7,18.1,26.6,24,2.257932875345327,A607,2025,jul,210,jul,1,7,31,ter
2025-07-30,19.225,16.1,24.4,24,2.6215246144844464,A607,2025,jul,211,jul,1,7,31,qua
2025-08-01,17.704166666666666,12.9,23.4,24,3.8471309656244697,A607,2025,ago,213,ago,16,8,31,sex
2025-08-04,21.391666666666666,15.6,29.1,24,4.330871653069659,A607,2025,ago,216,ago,4,8,32,seg
2025-08-05,20.3625,16.8,24.1,24,2.058030400755728,A607,2025,ago,217,ago,2,8,32,ter
2025-08-11,18.616666666666667,14.4,23.6,24,3.0162843059785915,A607,2025,ago,223,ago,2,8,33,seg
2025-08-18,20.7125,18,24.2,24,1.8783231420836397,A607,2025,ago,230,ago,1,8,34,seg
2025-08-20,20.6375,15.5,28.3,24,4.4231419582247975,A607,2025,ago,232,ago,5,8,34,qua
2025-08-29,22.633333333333333,18.4,27.2,24,2.6718608833002784,A607,2025,ago,241,ago,2,8,35,sex
2025-09-01,21.625,19.7,24.9,24,1.5537472235800165,A607,2025,set,244,set,10,9,36,seg
2025-09-03,20.191666666666663,15.4,25.1,24,3.290158799744509,A607,2025,set,246,set,1,9,36,qua
2025-09-05,22.433333333333337,17,29,24,3.976197294845445,A607,2025,set,248,set,1,9,36,sex
2025-09-09,24.116666666666667,19.8,32.2,24,4.208445614802884,A607,2025,set,252,set,5,9,37,ter
2025-09-10,23.1375,20.1,27.6,24,1.9870914947972709,A607,2025,set,253,set,1,9,37,qua
2025-09-11,22.725,19.9,27.3,24,2.5023901617731656,A607,2025,set,254,set,1,9,37,qui
2025-09-16,23.15,18.5,30.1,24,3.5057716386850837,A607,2025,set,259,set,7,9,38,ter
2025-09-17,23.320833333333333,20.7,27,24,1.991717451296017,A607,2025,set,260,set,2,9,38,qua
2025-09-18,22.15714285714286,19,27.8,21,2.7882918478113856,A607,2025,set,261,set,1,9,38,qui
2025-09-24,21.095833333333335,19.5,23.7,24,1.3591810727073113,A607,2025,set,267,set,2,9,39,qua
2025-09-25,18.716666666666665,17.5,20.7,24,0.9356079942158358,A607,2025,set,268,set,1,9,39,qui
2025-09-26,19.079166666666666,15.6,23.7,24,2.699755088194461,A607,2025,set,269,set,1,9,39,sex
2025-09-30,22.133333333333333,17.5,26.5,24,2.901373987353708,A607,2025,set,273,set,3,9,40,ter
2025-10-02,22.916666666666668,20.1,27.3,24,2.454395642722357,A607,2025,out,275,out,9,10,40,qui
2025-10-03,22.34583333333333,18.8,26.2,24,2.463292100221671,A607,2025,out,276,out,3,10,40,sex
2025-10-06,24.2625,19.3,30.3,24,3.4882177459955477,A607,2025,out,279,out,2,10,41,seg
2025-10-07,25.208333333333332,20.4,33.6,24,4.307315987304943,A607,2025,out,280,out,2,10,41,ter
2025-10-08,23.329166666666666,19.7,26.4,24,1.9073038486341112,A607,2025,out,281,out,1,10,41,qua
2025-10-10,21.458333333333332,19.3,25.2,24,1.939277468917039,A607,2025,out,283,out,5,10,41,sex
2025-10-13,24.304166666666667,21.6,27.9,24,2.0720666362179414,A607,2025,out,286,out,3,10,42,seg
2025-10-14,24.5625,22.8,28.8,24,1.8513948912855571,A607,2025,out,287,out,1,10,42,ter
2025-10-17,25.191666666666663,21.9,30.9,24,2.9886621504069946,A607,2025,out,290,out,1,10,42,sex
2025-10-20,19.108333333333334,16.5,23.4,24,2.1817258160071087,A607,2025,out,293,out,4,10,43,seg
2025-10-22,18.970833333333335,15.3,23.2,24,2.593885647753807,A607,2025,out,295,out,2,10,43,qua
2025-10-23,20.220833333333335,15.9,25.8,24,3.1147585804509395,A607,2025,out,296,out,1,10,43,qui
2025-10-28,24.616666666666667,20.7,30.3,24,3.1250275361105664,A607,2025,out,301,out,2,10,44,ter
2025-10-29,25.604166666666668,21.1,32.9,24,3.4403588243931345,A607,2025,out,302,out,4,10,44,qua
2025-10-30,23.604166666666668,19.7,28,24,2.400449082380513,A607,2025,out,303,out,1,10,44,qui
2025-10-31,21.095833333333335,19.4,24.1,24,1.5875820188786047,A607,2025,out,304,out,1,10,44,sex
2025-11-03,25.6625,22.7,31.7,24,3.0322631094971606,A607,2025,nov,307,nov,14,11,45,seg
2025-11-04,24.729166666666668,22.5,29.9,24,2.560821737453525,A607,2025,nov,308,nov,2,11,45,ter
2025-11-07,21.070833333333333,18.9,22.5,24,1.1929062671974024,A607,2025,nov,311,nov,1,11,45,sex
2025-11-11,21.379166666666663,16.8,25.9,24,3.009258057723035,A607,2025,nov,315,nov,1,11,46,ter
2025-11-12,21.4875,15.3,27.1,24,4.150150599677077,A607,2025,nov,316,nov,2,11,46,qua
2025-11-13,23.129166666666663,16.8,29.8,24,4.163451658197189,A607,2025,nov,317,nov,1,11,46,qui
2025-11-14,24.695833333333333,18.8,31.7,24,4.148596322766938,A607,2025,nov,318,nov,2,11,46,sex
2025-11-18,27.829166666666666,23.4,34.9,24,3.9416923276426714,A607,2025,nov,322,nov,3,11,47,ter
2025-11-19,25.575,22.3,30,24,2.3594859425399166,A607,2025,nov,323,nov,1,11,47,qua
2025-11-21,22.175,16.7,27.8,24,3.8124795081416503,A607,2025,nov,325,nov,6,11,47,sex
2025-11-22,25.116666666666667,19.3,34.2,24,5.292050368377958,A607,2025,nov,326,nov,1,11,47,sáb
2025-11-23,24.941666666666663,22,30.3,24,2.8729498045928588,A607,2025,nov,327,nov,1,11,48,dom
2025-11-24,22.354166666666668,21,25.3,24,1.3928323244590397,A607,2025,nov,328,nov,3,11,48,seg
2025-11-25,24.0875,20,31.3,24,3.776622887552133,A607,2025,nov,329,nov,4,11,48,ter
2025-11-26,23.154166666666665,19.5,27.2,24,2.418583697424854,A607,2025,nov,330,nov,1,11,48,qua
2025-11-28,24.0125,20.5,28.4,24,2.522819764711184,A607,2025,nov,332,nov,1,11,48,sex
2025-12-01,24.991666666666667,19.8,30.7,24,3.7287271014518417,A607,2025,dez,335,dez,10,12,49,seg
2025-12-03,24.958333333333332,22.3,31.4,24,2.810062147953728,A607,2025,dez,337,dez,2,12,49,qua
2025-12-06,23.770833333333332,19.9,28,24,2.744239685099566,A607,2025,dez,340,dez,1,12,49,sáb
2025-12-08,27.3375,23.5,34.2,24,3.503887592499161,A607,2025,dez,342,dez,2,12,50,seg
2025-12-09,26.575,22.9,31.9,24,3.144664217921885,A607,2025,dez,343,dez,1,12,50,ter
2025-12-11,28.975,24,36,24,4.396663754929759,A607,2025,dez,345,dez,3,12,50,qui
2025-12-12,26.8375,21.1,34.5,24,4.2452851084672645,A607,2025,dez,346,dez,2,12,50,sex
2025-12-15,27.270833333333332,24,33.5,24,3.061326675559594,A607,2025,dez,349,dez,1,12,51,seg
2025-12-16,27.5625,24.5,34.5,24,3.181169117875021,A607,2025,dez,350,dez,5,12,51,ter
2025-12-17,23.225,21.4,26.2,24,1.6030541502693072,A607,2025,dez,351,dez,1,12,51,qua
2025-12-18,22.025,19.9,25.2,24,1.743621917533829,A607,2025,dez,352,dez,2,12,51,qui
2025-12-22,25.078260869565216,22.1,29.1,23,2.7162736041293996,A607,2025,dez,356,dez,2,12,52,seg
2025-12-26,26.90416666666667,21.4,33.6,24,4.323794545924023,A607,2025,dez,360,dez,2,12,52,sex
2025-12-29,27.979166666666668,21.2,36.5,24,5.403620297433988,A607,2025,dez,363,dez,2,12,53,seg
2025-12-30,27.52916666666667,23.2,35.5,24,4.051782127138267,A607,2025,dez,364,dez,2,12,53,ter
