date,temp_media,temp_min,temp_max,n_obs,temp_sd,estacoes,ano,mes,dia_ano,mes_nome,casos,mes_num,semana_epi,dia_semana,temp_anomalia,casos_anomalia
2020-01-08,27.954166666666666,24,35.1,24,4.0545175198586305,A607,2020,jan,8,jan,1,1,2,qua,1.5527610441767052,-16.879518072289155
2020-01-10,27.879166666666663,23.4,34.5,24,3.9480296865394897,A607,2020,jan,10,jan,2,1,2,sex,1.4777610441767024,-15.879518072289155
2020-01-28,27.645833333333332,23,34.6,24,4.280489525709664,A607,2020,jan,28,jan,1,1,5,ter,1.2444277108433717,-16.879518072289155
2020-02-13,22.8125,21.4,25.7,24,1.2386221306793672,A607,2020,fev,44,fev,1,2,7,qui,-4.293475877192982,-59.94736842105263
2020-04-06,24.65416666666667,21.6,29.1,24,2.565147536508957,A607,2020,abr,97,abr,1,4,15,seg,-0.21106150793650613,-79.42857142857143
2020-04-10,23.175,20.4,26.6,24,2.0428560569862033,A607,2020,abr,101,abr,1,4,15,sex,-1.690228174603174,-79.42857142857143
2020-06-26,22.179166666666667,17.2,29.7,24,4.507961957968673,A607,2020,jun,178,jun,1,6,26,sex,0.4186320754716988,-35.68867924528302
2020-06-29,19.6875,18.1,23.4,24,1.5025521766242464,A607,2020,jun,181,jun,1,6,27,seg,-2.0730345911949684,-35.68867924528302
2020-07-21,21.845833333333335,17.1,29.3,24,3.8006840536096025,A607,2020,jul,203,jul,1,7,30,ter,0.6050310559006213,-21.438095238095237
2020-09-22,21.258333333333333,19.7,22.8,24,0.979758917403605,A607,2020,set,266,set,1,9,39,ter,-1.9955644072373744,-11.83695652173913
2021-03-22,26.59583333333333,21.8,33.3,24,4.126950570880726,A607,2021,mar,81,mar,1,3,12,seg,0.06680711610486867,-81.97752808988764
2021-05-21,23.991666666666667,19.5,31,24,3.8573381976454297,A607,2021,mai,141,mai,9,5,20,sex,0.9321825396825396,-42.923809523809524
2021-05-26,22.075,17.9,27.5,24,3.227901458546552,A607,2021,mai,146,mai,1,5,21,qua,-0.9844841269841282,-50.923809523809524
2021-05-31,23.3,20.5,29.9,24,2.889561423017567,A607,2021,mai,151,mai,1,5,22,seg,0.24051587301587318,-50.923809523809524
2021-06-07,22.691666666666663,17.9,28.2,24,3.386021991590756,A607,2021,jun,158,jun,1,6,23,seg,0.9311320754716945,-35.68867924528302
2021-06-11,23.2375,20.3,29.2,24,2.877017250707678,A607,2021,jun,162,jun,1,6,23,sex,1.4769654088050324,-35.68867924528302
2021-06-14,19.925,15.4,23.6,24,2.318217081030723,A607,2021,jun,165,jun,5,6,24,seg,-1.8355345911949676,-31.68867924528302
2021-06-18,19.891666666666666,17.1,24.1,24,2.619976214075013,A607,2021,jun,169,jun,1,6,24,sex,-1.8688679245283026,-35.68867924528302
2021-06-21,21.71666666666667,18,27.1,24,2.9228733133334917,A607,2021,jun,172,jun,2,6,25,seg,-0.043867924528299795,-34.68867924528302
2021-06-25,19.7875,14.5,27.4,24,4.62284614947752,A607,2021,jun,176,jun,1,6,25,sex,-1.973034591194967,-35.68867924528302
2021-06-28,20.483333333333334,15.3,27.9,24,4.207515704759413,A607,2021,jun,179,jun,4,6,26,seg,-1.277201257861634,-32.68867924528302
2021-07-05,18.125,13.1,25.6,24,3.68572451729525,A607,2021,jul,186,jul,2,7,27,seg,-3.1158022774327137,-20.438095238095237
2021-07-06,19.420833333333334,15.6,24.6,24,3.2063766854933564,A607,2021,jul,187,jul,1,7,27,ter,-1.8199689440993794,-21.438095238095237
2021-07-12,20.6375,15.2,27.7,24,4.259599134027602,A607,2021,jul,193,jul,1,7,28,seg,-0.6033022774327144,-21.438095238095237
2021-07-26,20.645833333333332,15,29.5,24,4.68122792945785,A607,2021,jul,207,jul,1,7,30,seg,-0.5949689440993815,-21.438095238095237
2021-08-02,17.3375,11.8,24.8,24,4.637635501360393,A607,2021,ago,214,ago,2,8,31,seg,-4.291084229390684,-17.78494623655914
2021-08-04,20.0625,17.3,24.2,24,2.488899267792369,A607,2021,ago,216,ago,2,8,31,qua,-1.5660842293906825,-17.78494623655914
2021-08-09,20.583333333333332,15.7,27.3,24,3.875190504901064,A607,2021,ago,221,ago,3,8,32,seg,-1.0452508960573503,-16.78494623655914
2021-08-17,22.3375,18.6,27,24,2.605981831162264,A607,2021,ago,229,ago,2,8,33,ter,0.7089157706093161,-17.78494623655914
2021-08-23,22.59166666666667,16.9,30.3,24,4.197195405906463,A607,2021,ago,235,ago,2,8,34,seg,0.9630824372759861,-17.78494623655914
2021-08-25,22.520833333333332,17.5,29.3,24,3.828494898573824,A607,2021,ago,237,ago,3,8,34,qua,0.8922491039426497,-16.78494623655914
2021-08-30,19.97083333333333,17.6,23.9,24,1.823870506145764,A607,2021,ago,242,ago,3,8,35,seg,-1.657750896057351,-16.78494623655914
2021-08-31,20.4,18.6,24,24,1.7077826966948797,A607,2021,ago,243,ago,1,8,35,ter,-1.228584229390684,-18.78494623655914
2021-09-03,21.9625,17.7,28.3,24,3.533788766109013,A607,2021,set,246,set,1,9,35,sex,-1.2913977405707087,-11.83695652173913
2021-09-08,21.704166666666666,20,24.2,24,1.4060364169526698,A607,2021,set,251,set,1,9,36,qua,-1.5497310739040415,-11.83695652173913
2021-09-10,24.183333333333337,22.3,28.2,24,1.7097334312099948,A607,2021,set,253,set,1,9,36,sex,0.9294355927626299,-11.83695652173913
2021-09-15,25.766666666666666,21.3,33.3,24,4.208962142718865,A607,2021,set,258,set,1,9,37,qua,2.5127689260959585,-11.83695652173913
2021-09-17,21.0375,20,22.2,24,0.6439095939783714,A607,2021,set,260,set,1,9,37,sex,-2.216397740570706,-11.83695652173913
2021-09-20,24.15,22.2,27.5,24,1.9190124271750235,A607,2021,set,263,set,1,9,38,seg,0.8961022594292913,-11.83695652173913
2021-09-21,25.5,21.5,35.4,20,4.101860938390615,A607,2021,set,264,set,3,9,38,ter,2.2461022594292928,-9.83695652173913
2021-09-27,23.934782608695652,21,27.6,23,2.2398475385720857,A607,2021,set,270,set,1,9,39,seg,0.6808848681249451,-11.83695652173913
2021-09-29,24.4875,20,30.6,24,3.512129602936954,A607,2021,set,272,set,1,9,39,qua,1.2336022594292935,-11.83695652173913
2021-10-04,25.241666666666667,22.3,30.9,24,2.6662001403506443,A607,2021,out,277,out,2,10,40,seg,1.240708704961861,-7.53763440860215
2021-10-07,24.46666666666667,21.5,31.3,24,3.173486173398842,A607,2021,out,280,out,1,10,40,qui,0.46570870496186245,-8.53763440860215
2021-10-13,21.645833333333332,18.8,25.7,24,2.512746490901187,A607,2021,out,286,out,2,10,41,qua,-2.355124628371474,-7.53763440860215
2021-10-22,20.3,15.8,26.1,24,3.4743782678093775,A607,2021,out,295,out,1,10,42,sex,-3.7009579617048054,-8.53763440860215
2021-10-26,23.275,19.3,27.6,24,3.2516550969568128,A607,2021,out,299,out,2,10,43,ter,-0.7259579617048075,-7.53763440860215
2021-11-04,23.370833333333337,20.9,27.4,24,2.1800437105044805,A607,2021,nov,308,nov,2,11,44,qui,-1.0381073415312514,-10.688888888888888
2021-11-08,23.225,20.8,26.5,24,2.07683915351315,A607,2021,nov,312,nov,1,11,45,seg,-1.183940674864587,-11.688888888888888
2021-11-16,22.5375,19.4,26.2,24,2.3384893860558043,A607,2021,nov,320,nov,1,11,46,ter,-1.871440674864587,-11.688888888888888
2021-11-24,24.208333333333332,19.7,29.4,24,3.3599840406798345,A607,2021,nov,328,nov,2,11,47,qua,-0.20060734153125637,-10.688888888888888
2021-12-07,22.7375,20.6,25.9,24,1.6515638175614833,A607,2021,dez,341,dez,1,12,49,ter,-2.9796327804942493,-11.117021276595745
2021-12-09,21.8625,17.5,28.4,24,3.81903840617322,A607,2021,dez,343,dez,2,12,49,qui,-3.8546327804942493,-10.117021276595745
2021-12-20,22.741666666666667,20,25.4,24,2.0546694786915647,A607,2021,dez,354,dez,1,12,51,seg,-2.975466113827583,-11.117021276595745
2021-12-21,23.858333333333334,20.8,27.4,24,2.1137061345391426,A607,2021,dez,355,dez,1,12,51,ter,-1.8587994471609157,-11.117021276595745
2021-12-27,25.9625,20.3,34.1,24,4.730733236668682,A607,2021,dez,361,dez,1,12,52,seg,0.24536721950574858,-11.117021276595745
2021-12-30,24.27916666666667,22.2,26.8,24,1.6043362887924193,A607,2021,dez,364,dez,1,12,52,qui,-1.4379661138275814,-11.117021276595745
2022-01-17,26.491666666666667,23.2,30.7,24,2.8726471153407207,A607,2022,jan,17,jan,1,1,3,seg,0.09026104417670666,-16.879518072289155
2022-01-18,26.9375,23.3,32.2,24,3.103548109755223,A607,2022,jan,18,jan,1,1,3,ter,0.5360943775100395,-16.879518072289155
2022-01-24,26.275,22.1,31,24,3.360932841521441,A607,2022,jan,24,jan,1,1,4,seg,-0.1264056224899619,-16.879518072289155
2022-01-31,27.029166666666665,23,34,24,4.02842931595221,A607,2022,jan,31,jan,1,1,5,seg,0.6277610441767045,-16.879518072289155
2022-02-02,25.325,22.8,29.8,24,2.5153874280204787,A607,2022,fev,33,fev,1,2,5,qua,-1.780975877192983,-59.94736842105263
2022-02-07,26.729166666666668,23.1,31.8,24,2.9578898422423676,A607,2022,fev,38,fev,3,2,6,seg,-0.37680921052631433,-57.94736842105263
2022-02-14,26.570833333333333,22.9,32.1,24,3.1819435087307295,A607,2022,fev,45,fev,2,2,7,seg,-0.5351425438596493,-58.94736842105263
2022-02-21,26.854166666666668,23.6,33.6,24,3.15111838899291,A607,2022,fev,52,fev,2,2,8,seg,-0.25180921052631433,-58.94736842105263
2022-02-24,26.3875,23.1,30.6,24,2.647773880402012,A607,2022,fev,55,fev,1,2,8,qui,-0.7184758771929829,-59.94736842105263
2022-03-07,26.7375,22.5,32.6,24,3.3454462885488416,A607,2022,mar,66,mar,1,3,10,seg,0.20847378277153794,-81.97752808988764
2022-03-09,26.679166666666667,21.9,31.8,24,3.3732939864234455,A607,2022,mar,68,mar,1,3,10,qua,0.15014044943820437,-81.97752808988764
2022-03-11,26.533333333333335,21.8,33,24,3.947334451926048,A607,2022,mar,70,mar,1,3,10,sex,0.004307116104872222,-81.97752808988764
2022-03-17,27.575,23,32.6,24,3.0088637173466695,A607,2022,mar,76,mar,1,3,11,qui,1.0459737827715365,-81.97752808988764
2022-03-22,22.166666666666664,20.9,24.5,24,1.1040111320589778,A607,2022,mar,81,mar,1,3,12,ter,-4.3623595505617985,-81.97752808988764
2022-03-23,23.7625,19.8,28.3,24,2.946894090836774,A607,2022,mar,82,mar,1,3,12,qua,-2.7665262172284635,-81.97752808988764
2022-03-24,25.083333333333332,20.6,30.8,24,3.4068558329736622,A607,2022,mar,83,mar,1,3,12,qui,-1.4456928838951306,-81.97752808988764
2022-03-25,26.270833333333332,21.4,33.8,24,4.354356056487189,A607,2022,mar,84,mar,1,3,12,sex,-0.2581928838951306,-81.97752808988764
2022-03-29,25.775,22,32.3,24,3.3040488995223396,A607,2022,mar,88,mar,1,3,13,ter,-0.7540262172284642,-81.97752808988764
2022-04-04,26.3625,22.9,31.6,24,3.0017114683344293,A607,2022,abr,94,abr,1,4,14,seg,1.497271825396826,-79.42857142857143
2022-04-05,26.9375,22.8,34.8,24,4.0830308968152345,A607,2022,abr,95,abr,3,4,14,ter,2.0722718253968253,-77.42857142857143
2022-04-12,25.4375,21.1,32.3,24,3.5838784553342062,A607,2022,abr,102,abr,3,4,15,ter,0.5722718253968253,-77.42857142857143
2022-04-18,22.233333333333334,16.7,27.8,24,3.5140298514812662,A607,2022,abr,108,abr,3,4,16,seg,-2.6318948412698404,-77.42857142857143
2022-04-19,22.65,17.4,28,24,3.5306114755526905,A607,2022,abr,109,abr,2,4,16,ter,-2.215228174603176,-78.42857142857143
2022-04-20,23.054166666666667,17.9,29.8,24,4.195855011241727,A607,2022,abr,110,abr,9,4,16,qua,-1.8110615079365076,-71.42857142857143
2022-04-23,26.645833333333332,20.5,35,24,5.408606600809384,A607,2022,abr,113,abr,1,4,16,sáb,1.7806051587301575,-79.42857142857143
2022-04-25,23.925,21.3,27.5,24,1.9715917206773512,A607,2022,abr,115,abr,17,4,17,seg,-0.940228174603174,-63.42857142857143
2022-04-26,23.875,19.3,30.6,24,4.030562588846462,A607,2022,abr,116,abr,5,4,17,ter,-0.9902281746031747,-75.42857142857143
2022-04-27,25.304166666666667,21,31.7,24,3.8103382443336815,A607,2022,abr,117,abr,8,4,17,qua,0.43893849206349245,-72.42857142857143
2022-04-28,25.245833333333337,20.9,32,24,3.630783741798752,A607,2022,abr,118,abr,5,4,17,qui,0.38060515873016243,-75.42857142857143
2022-04-29,25.654166666666665,21,32.9,24,3.786702037240398,A607,2022,abr,119,abr,4,4,17,sex,0.7889384920634903,-76.42857142857143
2022-05-02,25.945833333333333,21.2,33.6,24,4.3986143239677755,A607,2022,mai,122,mai,11,5,18,seg,2.8863492063492053,-40.923809523809524
2022-05-03,25.2375,20.3,33,24,4.239033164993292,A607,2022,mai,123,mai,7,5,18,ter,2.178015873015873,-44.923809523809524
2022-05-04,26.041666666666668,21.4,33.3,24,3.900046450856782,A607,2022,mai,124,mai,8,5,18,qua,2.9821825396825403,-43.923809523809524
2022-05-05,23.933333333333337,22.4,25.4,24,0.8981462390204986,A607,2022,mai,125,mai,9,5,18,qui,0.8738492063492096,-42.923809523809524
2022-05-06,23.40833333333333,20.4,27,24,2.0884603579351624,A607,2022,mai,126,mai,12,5,18,sex,0.3488492063492039,-39.923809523809524
2022-05-09,22.1375,18.2,26.8,24,3.0418547688511706,A607,2022,mai,129,mai,18,5,19,seg,-0.9219841269841282,-33.923809523809524
2022-05-10,20.5125,18.2,23.5,24,1.487429209130274,A607,2022,mai,130,mai,9,5,19,ter,-2.5469841269841282,-42.923809523809524
2022-05-11,22.558333333333337,18.2,29.2,24,3.885414942494857,A607,2022,mai,131,mai,15,5,19,qua,-0.5011507936507904,-36.923809523809524
2022-05-12,23.216666666666665,19.7,28.1,24,2.8208334671290616,A607,2022,mai,132,mai,14,5,19,qui,0.15718253968253748,-37.923809523809524
2022-05-13,23.3625,20.7,27.1,24,2.239528774192192,A607,2022,mai,133,mai,10,5,19,sex,0.3030158730158732,-41.923809523809524
2022-05-16,24,20.6,28.1,24,2.56853874885076,A607,2022,mai,136,mai,29,5,20,seg,0.9405158730158725,-22.923809523809524
2022-05-17,22.870833333333337,19.8,29.2,24,3.0503712057311354,A607,2022,mai,137,mai,23,5,20,ter,-0.1886507936507904,-28.923809523809524
2022-05-18,19.525,16.3,23.4,24,2.178002674969412,A607,2022,mai,138,mai,21,5,20,qua,-3.534484126984129,-30.923809523809524
2022-05-19,19.058333333333337,15.4,24.7,24,2.9544243412898212,A607,2022,mai,139,mai,9,5,20,qui,-4.00115079365079,-42.923809523809524
2022-05-20,18.575,13,25.2,24,4.263622668678546,A607,2022,mai,140,mai,16,5,20,sex,-4.484484126984128,-35.923809523809524
2022-05-21,18.570833333333333,12.7,26.2,24,4.775888641796475,A607,2022,mai,141,mai,1,5,20,sáb,-4.488650793650795,-50.923809523809524
2022-05-23,19.708333333333332,16.3,25.2,24,2.941001998235157,A607,2022,mai,143,mai,26,5,21,seg,-3.3511507936507954,-25.923809523809524
2022-05-24,20.2875,16.6,25.6,24,2.9518325185198604,A607,2022,mai,144,mai,13,5,21,ter,-2.771984126984126,-38.923809523809524
2022-05-25,21.775,17,27.2,24,3.2713844961635328,A607,2022,mai,145,mai,12,5,21,qua,-1.284484126984129,-39.923809523809524
2022-05-26,20.754166666666663,17.3,25.8,24,3.195646381735853,A607,2022,mai,146,mai,11,5,21,qui,-2.3053174603174647,-40.923809523809524
2022-05-27,20.6375,14.9,27.2,24,4.350893211644068,A607,2022,mai,147,mai,7,5,21,sex,-2.4219841269841282,-44.923809523809524
2022-05-30,24.816666666666663,20.1,31.9,24,3.9751036810833393,A607,2022,mai,150,mai,19,5,22,seg,1.7571825396825353,-32.923809523809524
2022-05-31,22.770833333333332,18.7,28.5,24,3.29142220702959,A607,2022,mai,151,mai,11,5,22,ter,-0.2886507936507954,-40.923809523809524
2022-06-01,23.225,19,30.4,24,3.790749610393128,A607,2022,jun,152,jun,11,6,22,qua,1.464465408805033,-25.68867924528302
2022-06-02,24.55,20.2,32.3,24,4.4685373543203735,A607,2022,jun,153,jun,10,6,22,qui,2.7894654088050324,-26.68867924528302
2022-06-03,22.666666666666668,19.6,26,24,1.716585758611164,A607,2022,jun,154,jun,4,6,22,sex,0.9061320754716995,-32.68867924528302
2022-06-05,19.245833333333337,16.7,23.9,24,2.3323768743618536,A607,2022,jun,156,jun,1,6,23,dom,-2.5147012578616312,-35.68867924528302
2022-06-06,18.891666666666666,12.8,27.1,24,5.353090668963579,A607,2022,jun,157,jun,17,6,23,seg,-2.8688679245283026,-19.68867924528302
2022-06-07,22.1125,16.6,30.4,24,5.561147246355933,A607,2022,jun,158,jun,13,6,23,ter,0.35196540880503235,-23.68867924528302
2022-06-08,22.379166666666663,15.8,30.5,24,4.847947047948249,A607,2022,jun,159,jun,9,6,23,qua,0.6186320754716945,-27.68867924528302
2022-06-09,22.2625,18.3,28.4,24,3.357770028637666,A607,2022,jun,160,jun,9,6,23,qui,0.5019654088050309,-27.68867924528302
2022-06-10,23.483333333333334,18.9,30.6,24,4.2148460868971105,A607,2022,jun,161,jun,7,6,23,sex,1.722798742138366,-29.68867924528302
2022-06-13,20.020833333333332,16.4,24.6,24,2.635209614080999,A607,2022,jun,164,jun,18,6,24,seg,-1.7397012578616362,-18.68867924528302
2022-06-14,18.758333333333333,16,23.1,24,2.3104519916668043,A607,2022,jun,165,jun,2,6,24,ter,-3.0022012578616355,-34.68867924528302
2022-06-15,18.058333333333337,12.5,25.4,24,4.7232005238403545,A607,2022,jun,166,jun,11,6,24,qua,-3.7022012578616312,-25.68867924528302
2022-06-17,19.658333333333335,13.8,28,24,4.675925080913812,A607,2022,jun,168,jun,3,6,24,sex,-2.1022012578616334,-33.68867924528302
2022-06-20,19.720833333333335,15.5,24.8,24,3.4589492205213026,A607,2022,jun,171,jun,8,6,25,seg,-2.0397012578616334,-28.68867924528302
2022-06-21,20.825,16.2,27.7,24,4.04896658849917,A607,2022,jun,172,jun,7,6,25,ter,-0.9355345911949691,-29.68867924528302
2022-06-22,22.083333333333332,17.8,29.4,24,4.066904245851817,A607,2022,jun,173,jun,6,6,25,qua,0.3227987421383638,-30.68867924528302
2022-06-23,22.745833333333337,17.5,31,24,4.446687009709458,A607,2022,jun,174,jun,5,6,25,qui,0.9852987421383688,-31.68867924528302
2022-06-24,22.9125,17.5,30.6,24,4.101464478642381,A607,2022,jun,175,jun,5,6,25,sex,1.151965408805033,-31.68867924528302
2022-06-27,18.7375,15.3,24,24,2.7234588781308164,A607,2022,jun,178,jun,16,6,26,seg,-3.0230345911949676,-20.68867924528302
2022-06-28,17.4875,11.7,24.8,24,4.802744912615303,A607,2022,jun,179,jun,6,6,26,ter,-4.273034591194968,-30.68867924528302
2022-06-29,20.495833333333337,14.6,28.9,24,5.160424583700257,A607,2022,jun,180,jun,2,6,26,qua,-1.2647012578616312,-34.68867924528302
2022-06-30,20.5,16.7,25.2,24,2.7806786784962187,A607,2022,jun,181,jun,6,6,26,qui,-1.2605345911949684,-30.68867924528302
2022-07-01,20.22083333333333,15.5,25.8,24,3.162549764745648,A607,2022,jul,182,jul,5,7,26,sex,-1.0199689440993822,-17.438095238095237
2022-07-04,21.46666666666667,16.1,28.8,24,4.28746065178209,A607,2022,jul,185,jul,16,7,27,seg,0.2258643892339549,-6.4380952380952365
2022-07-05,22.25,16.6,30.1,24,4.116245651181373,A607,2022,jul,186,jul,6,7,27,ter,1.0091977225672863,-16.438095238095237
2022-07-06,21.8625,16.7,29.5,24,4.327647468162772,A607,2022,jul,187,jul,6,7,27,qua,0.6216977225672871,-16.438095238095237
2022-07-07,21.370833333333337,16,29.3,24,4.250061806882206,A607,2022,jul,188,jul,12,7,27,qui,0.13003105590062347,-10.438095238095237
2022-07-08,21.616666666666667,16.1,29.3,24,4.333957591601134,A607,2022,jul,189,jul,4,7,27,sex,0.3758643892339535,-18.438095238095237
2022-07-11,22.079166666666666,17.3,28.2,24,3.3950064566329927,A607,2022,jul,192,jul,4,7,28,seg,0.8383643892339521,-18.438095238095237
2022-07-12,23.345833333333335,18.8,32.1,24,4.05033323016296,A607,2022,jul,193,jul,8,7,28,ter,2.1050310559006213,-14.438095238095237
2022-07-13,21.870833333333337,17.5,27.5,24,3.331728780478187,A607,2022,jul,194,jul,12,7,28,qua,0.6300310559006235,-10.438095238095237
2022-07-14,22.470833333333335,20,26.1,24,1.9389551571527577,A607,2022,jul,195,jul,2,7,28,qui,1.2300310559006213,-20.438095238095237
2022-07-15,22.708333333333332,19.8,28.3,24,2.764041883950365,A607,2022,jul,196,jul,9,7,28,sex,1.4675310559006185,-13.438095238095237
2022-07-18,22.52173913043478,18.7,28.1,23,2.97885831115625,A607,2022,jul,199,jul,10,7,29,seg,1.2809368530020677,-12.438095238095237
2022-07-19,21.9,17.5,28.8,24,3.7887705933053866,A607,2022,jul,200,jul,4,7,29,ter,0.6591977225672849,-18.438095238095237
2022-07-20,21.6625,18.1,26.8,24,3.0263785935180594,A607,2022,jul,201,jul,7,7,29,qua,0.42169772256728777,-15.438095238095237
2022-07-21,21.916666666666668,19.1,26.3,24,2.3830318041751233,A607,2022,jul,202,jul,4,7,29,qui,0.6758643892339542,-18.438095238095237
2022-07-22,21.8875,17.4,27.8,24,3.522636426216073,A607,2022,jul,203,jul,8,7,29,sex,0.6466977225672856,-14.438095238095237
2022-07-25,21.2875,17.3,27.5,24,3.46263439544543,A607,2022,jul,206,jul,12,7,30,seg,0.04669772256728777,-10.438095238095237
2022-07-26,21.341666666666665,17.7,27.1,24,3.33361230716662,A607,2022,jul,207,jul,8,7,30,ter,0.10086438923395136,-14.438095238095237
2022-07-27,21.0625,17,26.9,24,3.502025811242501,A607,2022,jul,208,jul,2,7,30,qua,-0.17830227743271365,-20.438095238095237
2022-07-28,21.479166666666668,15.9,30.4,24,4.784029515565001,A607,2022,jul,209,jul,6,7,30,qui,0.2383643892339542,-16.438095238095237
2022-07-29,23.025,17.2,32.6,24,5.4655641341354535,A607,2022,jul,210,jul,2,7,30,sex,1.784197722567285,-20.438095238095237
2022-08-01,20.591666666666665,15.3,28.3,24,4.48600884554621,A607,2022,ago,213,ago,6,8,31,seg,-1.0369175627240175,-13.78494623655914
2022-08-02,22.65,18.4,30.5,24,3.968900844445913,A607,2022,ago,214,ago,3,8,31,ter,1.021415770609316,-16.78494623655914
2022-08-03,22.829166666666666,19.8,28.7,24,3.098453915530561,A607,2022,ago,215,ago,3,8,31,qua,1.2005824372759832,-16.78494623655914
2022-08-04,21.758333333333333,16.6,30.4,24,4.61471339414973,A607,2022,ago,216,ago,4,8,31,qui,0.12974910394265038,-15.78494623655914
2022-08-05,24.8,19.3,33.9,24,5.45016952269257,A607,2022,ago,217,ago,3,8,31,sex,3.1714157706093182,-16.78494623655914
2022-08-08,22.658333333333335,18.3,27.6,24,2.805261619461399,A607,2022,ago,220,ago,6,8,32,seg,1.0297491039426525,-13.78494623655914
2022-08-09,22.8625,19.7,27.5,24,2.6916638623398144,A607,2022,ago,221,ago,4,8,32,ter,1.2339157706093182,-15.78494623655914
2022-08-10,24.645833333333332,21,31.5,24,3.4836236963786744,A607,2022,ago,222,ago,2,8,32,qua,3.0172491039426497,-17.78494623655914
2022-08-11,22.491666666666667,18.5,28.7,24,2.8495486548279683,A607,2022,ago,223,ago,3,8,32,qui,0.8630824372759847,-16.78494623655914
2022-08-12,19.708333333333332,15.9,24.3,24,2.6108330615652773,A607,2022,ago,224,ago,3,8,32,sex,-1.9202508960573503,-16.78494623655914
2022-08-15,20.591666666666665,14.9,26.9,24,4.281397239084524,A607,2022,ago,227,ago,6,8,33,seg,-1.0369175627240175,-13.78494623655914
2022-08-16,22.716666666666665,17,29.8,24,3.8963379313609745,A607,2022,ago,228,ago,2,8,33,ter,1.0880824372759825,-17.78494623655914
2022-08-17,23.254166666666663,18.8,29,24,3.569676537126319,A607,2022,ago,229,ago,3,8,33,qua,1.6255824372759804,-16.78494623655914
2022-08-18,23.866666666666667,19.2,30.5,24,3.2725029201390856,A607,2022,ago,230,ago,3,8,33,qui,2.2380824372759847,-16.78494623655914
2022-08-19,20.933333333333337,17.1,25.9,24,2.6664855010924455,A607,2022,ago,231,ago,3,8,33,sex,-0.6952508960573454,-16.78494623655914
2022-08-22,19.1375,16.3,22.6,24,2.252498612652181,A607,2022,ago,234,ago,2,8,34,seg,-2.491084229390683,-17.78494623655914
2022-08-23,19.466666666666665,13.9,25.4,24,3.581312203850605,A607,2022,ago,235,ago,3,8,34,ter,-2.1619175627240175,-16.78494623655914
2022-08-24,20.72083333333333,18.1,26.1,24,2.766724506117952,A607,2022,ago,236,ago,4,8,34,qua,-0.907750896057351,-15.78494623655914
2022-08-25,20.9375,18.2,25.2,24,2.212771722444991,A607,2022,ago,237,ago,4,8,34,qui,-0.6910842293906825,-15.78494623655914
2022-08-26,22.725,18.8,27.8,24,2.9949595337325765,A607,2022,ago,238,ago,2,8,34,sex,1.096415770609319,-17.78494623655914
2022-08-29,20.275,16.4,22,24,1.5927143907288532,A607,2022,ago,241,ago,1,8,35,seg,-1.353584229390684,-18.78494623655914
2022-08-30,17.233333333333334,14.7,21.2,24,2.180081104727163,A607,2022,ago,242,ago,6,8,35,ter,-4.395250896057348,-13.78494623655914
2022-09-01,18.775,13.3,25.4,24,4.023977050673603,A607,2022,set,244,set,3,9,35,qui,-4.478897740570709,-9.83695652173913
2022-09-02,20.758333333333333,13.9,29.1,24,4.7116799059604935,A607,2022,set,245,set,2,9,35,sex,-2.4955644072373744,-10.83695652173913
2022-09-06,20.5125,16.1,25.1,24,2.644158861898528,A607,2022,set,249,set,3,9,36,ter,-2.741397740570708,-9.83695652173913
2022-09-08,22.1,15.7,29.2,24,3.8637670287135473,A607,2022,set,251,set,6,9,36,qui,-1.1538977405707058,-6.836956521739131
2022-09-09,23.4,18.1,32,24,4.531148237238116,A607,2022,set,252,set,4,9,36,sex,0.14610225942929134,-8.83695652173913
2022-09-10,24.375,18,35.2,24,5.664477411714702,A607,2022,set,253,set,1,9,36,sáb,1.1211022594292928,-11.83695652173913
2022-09-12,20.391666666666666,18.3,23.4,24,1.815852097660961,A607,2022,set,255,set,6,9,37,seg,-2.8622310739040415,-6.836956521739131
2022-09-13,22.529166666666665,18.7,28.6,24,3.676184123536922,A607,2022,set,256,set,6,9,37,ter,-0.7247310739040422,-6.836956521739131
2022-09-15,22.666666666666668,20.3,27.8,24,2.5311394008759507,A607,2022,set,258,set,3,9,37,qui,-0.5872310739040394,-9.83695652173913
2022-09-16,18.6125,16.9,20,24,0.937300703454154,A607,2022,set,259,set,1,9,37,sex,-4.6413977405707065,-11.83695652173913
2022-09-19,19.3,13.5,26.1,24,4.333790388382297,A607,2022,set,262,set,1,9,38,seg,-3.9538977405707065,-11.83695652173913
2022-09-20,22.0875,17,31.4,24,4.728113191097067,A607,2022,set,263,set,2,9,38,ter,-1.1663977405707087,-10.83695652173913
2022-09-21,23.033333333333335,20.2,27.5,24,2.3921368774758083,A607,2022,set,264,set,2,9,38,qua,-0.22056440723737225,-10.83695652173913
2022-09-22,23.9625,20.3,32.8,24,3.828475971045079,A607,2022,set,265,set,2,9,38,qui,0.7086022594292913,-10.83695652173913
2022-09-23,22.375,20,27.2,24,2.2458173683926113,A607,2022,set,266,set,3,9,38,sex,-0.8788977405707072,-9.83695652173913
2022-09-26,22.954166666666666,20.2,26.6,24,2.4079540596994766,A607,2022,set,269,set,3,9,39,seg,-0.2997310739040415,-9.83695652173913
2022-09-27,24.45,21.9,30,24,2.8253510747608295,A607,2022,set,270,set,5,9,39,ter,1.196102259429292,-7.836956521739131
2022-09-28,23.658333333333335,20.3,28.8,24,2.2559904152330055,A607,2022,set,271,set,2,9,39,qua,0.40443559276262775,-10.83695652173913
2022-09-29,21,20.2,23.1,24,0.9207747210672772,A607,2022,set,272,set,4,9,39,qui,-2.2538977405707072,-8.83695652173913
2022-09-30,20.270833333333332,18.4,22.5,24,1.1877926794164724,A607,2022,set,273,set,2,9,39,sex,-2.983064407237375,-10.83695652173913
2022-10-01,20.5625,17.6,23.9,24,2.2323340290806177,A607,2022,out,274,out,1,10,39,sáb,-3.438457961704806,-8.53763440860215
2022-10-03,21.995833333333337,20.7,24.3,24,1.2199355530613851,A607,2022,out,276,out,2,10,40,seg,-2.005124628371469,-7.53763440860215
2022-10-04,22.033333333333335,18.9,27.7,24,2.683389593433076,A607,2022,out,277,out,2,10,40,ter,-1.9676246283714711,-7.53763440860215
2022-10-05,21.945833333333333,20.1,24.2,24,1.411129417128017,A607,2022,out,278,out,1,10,40,qua,-2.0551246283714732,-8.53763440860215
2022-10-06,22.8875,20.1,26,24,1.896521415186464,A607,2022,out,279,out,2,10,40,qui,-1.1134579617048068,-7.53763440860215
2022-10-07,25.541666666666668,21.6,32,24,3.0883957657329315,A607,2022,out,280,out,2,10,40,sex,1.5407087049618617,-7.53763440860215
2022-10-10,25.2375,22,30.6,24,2.710496906152241,A607,2022,out,283,out,1,10,41,seg,1.2365420382951946,-8.53763440860215
2022-10-11,25.504166666666663,22.2,29.8,24,2.607594121302101,A607,2022,out,284,out,1,10,41,ter,1.5032087049618568,-8.53763440860215
2022-10-13,25.354166666666668,21.7,31.3,24,2.8676576059438363,A607,2022,out,286,out,1,10,41,qui,1.3532087049618617,-8.53763440860215
2022-10-14,25.233333333333334,22.3,29.7,24,2.6222570209760083,A607,2022,out,287,out,1,10,41,sex,1.2323753716285282,-8.53763440860215
2022-10-17,23.525,18.9,30,24,3.5568977690018637,A607,2022,out,290,out,3,10,42,seg,-0.47595796170480753,-6.53763440860215
2022-10-18,25.141666666666666,21.4,29.6,24,2.65901529120097,A607,2022,out,291,out,1,10,42,ter,1.1407087049618596,-8.53763440860215
2022-10-19,24.7,21.9,28,24,1.9484665096250524,A607,2022,out,292,out,6,10,42,qua,0.6990420382951932,-3.53763440860215
2022-10-20,24.916666666666668,21.9,29.4,24,2.8194459317956144,A607,2022,out,293,out,1,10,42,qui,0.9157087049618617,-8.53763440860215
2022-10-21,25.833333333333332,22,31.5,24,2.9368226940405995,A607,2022,out,294,out,1,10,42,sex,1.832375371628526,-8.53763440860215
2022-10-24,23.917391304347827,20.3,28.2,23,2.735565783910664,A607,2022,out,297,out,8,10,43,seg,-0.08356665735697888,-1.53763440860215
2022-10-25,23.55238095238095,20.8,28.2,21,2.458784058761372,A607,2022,out,298,out,1,10,43,ter,-0.4485770093238557,-8.53763440860215
2022-10-26,23.075,20.1,27.1,24,2.589485428151449,A607,2022,out,299,out,2,10,43,qua,-0.9259579617048068,-7.53763440860215
2022-10-27,25.525,21,32.3,24,3.629618497140244,A607,2022,out,300,out,3,10,43,qui,1.5240420382951925,-6.53763440860215
2022-10-28,26.27916666666667,21.7,34.1,24,3.668903303342208,A607,2022,out,301,out,8,10,43,sex,2.2782087049618625,-1.53763440860215
2022-10-29,26.95,22.8,34.3,24,3.7916383977286694,A607,2022,out,302,out,2,10,43,sáb,2.949042038295193,-7.53763440860215
2022-10-31,27.15416666666667,24,34,24,3.482000819951789,A607,2022,out,304,out,5,10,44,seg,3.1532087049618625,-4.53763440860215
2022-11-01,23.729166666666668,22.3,25.4,24,0.8814410960450512,A607,2022,nov,305,nov,3,11,44,ter,-0.6797740081979207,-9.688888888888888
2022-11-03,18.9875,17.5,20.4,16,1.0726136303441234,A607,2022,nov,307,nov,6,11,44,qui,-5.421440674864588,-6.688888888888888
2022-11-04,19.733333333333334,16.8,24.1,24,2.634332960149027,A607,2022,nov,308,nov,5,11,44,sex,-4.675607341531254,-7.688888888888888
2022-11-07,21.933333333333337,16.6,26.8,24,3.526134312303744,A607,2022,nov,311,nov,7,11,45,seg,-2.4756073415312514,-5.688888888888888
2022-11-08,22.291666666666668,19.5,26.4,24,2.3887265420624484,A607,2022,nov,312,nov,4,11,45,ter,-2.1172740081979207,-8.688888888888888
2022-11-09,21.139130434782608,18.1,25.6,23,2.304489517606642,A607,2022,nov,313,nov,6,11,45,qua,-3.2698102400819806,-6.688888888888888
2022-11-10,24.266666666666666,19,31.7,24,4.214536610421092,A607,2022,nov,314,nov,7,11,45,qui,-0.1422740081979228,-5.688888888888888
2022-11-11,25.225,21.8,30.1,24,2.941199104772243,A607,2022,nov,315,nov,3,11,45,sex,0.8160593251354129,-9.688888888888888
2022-11-16,22.666666666666668,20.6,26.3,24,1.8525344957573704,A607,2022,nov,320,nov,8,11,46,qua,-1.7422740081979207,-4.688888888888888
2022-11-17,23.241666666666667,19.6,27.7,24,2.934934510293227,A607,2022,nov,321,nov,8,11,46,qui,-1.1672740081979214,-4.688888888888888
2022-11-18,22.654166666666665,18.5,26.9,24,2.9761339332102974,A607,2022,nov,322,nov,5,11,46,sex,-1.7547740081979235,-7.688888888888888
2022-11-21,23.375,21.2,26.6,24,1.9276590894702803,A607,2022,nov,325,nov,11,11,47,seg,-1.0339406748645885,-1.6888888888888882
2022-11-22,24.1625,20.3,28.3,24,2.8313174840791295,A607,2022,nov,326,nov,3,11,47,ter,-0.2464406748645871,-9.688888888888888
2022-11-23,25.025,22.7,28.7,24,1.8935244341197963,A607,2022,nov,327,nov,4,11,47,qua,0.6160593251354101,-8.688888888888888
2022-11-24,23.35,21,25.8,14,1.4200487532259105,A607,2022,nov,328,nov,5,11,47,qui,-1.058940674864587,-7.688888888888888
2022-11-25,23.629166666666663,20.4,28.3,24,2.638424952861851,A607,2022,nov,329,nov,1,11,47,sex,-0.7797740081979256,-11.688888888888888
2022-11-28,24.095833333333335,22.3,26.8,24,1.672404976612155,A607,2022,nov,332,nov,3,11,48,seg,-0.3131073415312535,-9.688888888888888
2022-11-29,23.45,22.5,26.1,24,1.1302173703973166,A607,2022,nov,333,nov,7,11,48,ter,-0.9589406748645892,-5.688888888888888
2022-11-30,23.436363636363637,21.7,25.7,22,1.071956579853358,A607,2022,nov,334,nov,10,11,48,qua,-0.9725770385009511,-2.688888888888888
2022-12-01,24.8375,22.2,27.3,24,1.240551244932811,A607,2022,dez,335,dez,1,12,48,qui,-0.8796327804942514,-11.117021276595745
2022-12-02,23.829166666666666,23.1,25.5,24,0.7086295203429284,A607,2022,dez,336,dez,5,12,48,sex,-1.8879661138275843,-7.117021276595745
2022-12-05,24.934782608695652,22.5,29,23,2.2634665079057537,A607,2022,dez,339,dez,6,12,49,seg,-0.7823501717985977,-6.117021276595745
2022-12-06,24.516666666666666,22.6,27.6,24,1.795808323912072,A607,2022,dez,340,dez,8,12,49,ter,-1.2004661138275843,-4.117021276595745
2022-12-07,24.2,22.4,27.8,24,1.9531468477038925,A607,2022,dez,341,dez,3,12,49,qua,-1.5171327804942507,-9.117021276595745
2022-12-08,24.05,21.8,27.5,24,1.8280424312457253,A607,2022,dez,342,dez,8,12,49,qui,-1.6671327804942493,-4.117021276595745
2022-12-12,27.856521739130436,23.7,34.8,23,3.62100263449937,A607,2022,dez,346,dez,9,12,50,seg,2.139388958636186,-3.117021276595745
2022-12-13,26.545833333333334,23.3,32.7,24,3.008969080521804,A607,2022,dez,347,dez,3,12,50,ter,0.8287005528390843,-9.117021276595745
2022-12-14,23.383333333333333,21.1,25.9,24,1.4333501852733643,A607,2022,dez,348,dez,5,12,50,qua,-2.333799447160917,-7.117021276595745
2022-12-15,22.975,19.5,26.8,24,2.314087293081227,A607,2022,dez,349,dez,8,12,50,qui,-2.7421327804942486,-4.117021276595745
2022-12-16,23.83478260869565,19.9,30.4,23,3.569391174932189,A607,2022,dez,350,dez,4,12,50,sex,-1.882350171798599,-8.117021276595745
2022-12-19,22.870833333333337,21.7,24.7,24,0.7926176591668825,A607,2022,dez,353,dez,10,12,51,seg,-2.846299447160913,-2.117021276595745
2022-12-20,22.63478260869565,20.9,24.2,23,1.2145364606421865,A607,2022,dez,354,dez,4,12,51,ter,-3.0823501717985984,-8.117021276595745
2022-12-21,24.547826086956523,21.9,29.9,23,2.3200449770752667,A607,2022,dez,355,dez,6,12,51,qua,-1.1693066935377274,-6.117021276595745
2022-12-22,23.421739130434784,21.3,26.6,23,1.6059425218229977,A607,2022,dez,356,dez,4,12,51,qui,-2.2953936500594665,-8.117021276595745
2022-12-23,21.8375,20.1,23.9,24,1.3177096401150648,A607,2022,dez,357,dez,3,12,51,sex,-3.8796327804942514,-9.117021276595745
2022-12-26,24.883333333333333,21.9,29.2,24,2.5121732608945635,A607,2022,dez,360,dez,6,12,52,seg,-0.8337994471609171,-6.117021276595745
2022-12-27,25.079166666666666,22.5,29.4,24,2.291189014780159,A607,2022,dez,361,dez,8,12,52,ter,-0.6379661138275843,-4.117021276595745
2022-12-28,25.75,22.7,30.4,24,2.7446390433462957,A607,2022,dez,362,dez,7,12,52,qua,0.03286721950575,-5.117021276595745
2022-12-29,26.775,23.3,33.4,24,3.255663960866809,A607,2022,dez,363,dez,9,12,52,qui,1.0578672195057486,-3.117021276595745
2022-12-30,24.741666666666667,22.3,28.9,24,2.220441919717915,A607,2022,dez,364,dez,2,12,52,sex,-0.9754661138275829,-10.117021276595745
2023-01-02,24.883333333333333,22.3,28.7,24,1.7758443592854063,A607,2023,jan,2,jan,7,1,1,seg,-1.5180722891566276,-10.879518072289155
2023-01-03,25.583333333333332,20.8,31.4,24,3.649022104460396,A607,2023,jan,3,jan,9,1,1,ter,-0.8180722891566283,-8.879518072289155
2023-01-04,26.420833333333334,22.7,33,24,3.703345041007336,A607,2023,jan,4,jan,4,1,1,qua,0.019427710843373802,-13.879518072289155
2023-01-05,25.7625,22.8,33,24,3.407512480439041,A607,2023,jan,5,jan,4,1,1,qui,-0.6389056224899612,-13.879518072289155
2023-01-06,23.9125,22.5,27.5,24,1.4818650117481948,A607,2023,jan,6,jan,13,1,1,sex,-2.488905622489959,-4.879518072289155
2023-01-09,25.15,21.7,30.7,24,2.958701242687112,A607,2023,jan,9,jan,17,1,2,seg,-1.251405622489962,-0.8795180722891551
2023-01-10,25.304166666666667,22.6,28.7,24,1.6726649308855892,A607,2023,jan,10,jan,7,1,2,ter,-1.0972389558232933,-10.879518072289155
2023-01-11,27.133333333333333,23.6,32.7,24,3.2464919751829875,A607,2023,jan,11,jan,11,1,2,qua,0.7319277108433724,-6.879518072289155
2023-01-12,25.920833333333334,23.1,33.2,24,3.291884509394035,A607,2023,jan,12,jan,15,1,2,qui,-0.4805722891566262,-2.879518072289155
2023-01-13,26.8125,23,33.5,24,3.747383144913609,A607,2023,jan,13,jan,7,1,2,sex,0.4110943775100395,-10.879518072289155
2023-01-16,26.4875,22.6,30.6,24,2.771330319382811,A607,2023,jan,16,jan,20,1,3,seg,0.08609437751004023,2.120481927710845
2023-01-17,26.954166666666666,23.2,31.9,24,2.7580678754876757,A607,2023,jan,17,jan,10,1,3,ter,0.5527610441767052,-7.879518072289155
2023-01-18,26.570833333333333,22.9,31.1,24,2.7149312052564727,A607,2023,jan,18,jan,11,1,3,qua,0.16942771084337238,-6.879518072289155
2023-01-19,26.1,23.1,29.8,24,2.263894297732195,A607,2023,jan,19,jan,18,1,3,qui,-0.30140562248995906,0.12048192771084487
2023-01-20,25.208333333333332,22.6,31.3,24,2.449829926069699,A607,2023,jan,20,jan,12,1,3,sex,-1.1930722891566283,-5.879518072289155
2023-01-22,26.079166666666666,21.5,32.7,24,3.8924653154375135,A607,2023,jan,22,jan,1,1,4,dom,-0.32223895582329476,-16.879518072289155
2023-01-23,27.120833333333337,23.1,34.6,24,3.780036710963517,A607,2023,jan,23,jan,21,1,4,seg,0.7194277108433766,3.120481927710845
2023-01-24,25.8,23.4,29.8,24,2.364593907593033,A607,2023,jan,24,jan,16,1,4,ter,-0.6014056224899598,-1.8795180722891551
2023-01-25,24.841666666666665,22.4,29.1,24,2.218482965151337,A607,2023,jan,25,jan,6,1,4,qua,-1.5597389558232955,-11.879518072289155
2023-01-26,25.3625,23,28.5,24,1.9241740181630955,A607,2023,jan,26,jan,11,1,4,qui,-1.0389056224899598,-6.879518072289155
2023-01-27,25.804166666666667,22.3,30.1,24,2.8789308351579392,A607,2023,jan,27,jan,12,1,4,sex,-0.5972389558232933,-5.879518072289155
2023-01-30,26.45,23.3,31.4,24,2.733209611904783,A607,2023,jan,30,jan,18,1,5,seg,0.04859437751003881,0.12048192771084487
2023-01-31,26.8875,23,31.8,24,2.8962213012970808,A607,2023,jan,31,jan,18,1,5,ter,0.4860943775100388,0.12048192771084487
2023-02-01,26.991666666666667,22.5,34,24,3.513194590665888,A607,2023,fev,32,fev,10,2,5,qua,-0.11430921052631504,-50.94736842105263
2023-02-02,27.054166666666667,22.8,34.2,24,3.866014593942929,A607,2023,fev,33,fev,16,2,5,qui,-0.05180921052631504,-44.94736842105263
2023-02-03,27.358333333333334,22.6,34.2,24,4.082403029191707,A607,2023,fev,34,fev,26,2,5,sex,0.2523574561403521,-34.94736842105263
2023-02-06,26.775,23.1,34.4,24,3.6697648307546182,A607,2023,fev,37,fev,29,2,6,seg,-0.3309758771929836,-31.94736842105263
2023-02-07,26.820833333333333,23.5,32.3,24,3.038732454089407,A607,2023,fev,38,fev,17,2,6,ter,-0.2851425438596493,-43.94736842105263
2023-02-08,24.991666666666667,21.9,29.1,24,2.7794144936544156,A607,2023,fev,39,fev,24,2,6,qua,-2.114309210526315,-36.94736842105263
2023-02-09,25.3875,21.5,31.9,24,3.881540763105828,A607,2023,fev,40,fev,21,2,6,qui,-1.718475877192983,-39.94736842105263
2023-02-10,26.670833333333334,22.6,32.4,24,3.371295605248969,A607,2023,fev,41,fev,23,2,6,sex,-0.4351425438596479,-37.94736842105263
2023-02-13,27.541666666666668,23.7,33.6,24,3.462207974395966,A607,2023,fev,44,fev,33,2,7,seg,0.43569078947368567,-27.94736842105263
2023-02-14,27.233333333333334,23.2,33.7,24,3.442277641666756,A607,2023,fev,45,fev,34,2,7,ter,0.1273574561403521,-26.94736842105263
2023-02-15,26.954166666666666,22.7,33.1,24,3.5657768428147074,A607,2023,fev,46,fev,21,2,7,qua,-0.15180921052631646,-39.94736842105263
2023-02-16,27.058333333333337,24,31.7,24,2.5629325368424736,A607,2023,fev,47,fev,19,2,7,qui,-0.04764254385964506,-41.94736842105263
2023-02-17,27.779166666666665,24.5,34,24,3.1985022536597763,A607,2023,fev,48,fev,3,2,7,sex,0.6731907894736828,-57.94736842105263
2023-02-21,27.5625,23.2,34.3,24,3.3385511697506565,A607,2023,fev,52,fev,1,2,8,ter,0.4565241228070178,-59.94736842105263
2023-02-23,27.0375,23.6,31.7,24,2.957203805595091,A607,2023,fev,54,fev,39,2,8,qui,-0.06847587719298076,-21.94736842105263
2023-02-24,26.558333333333337,23.1,32,24,3.084451422815756,A607,2023,fev,55,fev,38,2,8,sex,-0.5476425438596451,-22.94736842105263
2023-02-27,27.804166666666667,23.2,35.3,24,3.870454323030653,A607,2023,fev,58,fev,56,2,9,seg,0.698190789473685,-4.94736842105263
2023-02-28,27.52916666666667,23.4,33.6,24,3.266493821218398,A607,2023,fev,59,fev,44,2,9,ter,0.4231907894736864,-16.94736842105263
2023-03-01,27.0625,22.4,33.2,24,3.6017885050045075,A607,2023,mar,60,mar,32,3,9,qua,0.5334737827715372,-50.97752808988764
2023-03-02,27.2375,23,32.9,24,3.4414118058423786,A607,2023,mar,61,mar,45,3,9,qui,0.7084737827715379,-37.97752808988764
2023-03-03,27.47083333333333,23.4,33.6,24,3.4585092499347256,A607,2023,mar,62,mar,27,3,9,sex,0.9418071161048687,-55.97752808988764
2023-03-04,27.441666666666663,22.6,33.4,24,3.4107141502173337,A607,2023,mar,63,mar,2,3,9,sáb,0.9126404494382001,-80.97752808988764
2023-03-06,27.666666666666668,22.4,36.9,24,4.389975405166982,A607,2023,mar,65,mar,48,3,10,seg,1.137640449438205,-34.97752808988764
2023-03-07,27.466666666666665,23.1,32.4,24,3.339964418798586,A607,2023,mar,66,mar,33,3,10,ter,0.9376404494382022,-49.97752808988764
2023-03-08,27.070833333333333,23.1,32.5,24,3.062888543823307,A607,2023,mar,67,mar,35,3,10,qua,0.5418071161048701,-47.97752808988764
2023-03-09,27.116666666666667,23,32.6,24,3.105068320562741,A607,2023,mar,68,mar,34,3,10,qui,0.5876404494382044,-48.97752808988764
2023-03-10,27.191666666666663,22.1,33.8,24,3.5815853505379995,A607,2023,mar,69,mar,53,3,10,sex,0.6626404494382001,-29.97752808988764
2023-03-13,26.5625,22.8,31.1,24,2.7699964683700604,A607,2023,mar,72,mar,62,3,11,seg,0.03347378277153723,-20.97752808988764
2023-03-14,26.2875,22.6,30.7,24,2.485840335563216,A607,2023,mar,73,mar,50,3,11,ter,-0.24152621722846135,-32.97752808988764
2023-03-15,25.166666666666668,22.5,30.4,24,2.2998424646742306,A607,2023,mar,74,mar,52,3,11,qua,-1.362359550561795,-30.97752808988764
2023-03-16,25.7375,22.8,29.4,24,2.4106308934276575,A607,2023,mar,75,mar,35,3,11,qui,-0.7915262172284621,-47.97752808988764
2023-03-17,24.7625,21.5,29.2,24,2.538882414182169,A607,2023,mar,76,mar,65,3,11,sex,-1.7665262172284635,-17.97752808988764
2023-03-18,25.633333333333333,21.3,31.4,24,3.302392632842024,A607,2023,mar,77,mar,2,3,11,sáb,-0.8956928838951299,-80.97752808988764
2023-03-19,26.275,21.6,32.8,24,3.9009753518385857,A607,2023,mar,78,mar,1,3,12,dom,-0.2540262172284642,-81.97752808988764
2023-03-20,27.004166666666663,22.2,34.5,24,3.930978323485153,A607,2023,mar,79,mar,71,3,12,seg,0.4751404494382001,-11.977528089887642
2023-03-21,27.2625,22.5,36,24,3.927695695730624,A607,2023,mar,80,mar,60,3,12,ter,0.7334737827715365,-22.97752808988764
2023-03-22,27.358333333333334,23.7,32.6,24,2.9793370529972467,A607,2023,mar,81,mar,59,3,12,qua,0.8293071161048715,-23.97752808988764
2023-03-23,26.35,21.6,32.5,24,3.2427846326749856,A607,2023,mar,82,mar,35,3,12,qui,-0.17902621722846135,-47.97752808988764
2023-03-24,26.604166666666668,22.2,33.4,24,3.897321172143832,A607,2023,mar,83,mar,146,3,12,sex,0.07514044943820508,63.02247191011236
2023-03-27,26.6625,23.4,31.1,24,2.698761793376975,A607,2023,mar,86,mar,138,3,13,seg,0.13347378277153865,55.02247191011236
2023-03-28,26.416666666666668,23,30.8,24,2.6417495300861025,A607,2023,mar,87,mar,43,3,13,ter,-0.11235955056179492,-39.97752808988764
2023-03-29,26.491666666666667,22.7,31.2,24,3.01804956692328,A607,2023,mar,88,mar,152,3,13,qua,-0.03735955056179563,69.02247191011236
2023-03-30,27.366666666666667,23,35.3,24,3.874629482052239,A607,2023,mar,89,mar,97,3,13,qui,0.8376404494382044,14.022471910112358
2023-03-31,28.15,22.1,36.8,24,5.219778439409257,A607,2023,mar,90,mar,107,3,13,sex,1.6209737827715358,24.02247191011236
2023-04-03,24.858333333333334,22.7,27.9,24,1.8289737361526628,A607,2023,abr,93,abr,110,4,14,seg,-0.006894841269840413,29.57142857142857
2023-04-04,24.09166666666667,19.9,29.8,24,3.380881884781038,A607,2023,abr,94,abr,113,4,14,ter,-0.7735615079365061,32.57142857142857
2023-04-05,24.96666666666667,20.2,32.6,24,4.038582044175435,A607,2023,abr,95,abr,47,4,14,qua,0.10143849206349387,-33.42857142857143
2023-04-06,24.954166666666666,22.2,29.4,24,2.438456241268174,A607,2023,abr,96,abr,37,4,14,qui,0.08893849206349103,-43.42857142857143
2023-04-10,23.3125,20.6,27.2,24,2.454155747865772,A607,2023,abr,100,abr,95,4,15,seg,-1.5527281746031747,14.57142857142857
2023-04-11,23.445833333333333,20.3,28,24,2.2389786426669733,A607,2023,abr,101,abr,55,4,15,ter,-1.4193948412698418,-25.42857142857143
2023-04-12,24.004166666666663,22.2,27.2,24,1.8005987329500843,A607,2023,abr,102,abr,59,4,15,qua,-0.8610615079365118,-21.42857142857143
2023-04-13,25.704166666666666,21.4,31.7,24,3.8355861370190545,A607,2023,abr,103,abr,43,4,15,qui,0.838938492063491,-37.42857142857143
2023-04-14,26.816666666666663,23,34.2,24,4.106798887387752,A607,2023,abr,104,abr,35,4,15,sex,1.9514384920634882,-45.42857142857143
2023-04-15,25.354166666666668,22.1,32.2,24,3.6371248997294394,A607,2023,abr,105,abr,2,4,15,sáb,0.48893849206349316,-78.42857142857143
2023-04-17,25.0375,20.6,31.8,24,3.809463330912272,A607,2023,abr,107,abr,78,4,16,seg,0.17227182539682673,-2.4285714285714306
2023-04-18,26.5875,22.9,31.6,24,3.3358803674722743,A607,2023,abr,108,abr,65,4,16,ter,1.7222718253968239,-15.42857142857143
2023-04-19,26.6375,24.1,30.4,24,1.924851772949306,A607,2023,abr,109,abr,74,4,16,qua,1.7722718253968246,-6.428571428571431
2023-04-20,24.354166666666668,22.1,28.8,24,2.261776748039252,A607,2023,abr,110,abr,48,4,16,qui,-0.5110615079365068,-32.42857142857143
2023-04-21,23.054166666666667,19.4,26.6,24,2.2904298375151577,A607,2023,abr,111,abr,1,4,16,sex,-1.8110615079365076,-79.42857142857143
2023-04-24,21.916666666666668,17.2,27.4,24,3.7125716701226255,A607,2023,abr,114,abr,88,4,17,seg,-2.948561507936507,7.571428571428569
2023-04-25,22.841666666666665,19.2,26.7,24,2.5527336867292516,A607,2023,abr,115,abr,66,4,17,ter,-2.0235615079365097,-14.42857142857143
2023-04-26,24.516666666666666,20.9,29.6,24,2.9514427815483097,A607,2023,abr,116,abr,69,4,17,qua,-0.348561507936509,-11.42857142857143
2023-04-27,25.745833333333337,22.9,31.9,24,3.1451797718256818,A607,2023,abr,117,abr,38,4,17,qui,0.8806051587301624,-42.42857142857143
2023-04-28,22.670833333333334,21,25.2,24,1.2460299272931386,A607,2023,abr,118,abr,38,4,17,sex,-2.1943948412698404,-42.42857142857143
2023-04-29,23.475,21.9,27.2,24,1.6989126957634073,A607,2023,abr,119,abr,2,4,17,sáb,-1.3902281746031733,-78.42857142857143
2023-05-01,22.645833333333332,18,28.7,24,3.769093901799172,A607,2023,mai,121,mai,1,5,18,seg,-0.4136507936507954,-50.923809523809524
2023-05-02,23.054166666666667,19.7,27.8,24,2.6340544325475106,A607,2023,mai,122,mai,74,5,18,ter,-0.005317460317460387,22.076190476190476
2023-05-03,23.320833333333333,19.1,29.5,24,3.827359081172275,A607,2023,mai,123,mai,99,5,18,qua,0.26134920634920533,47.076190476190476
2023-05-04,23.879166666666663,19.5,29.8,24,3.3583095083126553,A607,2023,mai,124,mai,45,5,18,qui,0.8196825396825353,-6.923809523809524
2023-05-05,24.4875,21.3,29.5,24,3.0222813870665144,A607,2023,mai,125,mai,66,5,18,sex,1.4280158730158732,14.076190476190476
2023-05-06,24.333333333333332,20.3,29.4,24,2.7795318133544136,A607,2023,mai,126,mai,1,5,18,sáb,1.2738492063492046,-50.923809523809524
2023-05-07,24.325,21.7,29.1,24,2.5198774987478365,A607,2023,mai,127,mai,2,5,19,dom,1.2655158730158718,-49.923809523809524
2023-05-08,23.270833333333332,21,27.8,24,2.2605269040774476,A607,2023,mai,128,mai,70,5,19,seg,0.21134920634920462,18.076190476190476
2023-05-09,24.170833333333334,21,29.1,24,2.849787050269556,A607,2023,mai,129,mai,107,5,19,ter,1.1113492063492068,55.076190476190476
2023-05-10,24.1875,21.1,28.6,24,2.738186086349549,A607,2023,mai,130,mai,74,5,19,qua,1.1280158730158725,22.076190476190476
2023-05-11,22.45,20.9,25.5,24,1.5628847352419095,A607,2023,mai,131,mai,48,5,19,qui,-0.6094841269841282,-3.923809523809524
2023-05-12,21.27916666666667,18.5,25.2,24,2.230028107966094,A607,2023,mai,132,mai,44,5,19,sex,-1.780317460317459,-7.923809523809524
2023-05-15,22.6625,19.2,27.9,24,2.835920600470668,A607,2023,mai,135,mai,71,5,20,seg,-0.3969841269841261,19.076190476190476
2023-05-16,21.758333333333333,17.6,27.5,24,3.4536580061129976,A607,2023,mai,136,mai,92,5,20,ter,-1.3011507936507947,40.076190476190476
2023-05-17,20.366666666666667,15.7,26.7,24,3.3938136387392803,A607,2023,mai,137,mai,118,5,20,qua,-2.6928174603174604,66.07619047619048
2023-05-18,20.75,17.7,24.7,24,2.0855611277043176,A607,2023,mai,138,mai,52,5,20,qui,-2.3094841269841275,0.07619047619047592
2023-05-19,20.083333333333332,16.3,23.9,24,2.7208800792752887,A607,2023,mai,139,mai,34,5,20,sex,-2.9761507936507954,-17.923809523809524
2023-05-20,20.1125,14.4,26.9,24,4.401315267843979,A607,2023,mai,140,mai,1,5,20,sáb,-2.946984126984127,-50.923809523809524
2023-05-21,20.316666666666663,17.5,25.1,24,2.3704093696469695,A607,2023,mai,141,mai,60,5,21,dom,-2.7428174603174647,8.076190476190476
2023-05-22,21.2875,17.1,26.9,24,3.436417813843996,A607,2023,mai,142,mai,44,5,21,seg,-1.771984126984126,-7.923809523809524
2023-05-23,21.0375,18.1,26.3,24,2.625926337587325,A607,2023,mai,143,mai,33,5,21,ter,-2.021984126984126,-18.923809523809524
2023-05-24,22.020833333333332,18.2,26.7,24,2.8943692211612873,A607,2023,mai,144,mai,23,5,21,qua,-1.0386507936507954,-28.923809523809524
2023-05-25,21.6375,17.7,26.4,24,2.809736565092427,A607,2023,mai,145,mai,30,5,21,qui,-1.4219841269841282,-21.923809523809524
2023-05-26,22.158333333333335,19.1,27.1,24,2.698456348853297,A607,2023,mai,146,mai,46,5,21,sex,-0.9011507936507925,-5.923809523809524
2023-05-28,22.7375,18.4,30.9,24,4.427464923878439,A607,2023,mai,148,mai,3,5,22,dom,-0.3219841269841268,-48.923809523809524
2023-05-29,20.454166666666666,18.2,23.4,24,1.5348074986691376,A607,2023,mai,149,mai,29,5,22,seg,-2.605317460317462,-22.923809523809524
2023-05-30,21.316666666666663,19.1,24.8,24,2.0200444822193715,A607,2023,mai,150,mai,34,5,22,ter,-1.7428174603174647,-17.923809523809524
2023-05-31,20.441666666666663,17.5,23.6,24,2.072578034754042,A607,2023,mai,151,mai,87,5,22,qua,-2.6178174603174647,35.076190476190476
2023-06-01,23.270833333333332,20.3,27.8,24,2.5994111652059018,A607,2023,jun,152,jun,33,6,22,qui,1.5102987421383638,-3.6886792452830193
2023-06-02,21.525,18.4,24.9,24,2.0285462775100793,A607,2023,jun,153,jun,20,6,22,sex,-0.23553459119496978,-16.68867924528302
2023-06-04,20.308333333333337,15.9,26.9,24,4.022103782920041,A607,2023,jun,155,jun,1,6,23,dom,-1.4522012578616312,-35.68867924528302
2023-06-05,21.233333333333334,15.4,28.4,24,4.514292921345506,A607,2023,jun,156,jun,35,6,23,seg,-0.5272012578616341,-1.6886792452830193
2023-06-06,21.2375,17.3,27.2,24,3.444316364300948,A607,2023,jun,157,jun,24,6,23,ter,-0.5230345911949676,-12.68867924528302
2023-06-07,20.025,14.2,27.6,24,4.865249446216818,A607,2023,jun,158,jun,38,6,23,qua,-1.7355345911949698,1.3113207547169807
2023-06-09,20.96666666666667,16,28.7,24,4.249467144771537,A607,2023,jun,160,jun,5,6,23,sex,-0.7938679245282998,-31.68867924528302
2023-06-10,22.345833333333335,17.3,29.8,24,4.648981110127126,A607,2023,jun,161,jun,1,6,23,sáb,0.5852987421383666,-35.68867924528302
2023-06-11,23.516666666666666,17.7,31.3,24,4.7228092843382825,A607,2023,jun,162,jun,1,6,24,dom,1.7561320754716974,-35.68867924528302
2023-06-12,23.558333333333337,18.1,31.7,24,4.641393781170055,A607,2023,jun,163,jun,39,6,24,seg,1.7977987421383688,2.3113207547169807
2023-06-13,23.416666666666668,20.6,28.1,24,2.209400207151778,A607,2023,jun,164,jun,29,6,24,ter,1.6561320754716995,-7.688679245283019
2023-06-14,23.3375,19.2,28.9,24,2.9858816336946084,A607,2023,jun,165,jun,36,6,24,qua,1.5769654088050302,-0.6886792452830193
2023-06-15,22.883333333333333,19.7,27.2,24,2.729973190928513,A607,2023,jun,166,jun,26,6,24,qui,1.1227987421383645,-10.68867924528302
2023-06-16,23.9125,20.9,29.5,24,2.9278739132985065,A607,2023,jun,167,jun,32,6,24,sex,2.151965408805033,-4.688679245283019
2023-06-18,20.2875,16.1,25.4,24,3.0870434004920853,A607,2023,jun,169,jun,3,6,25,dom,-1.473034591194967,-33.68867924528302
2023-06-19,20.7875,17.9,25.9,24,2.4846157081913707,A607,2023,jun,170,jun,43,6,25,seg,-0.9730345911949669,6.311320754716981
2023-06-20,19.579166666666666,15.2,25.4,24,3.5723551075575832,A607,2023,jun,171,jun,47,6,25,ter,-2.1813679245283026,10.31132075471698
2023-06-21,18.441666666666663,13.7,25.1,24,4.083148472597508,A607,2023,jun,172,jun,79,6,25,qua,-3.3188679245283055,42.31132075471698
2023-06-22,19.6625,14.2,26.9,24,4.398795536725143,A607,2023,jun,173,jun,28,6,25,qui,-2.098034591194967,-8.68867924528302
2023-06-23,20.108333333333334,15,27.7,24,4.3336817028306625,A607,2023,jun,174,jun,34,6,25,sex,-1.652201257861634,-2.6886792452830193
2023-06-25,21.658333333333335,17.2,29,24,3.713069358087863,A607,2023,jun,176,jun,1,6,26,dom,-0.10220125786163337,-35.68867924528302
2023-06-26,22.358333333333334,18,29.2,24,3.5616211094859924,A607,2023,jun,177,jun,44,6,26,seg,0.5977987421383659,7.311320754716981
2023-06-27,22.34166666666667,17.7,28.6,24,3.661422468488664,A607,2023,jun,178,jun,39,6,26,ter,0.5811320754717002,2.3113207547169807
2023-06-28,22.495833333333337,17.8,30.8,24,4.347060892809888,A607,2023,jun,179,jun,35,6,26,qua,0.7352987421383688,-1.6886792452830193
2023-06-29,21.475,16.3,28.2,24,4.238154848721214,A607,2023,jun,180,jun,28,6,26,qui,-0.28553459119496694,-8.68867924528302
2023-06-30,20.883333333333333,18.9,24,24,1.463369152115186,A607,2023,jun,181,jun,42,6,26,sex,-0.8772012578616355,5.311320754716981
2023-07-01,19.425,16.1,24,24,2.589149600191907,A607,2023,jul,182,jul,1,7,26,sáb,-1.815802277432713,-21.438095238095237
2023-07-02,19.9125,15.9,25.7,24,3.5855158503405726,A607,2023,jul,183,jul,1,7,27,dom,-1.3283022774327122,-21.438095238095237
2023-07-03,18.875,16.9,20.8,24,1.2567210613684157,A607,2023,jul,184,jul,35,7,27,seg,-2.3658022774327137,12.561904761904763
2023-07-04,16.920833333333334,13.4,20.7,24,2.1711505999207494,A607,2023,jul,185,jul,26,7,27,ter,-4.319968944099379,3.5619047619047635
2023-07-05,18.258333333333333,14.1,23.2,24,3.1356181925220676,A607,2023,jul,186,jul,14,7,27,qua,-2.982468944099381,-8.438095238095237
2023-07-06,19.029166666666665,14.1,26.5,24,4.300099004589936,A607,2023,jul,187,jul,17,7,27,qui,-2.2116356107660486,-5.4380952380952365
2023-07-07,20.008333333333333,14.2,27.5,24,4.81663030927555,A607,2023,jul,188,jul,20,7,27,sex,-1.2324689440993808,-2.4380952380952365
2023-07-08,20.495833333333337,14.5,29.8,24,5.144053482603389,A607,2023,jul,189,jul,1,7,27,sáb,-0.7449689440993765,-21.438095238095237
2023-07-09,22.2625,18.6,26.9,24,2.895845975366003,A607,2023,jul,190,jul,1,7,28,dom,1.0216977225672856,-21.438095238095237
2023-07-10,21.958333333333332,19.6,26.8,24,2.2646463716010494,A607,2023,jul,191,jul,50,7,28,seg,0.7175310559006185,27.561904761904763
2023-07-11,23.420833333333334,18.9,32.1,24,4.620086500852805,A607,2023,jul,192,jul,29,7,28,ter,2.1800310559006206,6.5619047619047635
2023-07-12,22.854166666666668,19.3,29.9,24,3.503784186160501,A607,2023,jul,193,jul,39,7,28,qua,1.6133643892339542,16.561904761904763
2023-07-13,25.72083333333333,19.7,34.8,24,5.7709903578281025,A607,2023,jul,194,jul,34,7,28,qui,4.480031055900618,11.561904761904763
2023-07-14,21.095833333333335,18.4,26.3,24,1.9516947299310363,A607,2023,jul,195,jul,35,7,28,sex,-0.14496894409937866,12.561904761904763
2023-07-15,19.041666666666668,16.1,22.8,24,2.518611879012217,A607,2023,jul,196,jul,2,7,28,sáb,-2.199135610766046,-20.438095238095237
2023-07-16,21.25,16,28.3,24,4.248273306527786,A607,2023,jul,197,jul,1,7,29,dom,0.009197722567286348,-21.438095238095237
2023-07-17,21.945833333333333,17.7,27.4,24,3.4372611906507227,A607,2023,jul,198,jul,23,7,29,seg,0.7050310559006192,0.5619047619047635
2023-07-18,22.229166666666668,17.5,30,24,3.7954754719232495,A607,2023,jul,199,jul,10,7,29,ter,0.9883643892339542,-12.438095238095237
2023-07-19,21.02916666666667,19.4,23.7,24,1.3569400251610453,A607,2023,jul,200,jul,25,7,29,qua,-0.2116356107660451,2.5619047619047635
2023-07-20,19.079166666666666,17.6,20.6,24,0.9850972879196584,A607,2023,jul,201,jul,11,7,29,qui,-2.161635610766048,-11.438095238095237
2023-07-21,19.895833333333332,17.4,23.7,24,2.0554231906723306,A607,2023,jul,202,jul,7,7,29,sex,-1.3449689440993815,-15.438095238095237
2023-07-22,19.5625,16.2,23.3,24,2.2305804469767017,A607,2023,jul,203,jul,2,7,29,sáb,-1.6783022774327137,-20.438095238095237
2023-07-23,20.8625,19.3,23.1,24,1.316719408226369,A607,2023,jul,204,jul,1,7,30,dom,-0.37830227743271294,-21.438095238095237
2023-07-24,22.075,18,27.4,24,2.8888466180482295,A607,2023,jul,205,jul,21,7,30,seg,0.8341977225672856,-1.4380952380952365
2023-07-25,21.5125,17.4,27.5,24,3.5183138871760224,A607,2023,jul,206,jul,16,7,30,ter,0.27169772256728564,-6.4380952380952365
2023-07-26,21.995833333333337,19.5,25.6,24,1.8317203048943689,A607,2023,jul,207,jul,11,7,30,qua,0.7550310559006235,-11.438095238095237
2023-07-27,22.875,20,28.4,24,2.8230803404606912,A607,2023,jul,208,jul,13,7,30,qui,1.6341977225672863,-9.438095238095237
2023-07-28,22.420833333333334,18.9,27.6,24,3.0213701422089754,A607,2023,jul,209,jul,10,7,30,sex,1.1800310559006206,-12.438095238095237
2023-07-31,19.933333333333337,17.2,24.6,24,2.479422560170827,A607,2023,jul,212,jul,20,7,31,seg,-1.3074689440993765,-2.4380952380952365
2023-08-01,20.65416666666667,17.1,26.3,24,3.100908585877857,A607,2023,ago,213,ago,42,8,31,ter,-0.9744175627240139,22.21505376344086
2023-08-02,20.620833333333337,16.6,26.9,24,3.526666015999502,A607,2023,ago,214,ago,179,8,31,qua,-1.0077508960573454,159.21505376344086
2023-08-03,21.875,16.1,31.6,24,5.547051704166426,A607,2023,ago,215,ago,13,8,31,qui,0.24641577060931752,-6.78494623655914
2023-08-04,20.6125,14.7,25.6,24,3.612696511880914,A607,2023,ago,216,ago,19,8,31,sex,-1.0160842293906818,-0.78494623655914
2023-08-05,20.6125,16,27.8,24,4.002750413099125,A607,2023,ago,217,ago,1,8,31,sáb,-1.0160842293906818,-18.78494623655914
2023-08-06,22.445833333333333,18.9,28,24,2.954139198784834,A607,2023,ago,218,ago,2,8,32,dom,0.8172491039426504,-17.78494623655914
2023-08-07,22.8875,17.6,30.1,24,4.364711504983935,A607,2023,ago,219,ago,82,8,32,seg,1.2589157706093168,62.215053763440864
2023-08-08,21.895833333333332,17.5,27.8,24,3.3060523111496547,A607,2023,ago,220,ago,57,8,32,ter,0.26724910394264967,37.215053763440864
2023-08-09,21.854166666666668,20.2,23.7,24,0.9999909419879616,A607,2023,ago,221,ago,82,8,32,qua,0.22558243727598537,62.215053763440864
2023-08-10,22.545833333333334,19.7,26.7,24,2.1779486093403433,A607,2023,ago,222,ago,39,8,32,qui,0.9172491039426518,19.21505376344086
2023-08-11,23.445833333333333,19.2,30.6,24,3.7463001071395263,A607,2023,ago,223,ago,12,8,32,sex,1.8172491039426504,-7.78494623655914
2023-08-14,21.1875,20,23.5,24,0.8719356278593245,A607,2023,ago,226,ago,15,8,33,seg,-0.4410842293906825,-4.78494623655914
2023-08-15,22.133333333333333,20.3,24.2,24,1.4067126855581222,A607,2023,ago,227,ago,43,8,33,ter,0.5047491039426504,23.21505376344086
2023-08-16,22.34166666666667,20.6,25.2,24,1.5185567137099694,A607,2023,ago,228,ago,5,8,33,qua,0.7130824372759861,-14.78494623655914
2023-08-17,21.6875,17.7,27,24,3.015800780526805,A607,2023,ago,229,ago,13,8,33,qui,0.05891577060931752,-6.78494623655914
2023-08-18,22.633333333333333,17.3,30.9,24,4.573046426966208,A607,2023,ago,230,ago,13,8,33,sex,1.0047491039426504,-6.78494623655914
2023-08-21,23.1125,20.2,29,24,3.037349030064669,A607,2023,ago,233,ago,26,8,34,seg,1.4839157706093182,6.21505376344086
2023-08-22,23.5125,17.3,31.8,24,4.8357646308745625,A607,2023,ago,234,ago,20,8,34,ter,1.8839157706093168,0.21505376344086002
2023-08-23,25.3625,20.4,34.1,24,4.7663505773376516,A607,2023,ago,235,ago,14,8,34,qua,3.7339157706093182,-5.78494623655914
2023-08-24,26.804166666666667,20.7,36,24,5.659964600186322,A607,2023,ago,236,ago,13,8,34,qui,5.175582437275985,-6.78494623655914
2023-08-25,25.383333333333333,23,29.4,24,1.8681929577900225,A607,2023,ago,237,ago,10,8,34,sex,3.7547491039426504,-9.78494623655914
2023-08-28,17.125,16.7,17.9,24,0.2893020085894896,A607,2023,ago,240,ago,9,8,35,seg,-4.5035842293906825,-10.78494623655914
2023-08-29,19.558333333333337,17,22.9,24,2.2734606194974645,A607,2023,ago,241,ago,15,8,35,ter,-2.0702508960573454,-4.78494623655914
2023-08-30,22.358333333333334,20.2,26.6,24,2.160699698802635,A607,2023,ago,242,ago,12,8,35,qua,0.7297491039426518,-7.78494623655914
2023-08-31,21.875,17.5,26.1,24,2.6022147757497716,A607,2023,ago,243,ago,12,8,35,qui,0.24641577060931752,-7.78494623655914
2023-09-01,21.7,17.8,26.8,24,2.865992505830792,A607,2023,set,244,set,5,9,35,sex,-1.553897740570708,-7.836956521739131
2023-09-04,24.054166666666667,20.5,30.3,24,2.968088122251305,A607,2023,set,247,set,10,9,36,seg,0.8002689260959599,-2.836956521739131
2023-09-05,25.333333333333332,20.9,33,24,3.939837412962584,A607,2023,set,248,set,18,9,36,ter,2.079435592762625,5.163043478260869
2023-09-06,22.054166666666667,20.4,23.6,24,0.8086376985623611,A607,2023,set,249,set,11,9,36,qua,-1.19973107390404,-1.8369565217391308
2023-09-11,22.995833333333337,19.1,29.5,24,3.508682295289125,A607,2023,set,254,set,15,9,37,seg,-0.2580644072373701,2.163043478260869
2023-09-12,23.891666666666666,20.4,28.1,24,2.574611269377534,A607,2023,set,255,set,18,9,37,ter,0.6377689260959585,5.163043478260869
2023-09-13,24.166666666666668,19.3,30.7,24,3.5458078942870555,A607,2023,set,256,set,10,9,37,qua,0.9127689260959606,-2.836956521739131
2023-09-14,26.025,20.9,33.5,24,4.654147285649836,A607,2023,set,257,set,18,9,37,qui,2.7711022594292913,5.163043478260869
2023-09-15,19.895833333333332,18.8,23.9,24,1.0609590274704364,A607,2023,set,258,set,30,9,37,sex,-3.358064407237375,17.163043478260867
2023-09-18,23.9375,20.8,29.9,24,3.0397100119126064,A607,2023,set,261,set,24,9,38,seg,0.6836022594292928,11.16304347826087
2023-09-19,23.854166666666668,19.1,29.7,24,3.3705862174517,A607,2023,set,262,set,19,9,38,ter,0.6002689260959606,6.163043478260869
2023-09-20,24.0375,19.7,29.8,24,3.114176909889186,A607,2023,set,263,set,8,9,38,qua,0.7836022594292942,-4.836956521739131
2023-09-21,24.1875,21.9,27.7,24,2.239237544926553,A607,2023,set,264,set,16,9,38,qui,0.9336022594292928,3.163043478260869
2023-09-22,24.025,19.1,30.9,24,3.636559530296638,A607,2023,set,265,set,9,9,38,sex,0.7711022594292913,-3.836956521739131
2023-09-25,25.09583333333333,21.3,30.7,24,3.289836677149618,A607,2023,set,268,set,21,9,39,seg,1.8419355927626242,8.16304347826087
2023-09-26,25.254166666666663,22.6,30.7,24,2.66098693143641,A607,2023,set,269,set,15,9,39,ter,2.0002689260959556,2.163043478260869
2023-09-27,27.454166666666666,22.8,35.1,24,4.287897951278659,A607,2023,set,270,set,14,9,39,qua,4.2002689260959585,1.1630434782608692
2023-09-28,23.983333333333334,21.4,26.8,24,1.431832716324163,A607,2023,set,271,set,11,9,39,qui,0.729435592762627,-1.8369565217391308
2023-09-29,21.1625,19.3,23.5,24,1.3755038602509326,A607,2023,set,272,set,5,9,39,sex,-2.091397740570706,-7.836956521739131
2023-10-02,21.9875,19.4,25.7,24,1.9852307937234468,A607,2023,out,275,out,16,10,40,seg,-2.0134579617048054,6.46236559139785
2023-10-03,22.170833333333334,20.8,24.8,24,1.178606091465923,A607,2023,out,276,out,11,10,40,ter,-1.8301246283714718,1.46236559139785
2023-10-04,24.181818181818183,20.8,30.6,22,3.3062187240232994,A607,2023,out,277,out,15,10,40,qua,0.18086022011337732,5.46236559139785
2023-10-05,24.516666666666666,23,26.8,24,1.227109245930971,A607,2023,out,278,out,10,10,40,qui,0.5157087049618596,0.46236559139784994
2023-10-06,26.208333333333332,23,32.7,24,3.106223299829843,A607,2023,out,279,out,42,10,40,sex,2.207375371628526,32.46236559139785
2023-10-09,26.016666666666666,21.9,32.9,24,3.721928750418042,A607,2023,out,282,out,33,10,41,seg,2.0157087049618596,23.462365591397848
2023-10-10,23.416666666666668,22,25.5,24,1.1169316146855448,A607,2023,out,283,out,11,10,41,ter,-0.5842912950381383,1.46236559139785
2023-10-11,23.6,19.9,28.5,24,2.661480464115708,A607,2023,out,284,out,17,10,41,qua,-0.4009579617048047,7.46236559139785
2023-10-13,25.34166666666667,23.1,28.4,24,1.7505071728841444,A607,2023,out,286,out,2,10,41,sex,1.3407087049618625,-7.53763440860215
2023-10-16,24.420833333333334,22.1,28.4,24,2.059543885061144,A607,2023,out,289,out,20,10,42,seg,0.41987537162852817,10.46236559139785
2023-10-17,26.425,22.4,33.6,24,3.4574745747123883,A607,2023,out,290,out,27,10,42,ter,2.4240420382951946,17.462365591397848
2023-10-18,25.258333333333333,22.9,28.6,24,1.937483052754306,A607,2023,out,291,out,15,10,42,qua,1.2573753716285268,5.46236559139785
2023-10-19,22.583333333333332,20.5,25.5,24,1.340235756894275,A607,2023,out,292,out,16,10,42,qui,-1.417624628371474,6.46236559139785
2023-10-20,20.958333333333332,19.3,23.1,24,1.0798215096735309,A607,2023,out,293,out,21,10,42,sex,-3.042624628371474,11.46236559139785
2023-10-23,23.154166666666665,20.2,27.5,24,2.3237861097910817,A607,2023,out,296,out,25,10,43,seg,-0.8467912950381411,15.46236559139785
2023-10-24,24.695833333333333,18.4,33.3,24,4.92230762131346,A607,2023,out,297,out,21,10,43,ter,0.6948753716285268,11.46236559139785
2023-10-25,24.229166666666668,22.9,28.6,24,1.3744498240534575,A607,2023,out,298,out,18,10,43,qua,0.22820870496186174,8.46236559139785
2023-10-26,24.0625,20.9,27.5,24,2.1825020543842117,A607,2023,out,299,out,19,10,43,qui,0.06154203829519389,9.46236559139785
2023-10-27,23.15,21.7,25.4,24,1.1865184730784943,A607,2023,out,300,out,17,10,43,sex,-0.8509579617048075,7.46236559139785
2023-10-30,27.420833333333334,23.6,35.2,24,3.822129973749177,A607,2023,out,303,out,32,10,44,seg,3.419875371628528,22.462365591397848
2023-10-31,27.158333333333335,23.2,34.5,24,3.7002839687347464,A607,2023,out,304,out,11,10,44,ter,3.157375371628529,1.46236559139785
2023-11-01,25.641666666666666,23.2,29.4,24,1.7648541426779538,A607,2023,nov,305,nov,16,11,44,qua,1.2327259918020772,3.311111111111112
2023-11-03,25.770833333333332,21.8,31.2,24,3.397630781520592,A607,2023,nov,307,nov,2,11,44,sex,1.3618926584687436,-10.688888888888888
2023-11-04,26.075,23.4,30.6,24,2.3785728274854594,A607,2023,nov,308,nov,1,11,44,sáb,1.6660593251354108,-11.688888888888888
2023-11-05,24.2125,22.2,28.1,24,1.9744702096247624,A607,2023,nov,309,nov,2,11,45,dom,-0.19644067486458994,-10.688888888888888
2023-11-06,23.09583333333333,19.2,27.7,24,2.694031917222677,A607,2023,nov,310,nov,82,11,45,seg,-1.313107341531257,69.31111111111112
2023-11-07,22.791666666666668,18.4,27.9,24,2.9414454693696706,A607,2023,nov,311,nov,22,11,45,ter,-1.6172740081979207,9.311111111111112
2023-11-08,23.45,17.5,29.3,24,3.611936732076261,A607,2023,nov,312,nov,42,11,45,qua,-0.9589406748645892,29.31111111111111
2023-11-09,24.704166666666666,18.9,33.7,24,4.969863891642232,A607,2023,nov,313,nov,29,11,45,qui,0.2952259918020772,16.31111111111111
2023-11-10,26.2375,20.7,33.5,24,4.79354751995711,A607,2023,nov,314,nov,14,11,45,sex,1.8285593251354122,1.3111111111111118
2023-11-11,26.383333333333333,22.1,33.9,24,4.01439439004697,A607,2023,nov,315,nov,1,11,45,sáb,1.9743926584687443,-11.688888888888888
2023-11-13,28.816666666666663,23.2,38.6,24,4.962701461613568,A607,2023,nov,317,nov,35,11,46,seg,4.407725991802074,22.31111111111111
2023-11-14,28.0375,23.3,35.4,24,4.186501341007891,A607,2023,nov,318,nov,19,11,46,ter,3.628559325135413,6.311111111111112
2023-11-16,27.7,23.4,35.4,24,4.003259541488878,A607,2023,nov,320,nov,21,11,46,qui,3.2910593251354108,8.311111111111112
2023-11-17,28.4625,23.4,35.8,24,4.637260482505667,A607,2023,nov,321,nov,18,11,46,sex,4.05355932513541,5.311111111111112
2023-11-20,24.991666666666667,22.8,28.1,24,1.581115914862628,A607,2023,nov,324,nov,1,11,47,seg,0.5827259918020786,-11.688888888888888
2023-11-21,25.8875,22.9,30.9,24,2.727526750357005,A607,2023,nov,325,nov,34,11,47,ter,1.4785593251354108,21.31111111111111
2023-11-22,27.179166666666667,22.7,33.2,24,3.661904846039732,A607,2023,nov,326,nov,21,11,47,qua,2.7702259918020786,8.311111111111112
2023-11-23,27.53333333333333,20.9,36.7,24,5.182551551090461,A607,2023,nov,327,nov,21,11,47,qui,3.124392658468743,8.311111111111112
2023-11-24,25.308333333333337,22.8,28.1,24,1.4960576211486984,A607,2023,nov,328,nov,18,11,47,sex,0.8993926584687486,5.311111111111112
2023-11-26,22.641666666666666,19.7,25.5,24,2.1378405737661033,A607,2023,nov,330,nov,1,11,48,dom,-1.7672740081979228,-11.688888888888888
2023-11-27,24.95,22,28.7,24,2.3867387245214826,A607,2023,nov,331,nov,58,11,48,seg,0.5410593251354108,45.31111111111111
2023-11-28,26.091666666666665,23,30.1,24,2.288898855566688,A607,2023,nov,332,nov,36,11,48,ter,1.6827259918020765,23.31111111111111
2023-11-29,26.758333333333333,23.8,32.3,24,2.7769104926262873,A607,2023,nov,333,nov,27,11,48,qua,2.3493926584687443,14.311111111111112
2023-11-30,26.795833333333334,23.3,34.6,24,3.810452348665349,A607,2023,nov,334,nov,24,11,48,qui,2.3868926584687458,11.311111111111112
2023-12-01,25.616666666666667,22.2,34.2,24,3.654498914877467,A607,2023,dez,335,dez,23,12,48,sex,-0.10046611382758286,10.882978723404255
2023-12-04,28.033333333333335,23.6,35,24,3.828232270753772,A607,2023,dez,338,dez,33,12,49,seg,2.316200552839085,20.882978723404257
2023-12-05,27.183333333333337,23.8,32.4,24,2.924509125167573,A607,2023,dez,339,dez,57,12,49,ter,1.4662005528390871,44.88297872340426
2023-12-06,27.395833333333332,23.6,31.8,24,2.8005401911629195,A607,2023,dez,340,dez,30,12,49,qua,1.6787005528390821,17.882978723404257
2023-12-07,28.054166666666667,23.1,34.5,24,3.987260055931039,A607,2023,dez,341,dez,30,12,49,qui,2.337033886172417,17.882978723404257
2023-12-08,27.775,23.6,33.9,24,3.906210217188722,A607,2023,dez,342,dez,23,12,49,sex,2.0578672195057486,10.882978723404255
2023-12-10,23.520833333333332,21.1,27,24,1.765362179041005,A607,2023,dez,344,dez,3,12,50,dom,-2.196299447160918,-9.117021276595745
2023-12-11,25.125,20.6,31.6,24,3.7615040932422583,A607,2023,dez,345,dez,33,12,50,seg,-0.59213278049425,20.882978723404257
2023-12-12,24.879166666666663,22.3,27.6,24,1.4467291945346372,A607,2023,dez,346,dez,33,12,50,ter,-0.8379661138275871,20.882978723404257
2023-12-13,24.504166666666663,19.2,29,24,3.120964060457388,A607,2023,dez,347,dez,26,12,50,qua,-1.2129661138275871,13.882978723404255
2023-12-14,26.52916666666667,22,32.2,24,3.5896565376050975,A607,2023,dez,348,dez,37,12,50,qui,0.8120338861724186,24.882978723404257
2023-12-15,27.45,22.5,32.5,24,3.30111970463778,A607,2023,dez,349,dez,42,12,50,sex,1.7328672195057493,29.882978723404257
2023-12-16,27.275,23.5,32.1,24,2.8346075566116733,A607,2023,dez,350,dez,1,12,50,sáb,1.5578672195057486,-11.117021276595745
2023-12-18,26.933333333333337,22.9,31.5,24,2.7943524826158654,A607,2023,dez,352,dez,56,12,51,seg,1.2162005528390871,43.88297872340426
2023-12-19,26.59166666666667,22.8,30.7,24,2.650170899602788,A607,2023,dez,353,dez,21,12,51,ter,0.8745338861724186,8.882978723404255
2023-12-20,25.941666666666663,21.7,32.1,24,2.9610392809262773,A607,2023,dez,354,dez,28,12,51,qua,0.22453388617241288,15.882978723404255
2023-12-21,27.008333333333333,22.6,34.6,24,3.953195368709774,A607,2023,dez,355,dez,19,12,51,qui,1.2912005528390829,6.882978723404255
2023-12-22,29.041666666666668,23.5,37.4,24,4.864057768058937,A607,2023,dez,356,dez,14,12,51,sex,3.324533886172418,1.8829787234042552
2023-12-24,27.870833333333337,24,34.7,24,3.745893887244105,A607,2023,dez,358,dez,3,12,52,dom,2.153700552839087,-9.117021276595745
2023-12-25,29.045833333333334,24.5,36.5,24,4.072813274754257,A607,2023,dez,359,dez,1,12,52,seg,3.3287005528390843,-11.117021276595745
2023-12-26,27.4875,23.9,35.7,24,3.724923401605205,A607,2023,dez,360,dez,47,12,52,ter,1.7703672195057507,34.88297872340426
2023-12-27,23.945833333333333,22.1,25.6,24,0.8433778701650039,A607,2023,dez,361,dez,16,12,52,qua,-1.7712994471609171,3.882978723404255
2023-12-28,25.233333333333334,21.8,29.9,24,3.0531048582324054,A607,2023,dez,362,dez,17,12,52,qui,-0.4837994471609157,4.882978723404255
2023-12-29,26.829166666666666,22,33.6,24,4.22965505497292,A607,2023,dez,363,dez,24,12,52,sex,1.1120338861724157,11.882978723404255
2023-12-30,28.129166666666663,24.4,35.1,24,3.489547020144177,A607,2023,dez,364,dez,2,12,52,sáb,2.412033886172413,-10.117021276595745
2023-12-31,23.61428571428571,23,25.3,7,0.7690439333539872,A607,2023,dez,365,dez,1,12,1,dom,-2.1028470662085397,-11.117021276595745
2024-01-02,24.329166666666666,21.6,27.6,24,2.527153264681113,A607,2024,jan,2,jan,33,1,1,ter,-2.0722389558232948,15.120481927710845
2024-01-03,25.604166666666668,23.9,28.8,24,1.5195763616352356,A607,2024,jan,3,jan,27,1,1,qua,-0.7972389558232926,9.120481927710845
2024-01-04,24.429166666666667,23.8,25.1,24,0.3495079356773596,A607,2024,jan,4,jan,18,1,1,qui,-1.9722389558232933,0.12048192771084487
2024-01-05,25.55,22.3,29.8,24,2.673216593641776,A607,2024,jan,5,jan,27,1,1,sex,-0.8514056224899598,9.120481927710845
2024-01-06,26.170833333333334,21.9,31.1,24,2.956860727582353,A607,2024,jan,6,jan,1,1,1,sáb,-0.2305722891566262,-16.879518072289155
2024-01-07,26.59166666666667,23.6,31.3,24,2.7085880593701064,A607,2024,jan,7,jan,2,1,2,dom,0.19026104417670808,-15.879518072289155
2024-01-08,27.5625,23.4,33.8,24,3.710831677552949,A607,2024,jan,8,jan,68,1,2,seg,1.1610943775100395,50.12048192771084
2024-01-09,27.84583333333333,23.9,35.9,24,4.1122277012182415,A607,2024,jan,9,jan,30,1,2,ter,1.444427710843371,12.120481927710845
2024-01-10,27.675,23.9,33.3,24,3.450425304597782,A607,2024,jan,10,jan,26,1,2,qua,1.2735943775100402,8.120481927710845
2024-01-11,27.791666666666668,23.5,32.3,24,3.0642279212916237,A607,2024,jan,11,jan,23,1,2,qui,1.3902610441767074,5.120481927710845
2024-01-12,28.429166666666667,24.3,34.5,24,3.7199204253605336,A607,2024,jan,12,jan,18,1,2,sex,2.0277610441767067,0.12048192771084487
2024-01-14,26.916666666666668,23.9,32.1,24,2.5008983893039693,A607,2024,jan,14,jan,2,1,3,dom,0.5152610441767074,-15.879518072289155
2024-01-15,27.941666666666663,23.7,35.1,24,3.748613270167431,A607,2024,jan,15,jan,5,1,3,seg,1.5402610441767024,-12.879518072289155
2024-01-16,28.558333333333337,24.3,35.1,24,3.899377505132868,A607,2024,jan,16,jan,46,1,3,ter,2.1569277108433766,28.120481927710845
2024-01-17,28.45,23.8,35.1,24,3.931588903274073,A607,2024,jan,17,jan,40,1,3,qua,2.048594377510039,22.120481927710845
2024-01-18,27.858333333333334,22.8,34,24,3.926821556454009,A607,2024,jan,18,jan,25,1,3,qui,1.4569277108433738,7.120481927710845
2024-01-19,27.854166666666668,23.7,33,24,2.951194182267455,A607,2024,jan,19,jan,43,1,3,sex,1.4527610441767074,25.120481927710845
2024-01-20,30.4875,25.4,38.2,24,4.480907565292511,A607,2024,jan,20,jan,1,1,3,sáb,4.08609437751004,-16.879518072289155
2024-01-22,25.366666666666667,23,28.4,24,1.749451259722581,A607,2024,jan,22,jan,59,1,4,seg,-1.0347389558232933,41.12048192771084
2024-01-23,24.591666666666665,21.4,29.3,24,2.254062355270873,A607,2024,jan,23,jan,41,1,4,ter,-1.8097389558232955,23.120481927710845
2024-01-24,22.491666666666667,20,26,24,2.108351234385825,A607,2024,jan,24,jan,38,1,4,qua,-3.9097389558232933,20.120481927710845
2024-01-25,24.90416666666667,22.1,30.1,24,2.916591096329481,A607,2024,jan,25,jan,41,1,4,qui,-1.497238955823292,23.120481927710845
2024-01-26,25.825,23.3,29.7,24,2.4117916847096854,A607,2024,jan,26,jan,45,1,4,sex,-0.5764056224899612,27.120481927710845
2024-01-27,25.495833333333337,23.1,29,24,2.011808437303561,A607,2024,jan,27,jan,5,1,4,sáb,-0.9055722891566234,-12.879518072289155
2024-01-28,25.708333333333332,22.8,30.3,24,2.478940283172677,A607,2024,jan,28,jan,4,1,5,dom,-0.6930722891566283,-13.879518072289155
2024-01-29,26.525,22,33.8,24,3.3518651524188736,A607,2024,jan,29,jan,96,1,5,seg,0.1235943775100381,78.12048192771084
2024-01-30,28.05,23.6,35.5,24,3.967366884975474,A607,2024,jan,30,jan,39,1,5,ter,1.6485943775100402,21.120481927710845
2024-01-31,27.0375,24.8,30.6,24,1.9555522960556937,A607,2024,jan,31,jan,84,1,5,qua,0.6360943775100409,66.12048192771084
2024-02-01,26.833333333333332,23.1,32.6,24,2.9736036791374385,A607,2024,fev,32,fev,73,2,5,qui,-0.27264254385965003,12.05263157894737
2024-02-02,26.979166666666668,23.7,32,24,2.896621595353226,A607,2024,fev,33,fev,156,2,5,sex,-0.12680921052631433,95.05263157894737
2024-02-03,27.21666666666667,23.1,32.6,24,3.145136572228783,A607,2024,fev,34,fev,4,2,5,sáb,0.11069078947368638,-56.94736842105263
2024-02-04,27.425,24.7,31.5,24,2.2361165871448536,A607,2024,fev,35,fev,7,2,6,dom,0.31902412280701853,-53.94736842105263
2024-02-05,27.429166666666667,23.6,32.7,24,3.0073069227360603,A607,2024,fev,36,fev,130,2,6,seg,0.32319078947368496,69.05263157894737
2024-02-06,27.28333333333333,22.9,33.7,24,3.232130360407307,A607,2024,fev,37,fev,130,2,6,ter,0.17735745614034926,69.05263157894737
2024-02-07,26.629166666666663,22.8,33.8,24,3.621491305437902,A607,2024,fev,38,fev,144,2,6,qua,-0.4768092105263193,83.05263157894737
2024-02-08,27.175,24.2,33.3,24,2.836907379217881,A607,2024,fev,39,fev,346,2,6,qui,0.06902412280701853,285.0526315789474
2024-02-09,27.3375,23.4,33.1,24,3.5296030691972935,A607,2024,fev,40,fev,101,2,6,sex,0.2315241228070164,40.05263157894737
2024-02-10,25.945833333333333,22.8,30.3,24,2.454982363642782,A607,2024,fev,41,fev,28,2,6,sáb,-1.1601425438596493,-32.94736842105263
2024-02-11,27.1,23,33.2,24,3.5989128793350194,A607,2024,fev,42,fev,21,2,7,dom,-0.005975877192980761,-39.94736842105263
2024-02-12,28.15416666666667,23.8,34.7,24,3.3837179405868447,A607,2024,fev,43,fev,7,2,7,seg,1.0481907894736864,-53.94736842105263
2024-02-13,28.366666666666667,23.1,36.1,24,4.303958407212423,A607,2024,fev,44,fev,14,2,7,ter,1.260690789473685,-46.94736842105263
2024-02-14,28.670833333333334,24,35.6,24,4.234175569532184,A607,2024,fev,45,fev,20,2,7,qua,1.564857456140352,-40.94736842105263
2024-02-15,25.220833333333335,23.7,29.1,24,1.7123538761311723,A607,2024,fev,46,fev,275,2,7,qui,-1.8851425438596472,214.05263157894737
2024-02-16,26.6,23.2,32.7,24,3.2134229345857577,A607,2024,fev,47,fev,254,2,7,sex,-0.5059758771929808,193.05263157894737
2024-02-17,27.5125,23.9,32.9,24,3.141076041049018,A607,2024,fev,48,fev,61,2,7,sáb,0.4065241228070171,0.05263157894736992
2024-02-18,27.016666666666666,24.1,32.9,24,2.8383502046185156,A607,2024,fev,49,fev,21,2,8,dom,-0.08930921052631646,-39.94736842105263
2024-02-19,25.491666666666667,22.6,33,24,3.3001866438215237,A607,2024,fev,50,fev,256,2,8,seg,-1.614309210526315,195.05263157894737
2024-02-20,26.291666666666668,22.4,31.8,24,3.422929925569953,A607,2024,fev,51,fev,211,2,8,ter,-0.8143092105263143,150.05263157894737
2024-02-21,25.245833333333337,23.5,27.4,24,1.291436398362108,A607,2024,fev,52,fev,204,2,8,qua,-1.860142543859645,143.05263157894737
2024-02-22,25.4125,23.9,27.9,24,1.307607340344088,A607,2024,fev,53,fev,191,2,8,qui,-1.6934758771929808,130.05263157894737
2024-02-23,27.229166666666668,24.2,32.8,24,2.8577095064384,A607,2024,fev,54,fev,175,2,8,sex,0.12319078947368567,114.05263157894737
2024-02-24,27.925,24.3,34.2,24,3.4500472586555277,A607,2024,fev,55,fev,48,2,8,sáb,0.8190241228070185,-12.94736842105263
2024-02-25,27.1125,23.3,33.3,24,3.382089976434046,A607,2024,fev,56,fev,70,2,9,dom,0.006524122807018529,9.05263157894737
2024-02-26,27.3125,24,32.1,24,3.0871842383860293,A607,2024,fev,57,fev,263,2,9,seg,0.20652412280701782,202.05263157894737
2024-02-27,26.9,22.9,32.2,24,3.482877371170093,A607,2024,fev,58,fev,252,2,9,ter,-0.2059758771929836,191.05263157894737
2024-02-28,28.291666666666668,23.3,36.9,24,4.909699066901783,A607,2024,fev,59,fev,177,2,9,qua,1.1856907894736857,116.05263157894737
2024-02-29,27.3875,24.6,34,24,2.9251997330542863,A607,2024,fev,60,fev,249,2,9,qui,0.2815241228070171,188.05263157894737
2024-03-01,27.425,24.1,34,24,2.9745660991581397,A607,2024,mar,61,mar,192,3,9,sex,0.8959737827715379,109.02247191011236
2024-03-02,26.1125,22.9,29.7,24,2.2668331673715323,A607,2024,mar,62,mar,117,3,9,sáb,-0.41652621722846206,34.02247191011236
2024-03-03,25.441666666666663,20.2,32.1,24,3.895807854679144,A607,2024,mar,63,mar,57,3,10,dom,-1.0873595505618,-25.97752808988764
2024-03-04,26.404166666666665,22.2,33,24,3.736014985384091,A607,2024,mar,64,mar,271,3,10,seg,-0.12485955056179776,188.02247191011236
2024-03-05,28.720833333333335,23.1,35.9,24,4.598296392159266,A607,2024,mar,65,mar,278,3,10,ter,2.1918071161048722,195.02247191011236
2024-03-06,26.966666666666665,23.6,32.1,24,2.240470964982036,A607,2024,mar,66,mar,317,3,10,qua,0.43764044943820224,234.02247191011236
2024-03-07,25.891666666666666,23.3,29.6,24,2.168934153523071,A607,2024,mar,67,mar,220,3,10,qui,-0.637359550561797,137.02247191011236
2024-03-08,27.275,24.8,31.5,24,2.0995341098112386,A607,2024,mar,68,mar,202,3,10,sex,0.7459737827715358,119.02247191011236
2024-03-09,27.3875,24.1,33,24,2.384061660276428,A607,2024,mar,69,mar,99,3,10,sáb,0.8584737827715365,16.02247191011236
2024-03-10,26.854166666666668,24.9,31.6,24,1.93345358196756,A607,2024,mar,70,mar,56,3,11,dom,0.3251404494382051,-26.97752808988764
2024-03-11,27.254166666666663,23.6,31.8,24,2.5210382896677737,A607,2024,mar,71,mar,344,3,11,seg,0.7251404494382001,261.02247191011236
2024-03-12,26.358333333333334,23.2,29.9,24,2.1130889540045947,A607,2024,mar,72,mar,226,3,11,ter,-0.1706928838951285,143.02247191011236
2024-03-13,26.0375,23,30.7,24,2.484528211709943,A607,2024,mar,73,mar,244,3,11,qua,-0.49152621722846135,161.02247191011236
2024-03-14,26.070833333333333,21.9,31.2,24,3.237481464330577,A607,2024,mar,74,mar,214,3,11,qui,-0.4581928838951299,131.02247191011236
2024-03-15,27.579166666666666,23.4,34.1,24,3.219502954706258,A607,2024,mar,75,mar,255,3,11,sex,1.050140449438203,172.02247191011236
2024-03-16,27.895833333333332,23.5,35,24,3.7392720945528226,A607,2024,mar,76,mar,80,3,11,sáb,1.3668071161048694,-2.9775280898876417
2024-03-17,29.358333333333334,24.1,37.8,24,4.952199043083672,A607,2024,mar,77,mar,16,3,12,dom,2.8293071161048715,-66.97752808988764
2024-03-18,28.554166666666667,24,34.7,24,3.3991020766573383,A607,2024,mar,78,mar,458,3,12,seg,2.0251404494382044,375.02247191011236
2024-03-19,28.395833333333332,25.1,34.5,24,3.010341475165475,A607,2024,mar,79,mar,318,3,12,ter,1.8668071161048694,235.02247191011236
2024-03-20,27.883333333333333,24,34,24,3.238983558580318,A607,2024,mar,80,mar,254,3,12,qua,1.35430711610487,171.02247191011236
2024-03-21,29.05,24.5,36.3,24,3.97885716604983,A607,2024,mar,81,mar,185,3,12,qui,2.520973782771538,102.02247191011236
2024-03-22,27.745833333333337,24.5,32.2,24,2.239561130661768,A607,2024,mar,82,mar,218,3,12,sex,1.2168071161048744,135.02247191011236
2024-03-23,23.0375,22.1,25.6,24,0.875170790785135,A607,2024,mar,83,mar,47,3,12,sáb,-3.4915262172284613,-35.97752808988764
2024-03-24,23.133333333333333,21.7,25.7,24,1.144615624363145,A607,2024,mar,84,mar,37,3,13,dom,-3.39569288389513,-45.97752808988764
2024-03-25,24.891666666666666,23.2,28,24,1.8696469479944409,A607,2024,mar,85,mar,271,3,13,seg,-1.637359550561797,188.02247191011236
2024-03-26,24.1375,23.1,26,24,0.8899499253133383,A607,2024,mar,86,mar,220,3,13,ter,-2.3915262172284635,137.02247191011236
2024-03-27,24.325,22.1,27.7,24,1.8507930145234224,A607,2024,mar,87,mar,155,3,13,qua,-2.2040262172284635,72.02247191011236
2024-03-28,24.895833333333332,22.5,29.4,24,2.1728520961823556,A607,2024,mar,88,mar,160,3,13,qui,-1.6331928838951306,77.02247191011236
2024-03-29,26.3125,24.1,30.2,24,2.2729625372302493,A607,2024,mar,89,mar,30,3,13,sex,-0.21652621722846277,-52.97752808988764
2024-03-30,26.4,23.6,30.8,24,2.073015027525808,A607,2024,mar,90,mar,107,3,13,sáb,-0.1290262172284642,24.02247191011236
2024-03-31,25.595833333333335,23.2,29.6,24,2.4381887729939256,A607,2024,mar,91,mar,19,3,14,dom,-0.9331928838951278,-63.97752808988764
2024-04-01,25.5875,21.5,30.8,24,3.0905624224332575,A607,2024,abr,92,abr,257,4,14,seg,0.7222718253968239,176.57142857142856
2024-04-02,25.608333333333334,20.4,32.3,24,4.254298763722935,A607,2024,abr,93,abr,186,4,14,ter,0.7431051587301596,105.57142857142857
2024-04-03,26.908333333333335,23.5,32.4,24,3.181866647475793,A607,2024,abr,94,abr,214,4,14,qua,2.0431051587301603,133.57142857142856
2024-04-04,26.5375,22.7,32.7,24,3.1763819313667314,A607,2024,abr,95,abr,211,4,14,qui,1.6722718253968267,130.57142857142856
2024-04-05,25.895833333333332,21.1,31.7,24,3.2792468868518476,A607,2024,abr,96,abr,304,4,14,sex,1.0306051587301575,223.57142857142856
2024-04-06,26.029166666666665,22.4,31.6,24,2.899846947485432,A607,2024,abr,97,abr,86,4,14,sáb,1.1639384920634903,5.571428571428569
2024-04-07,24.716666666666665,20.5,30,24,3.4283557558114937,A607,2024,abr,98,abr,60,4,15,dom,-0.14856150793650968,-20.42857142857143
2024-04-08,24.854166666666668,20.3,30.3,24,3.656201303404189,A607,2024,abr,99,abr,261,4,15,seg,-0.011061507936506842,180.57142857142856
2024-04-09,26.21666666666667,22.6,31.8,24,3.1426472732487767,A607,2024,abr,100,abr,217,4,15,ter,1.3514384920634939,136.57142857142856
2024-04-10,26.395833333333332,22.7,31,24,2.8488715029954776,A607,2024,abr,101,abr,249,4,15,qua,1.5306051587301575,168.57142857142856
2024-04-11,26.845833333333335,22.8,32.2,24,3.076697716802824,A607,2024,abr,102,abr,218,4,15,qui,1.9806051587301603,137.57142857142856
2024-04-12,25.929166666666667,23.4,29.3,24,1.9134487795297943,A607,2024,abr,103,abr,224,4,15,sex,1.0639384920634924,143.57142857142856
2024-04-13,25.533333333333335,21.7,30.6,24,2.938894596489531,A607,2024,abr,104,abr,74,4,15,sáb,0.6681051587301603,-6.428571428571431
2024-04-14,24.120833333333337,21.5,26.6,24,1.757215971647905,A607,2024,abr,105,abr,53,4,16,dom,-0.7443948412698376,-27.42857142857143
2024-04-15,25.65,22.1,29.8,24,2.732732348210582,A607,2024,abr,106,abr,292,4,16,seg,0.7847718253968239,211.57142857142856
2024-04-16,24.816666666666663,22.2,28.5,24,2.0488950716161027,A607,2024,abr,107,abr,292,4,16,ter,-0.048561507936511816,211.57142857142856
2024-04-17,25.579166666666666,21.6,31.7,24,3.5352853850323296,A607,2024,abr,108,abr,190,4,16,qua,0.713938492063491,109.57142857142857
2024-04-18,23.6,20.6,27.3,24,1.7881250807333997,A607,2024,abr,109,abr,216,4,16,qui,-1.2652281746031733,135.57142857142856
2024-04-19,23.0375,20.7,26.9,24,1.889976420372809,A607,2024,abr,110,abr,115,4,16,sex,-1.8277281746031733,34.57142857142857
2024-04-20,24.066666666666663,21.1,28.2,24,2.492888435855722,A607,2024,abr,111,abr,60,4,16,sáb,-0.7985615079365118,-20.42857142857143
2024-04-21,23.195833333333333,19,29.1,24,3.4134617347339282,A607,2024,abr,112,abr,29,4,17,dom,-1.6693948412698418,-51.42857142857143
2024-04-22,23.533333333333335,18.1,31.1,24,4.567623934366434,A607,2024,abr,113,abr,191,4,17,seg,-1.3318948412698397,110.57142857142857
2024-04-23,25.65,22.1,31.7,24,3.489362717447563,A607,2024,abr,114,abr,73,4,17,ter,0.7847718253968239,-7.428571428571431
2024-04-24,26.866666666666667,21.7,34.2,24,4.550840024384096,A607,2024,abr,115,abr,243,4,17,qua,2.0014384920634924,162.57142857142856
2024-04-25,26.0375,23.2,31,24,2.694731171556176,A607,2024,abr,116,abr,184,4,17,qui,1.1722718253968267,103.57142857142857
2024-04-26,25.120833333333337,23.6,27.5,24,1.2590469710707055,A607,2024,abr,117,abr,219,4,17,sex,0.25560515873016243,138.57142857142856
2024-04-27,24.758333333333333,22.2,28.7,24,2.3359043806119972,A607,2024,abr,118,abr,58,4,17,sáb,-0.10689484126984183,-22.42857142857143
2024-04-28,26.15833333333333,21.2,33.8,24,4.883683273804781,A607,2024,abr,119,abr,39,4,18,dom,1.2931051587301567,-41.42857142857143
2024-04-29,25.804166666666667,21.3,31.8,24,3.937498562226561,A607,2024,abr,120,abr,237,4,18,seg,0.9389384920634924,156.57142857142856
2024-04-30,25.425,21.8,31.2,24,3.412795615480581,A607,2024,abr,121,abr,291,4,18,ter,0.559771825396826,210.57142857142856
2024-05-01,25.245833333333337,21.8,31.4,24,3.330097160962316,A607,2024,mai,122,mai,67,5,18,qua,2.1863492063492096,15.076190476190476
2024-05-02,26.245833333333337,21.2,34.8,24,4.893383213622485,A607,2024,mai,123,mai,159,5,18,qui,3.1863492063492096,107.07619047619048
2024-05-03,27.1875,22,36,24,4.891368840154541,A607,2024,mai,124,mai,232,5,18,sex,4.1280158730158725,180.07619047619048
2024-05-04,25.591666666666665,21.9,32,24,3.5522089473730425,A607,2024,mai,125,mai,56,5,18,sáb,2.5321825396825375,4.076190476190476
2024-05-05,25.175,21.1,31.6,24,3.6265026870430463,A607,2024,mai,126,mai,18,5,19,dom,2.115515873015873,-33.923809523809524
2024-05-06,25.404166666666665,21.8,29.8,24,2.927453139515298,A607,2024,mai,127,mai,184,5,19,seg,2.3446825396825375,132.07619047619048
2024-05-07,24.875,19.7,31.4,24,3.904206204461609,A607,2024,mai,128,mai,150,5,19,ter,1.8155158730158725,98.07619047619048
2024-05-08,26.245833333333337,22.5,31.9,24,3.0759910621607394,A607,2024,mai,129,mai,131,5,19,qua,3.1863492063492096,79.07619047619048
2024-05-09,26.358333333333334,22.2,33.4,24,3.737345799252245,A607,2024,mai,130,mai,144,5,19,qui,3.2988492063492068,92.07619047619048
2024-05-10,25.233333333333334,22,29.9,24,2.708868954839409,A607,2024,mai,131,mai,134,5,19,sex,2.1738492063492068,82.07619047619048
2024-05-11,26.008333333333333,20.8,33.6,24,4.696429417691947,A607,2024,mai,132,mai,58,5,19,sáb,2.9488492063492053,6.076190476190476
2024-05-12,26.841666666666665,21.7,35.1,24,4.758326036188217,A607,2024,mai,133,mai,53,5,20,dom,3.7821825396825375,1.076190476190476
2024-05-13,27.6875,22.1,35.6,24,5.084701051449209,A607,2024,mai,134,mai,175,5,20,seg,4.6280158730158725,123.07619047619048
2024-05-14,25.2625,20.9,29.4,24,2.863383905679493,A607,2024,mai,135,mai,156,5,20,ter,2.2030158730158718,104.07619047619048
2024-05-15,24.208333333333332,21.4,27.4,24,1.7665777937722629,A607,2024,mai,136,mai,137,5,20,qua,1.1488492063492046,85.07619047619048
2024-05-16,24.3625,21.7,29.7,24,2.5573104927876353,A607,2024,mai,137,mai,133,5,20,qui,1.3030158730158732,81.07619047619048
2024-05-17,26.1875,22,33.5,24,4.194023957552191,A607,2024,mai,138,mai,101,5,20,sex,3.1280158730158725,49.076190476190476
2024-05-18,26.433333333333337,22.2,34.2,24,4.283097890106166,A607,2024,mai,139,mai,56,5,20,sáb,3.3738492063492096,4.076190476190476
2024-05-19,24.65416666666667,21.4,29.7,24,2.8676576059438363,A607,2024,mai,140,mai,36,5,21,dom,1.594682539682541,-15.923809523809524
2024-05-20,25.004166666666663,20.2,32,24,3.8016562942630863,A607,2024,mai,141,mai,194,5,21,seg,1.9446825396825353,142.07619047619048
2024-05-21,24.7,22.2,27.7,24,1.757963248366898,A607,2024,mai,142,mai,123,5,21,ter,1.6405158730158718,71.07619047619048
2024-05-22,22.8875,18.9,27.1,24,2.79942734827337,A607,2024,mai,143,mai,132,5,21,qua,-0.17198412698412824,80.07619047619048
2024-05-23,24.095833333333335,19.7,31.5,24,3.7042254564057058,A607,2024,mai,144,mai,155,5,21,qui,1.0363492063492075,103.07619047619048
2024-05-24,25.504166666666663,20.8,33.3,24,4.484512398162743,A607,2024,mai,145,mai,128,5,21,sex,2.4446825396825353,76.07619047619048
2024-05-25,24.229166666666668,20.6,29.5,24,2.70691211316618,A607,2024,mai,146,mai,74,5,21,sáb,1.1696825396825403,22.076190476190476
2024-05-26,22.416666666666668,19.9,25.1,24,1.630861779835292,A607,2024,mai,147,mai,44,5,22,dom,-0.6428174603174597,-7.923809523809524
2024-05-27,21.9,19.4,25.5,24,2.0996894180268453,A607,2024,mai,148,mai,206,5,22,seg,-1.159484126984129,154.07619047619048
2024-05-28,24.3,20.6,30.4,24,3.488615023560022,A607,2024,mai,149,mai,105,5,22,ter,1.2405158730158732,53.076190476190476
2024-05-29,22.954166666666666,21.2,25.9,24,1.1492830153079625,A607,2024,mai,150,mai,108,5,22,qua,-0.10531746031746181,56.076190476190476
2024-05-30,20.679166666666667,19.3,22,24,0.8526068295510544,A607,2024,mai,151,mai,45,5,22,qui,-2.3803174603174604,-6.923809523809524
2024-05-31,19.633333333333333,14.1,26,24,3.959431960430102,A607,2024,mai,152,mai,88,5,22,sex,-3.4261507936507947,36.076190476190476
2024-06-01,21.65,19.3,25.4,24,2.1574945211276093,A607,2024,jun,153,jun,54,6,22,sáb,-0.11053459119496978,17.31132075471698
2024-06-02,21.025,16.5,27.6,24,4.082225522602997,A607,2024,jun,154,jun,43,6,23,dom,-0.7355345911949698,6.311320754716981
2024-06-03,22,17.1,28.6,24,4.300556081333629,A607,2024,jun,155,jun,177,6,23,seg,0.23946540880503164,140.31132075471697
2024-06-04,22.35,18.2,28.2,24,3.3580532662735463,A607,2024,jun,156,jun,183,6,23,ter,0.5894654088050331,146.31132075471697
2024-06-05,21.875,20.1,25.4,24,1.4715416346840802,A607,2024,jun,157,jun,124,6,23,qua,0.11446540880503164,87.31132075471697
2024-06-06,21.375,17.9,26.2,24,2.8971125055070295,A607,2024,jun,158,jun,157,6,23,qui,-0.38553459119496836,120.31132075471697
2024-06-07,21.991666666666667,17.7,28.1,24,3.6484560959477057,A607,2024,jun,159,jun,83,6,23,sex,0.23113207547169878,46.31132075471698
2024-06-08,22.179166666666667,18.2,27.1,24,2.93923668982962,A607,2024,jun,160,jun,94,6,23,sáb,0.4186320754716988,57.31132075471698
2024-06-09,21.920833333333334,18,27.8,24,3.558575578082829,A607,2024,jun,161,jun,28,6,24,dom,0.16029874213836592,-8.68867924528302
2024-06-10,23.0125,18.3,30.7,24,4.505775279523515,A607,2024,jun,162,jun,244,6,24,seg,1.251965408805031,207.31132075471697
2024-06-11,22.408333333333335,17,30.7,24,4.930024840458335,A607,2024,jun,163,jun,164,6,24,ter,0.6477987421383666,127.31132075471697
2024-06-12,21.329166666666666,15.5,28.2,24,4.292711635831807,A607,2024,jun,164,jun,73,6,24,qua,-0.43136792452830264,36.31132075471698
2024-06-13,22.191666666666663,17.1,29.9,24,4.33659019193117,A607,2024,jun,165,jun,101,6,24,qui,0.4311320754716945,64.31132075471697
2024-06-14,23.3375,18,30.3,24,4.161501871450613,A607,2024,jun,166,jun,74,6,24,sex,1.5769654088050302,37.31132075471698
2024-06-15,23,17,30.9,24,4.505552130427524,A607,2024,jun,167,jun,39,6,24,sáb,1.2394654088050316,2.3113207547169807
2024-06-16,23.029166666666665,18,30.4,24,3.9585327943643422,A607,2024,jun,168,jun,49,6,25,dom,1.2686320754716967,12.31132075471698
2024-06-17,23.666666666666668,18.6,31.1,24,4.066583510672732,A607,2024,jun,169,jun,117,6,25,seg,1.9061320754716995,80.31132075471697
2024-06-18,23.341666666666665,18.7,31,24,4.237915470633161,A607,2024,jun,170,jun,101,6,25,ter,1.5811320754716967,64.31132075471697
2024-06-19,24.333333333333332,20.4,31.5,24,3.85200869865227,A607,2024,jun,171,jun,95,6,25,qua,2.572798742138364,58.31132075471698
2024-06-20,24.616666666666667,19.7,32.1,24,4.115576632076331,A607,2024,jun,172,jun,131,6,25,qui,2.856132075471699,94.31132075471697
2024-06-21,22.620833333333337,17.5,29.9,24,4.06469199503391,A607,2024,jun,173,jun,69,6,25,sex,0.8602987421383688,32.31132075471698
2024-06-22,22.745833333333337,17.8,27.9,24,3.3712311216174897,A607,2024,jun,174,jun,39,6,25,sáb,0.9852987421383688,2.3113207547169807
2024-06-23,24.408333333333335,19.9,30.8,24,3.651553173611216,A607,2024,jun,175,jun,42,6,26,dom,2.6477987421383666,5.311320754716981
2024-06-24,24.575,19.7,32,24,4.357726770771161,A607,2024,jun,176,jun,115,6,26,seg,2.814465408805031,78.31132075471697
2024-06-25,23.379166666666663,18.4,30.2,24,3.814272871234029,A607,2024,jun,177,jun,167,6,26,ter,1.6186320754716945,130.31132075471697
2024-06-26,24.354166666666668,20.1,31.6,24,3.5073809337585153,A607,2024,jun,178,jun,152,6,26,qua,2.5936320754716995,115.31132075471697
2024-06-27,23.729166666666668,20.2,29.3,24,3.0314982902944165,A607,2024,jun,179,jun,63,6,26,qui,1.9686320754716995,26.31132075471698
2024-06-28,24.716666666666665,21.3,31.2,24,3.340615234493122,A607,2024,jun,180,jun,56,6,26,sex,2.9561320754716967,19.31132075471698
2024-06-29,24.791666666666668,19.6,33.9,24,4.736253946873559,A607,2024,jun,181,jun,44,6,26,sáb,3.0311320754716995,7.311320754716981
2024-06-30,21.716666666666665,19.8,23.1,24,0.8810402283993453,A607,2024,jun,182,jun,21,6,27,dom,-0.04386792452830335,-15.68867924528302
2024-07-01,19.8,18.3,22.4,24,1.287397104372938,A607,2024,jul,183,jul,138,7,27,seg,-1.440802277432713,115.56190476190477
2024-07-02,21.325,18.3,25.6,24,2.620197470155388,A607,2024,jul,184,jul,138,7,27,ter,0.08419772256728564,115.56190476190477
2024-07-03,22.4625,18.2,29.5,24,4.291327199181482,A607,2024,jul,185,jul,44,7,27,qua,1.221697722567285,21.561904761904763
2024-07-04,23.420833333333334,17.6,32.3,24,5.229762582246604,A607,2024,jul,186,jul,64,7,27,qui,2.1800310559006206,41.56190476190476
2024-07-05,21.820833333333333,16,30,24,4.834745545812481,A607,2024,jul,187,jul,49,7,27,sex,0.5800310559006192,26.561904761904763
2024-07-06,21.466666666666665,16,27.5,24,3.973024985603776,A607,2024,jul,188,jul,24,7,27,sáb,0.22586438923395136,1.5619047619047635
2024-07-07,21.775,16.8,30.2,24,4.326988108021158,A607,2024,jul,189,jul,20,7,28,dom,0.5341977225672849,-2.4380952380952365
2024-07-08,21.916666666666668,18,27.1,24,2.7542325794037943,A607,2024,jul,190,jul,94,7,28,seg,0.6758643892339542,71.56190476190477
2024-07-09,23.370833333333337,20.3,27.8,24,2.5721720083578603,A607,2024,jul,191,jul,96,7,28,ter,2.1300310559006235,73.56190476190477
2024-07-10,23.7375,18.9,30.8,24,3.2746473424464053,A607,2024,jul,192,jul,69,7,28,qua,2.496697722567287,46.56190476190476
2024-07-11,23.120833333333337,20.3,28,24,2.77441402613341,A607,2024,jul,193,jul,53,7,28,qui,1.8800310559006235,30.561904761904763
2024-07-12,23.270833333333332,20.2,27.9,24,2.4100296167522894,A607,2024,jul,194,jul,32,7,28,sex,2.0300310559006185,9.561904761904763
2024-07-13,23.133333333333333,19.7,27,24,2.231526415915244,A607,2024,jul,195,jul,17,7,28,sáb,1.8925310559006192,-5.4380952380952365
2024-07-14,23.1125,18.8,29.7,24,3.3093165588919597,A607,2024,jul,196,jul,21,7,29,dom,1.871697722567287,-1.4380952380952365
2024-07-15,21.633333333333333,17.5,26,24,2.6905093532099356,A607,2024,jul,197,jul,50,7,29,seg,0.3925310559006192,27.561904761904763
2024-07-16,21.8,17.2,27.5,24,3.26669624358098,A607,2024,jul,198,jul,46,7,29,ter,0.5591977225672871,23.561904761904763
2024-07-17,21.341666666666665,18.3,26.8,24,2.9033588744113583,A607,2024,jul,199,jul,88,7,29,qua,0.10086438923395136,65.56190476190477
2024-07-18,22.883333333333333,18.5,31.2,24,4.227823642682271,A607,2024,jul,200,jul,58,7,29,qui,1.6425310559006192,35.56190476190476
2024-07-19,20.7375,16.4,25.1,24,2.856238404980746,A607,2024,jul,201,jul,59,7,29,sex,-0.5033022774327129,36.56190476190476
2024-07-20,19.775,14.6,26.2,24,3.926858463365385,A607,2024,jul,202,jul,23,7,29,sáb,-1.465802277432715,0.5619047619047635
2024-07-21,20.65,16.4,26.8,24,3.7063986974349943,A607,2024,jul,203,jul,31,7,30,dom,-0.5908022774327151,8.561904761904763
2024-07-22,21.5625,16.2,30.3,24,5.080894520695621,A607,2024,jul,204,jul,67,7,30,seg,0.32169772256728635,44.56190476190476
2024-07-23,21.016666666666666,15.9,26.6,24,3.440256141458159,A607,2024,jul,205,jul,76,7,30,ter,-0.22413561076604793,53.56190476190476
2024-07-24,20.304166666666667,14.7,27.1,24,4.512155482853985,A607,2024,jul,206,jul,62,7,30,qua,-0.9366356107660465,39.56190476190476
2024-07-25,21.3625,16,29.2,24,4.778740283343736,A607,2024,jul,207,jul,40,7,30,qui,0.12169772256728706,17.561904761904763
2024-07-26,22.429166666666667,15.8,31.1,24,5.61995506454778,A607,2024,jul,208,jul,37,7,30,sex,1.1883643892339535,14.561904761904763
2024-07-27,22.925,15.8,31.7,24,5.609018359438819,A607,2024,jul,209,jul,39,7,30,sáb,1.684197722567287,16.561904761904763
2024-07-28,23.929166666666667,17.6,32.3,24,4.727760676524643,A607,2024,jul,210,jul,23,7,31,dom,2.6883643892339535,0.5619047619047635
2024-07-29,24.683333333333337,19.5,34.2,24,5.12128267447561,A607,2024,jul,211,jul,68,7,31,seg,3.4425310559006235,45.56190476190476
2024-07-30,21.6625,18.5,25,24,2.085313551650123,A607,2024,jul,212,jul,40,7,31,ter,0.42169772256728777,17.561904761904763
2024-07-31,19.995833333333337,17.7,25.2,24,1.987237358455345,A607,2024,jul,213,jul,30,7,31,qua,-1.2449689440993765,7.5619047619047635
2024-08-01,20.808333333333337,17.3,24.8,24,2.6601596334359936,A607,2024,ago,214,ago,49,8,31,qui,-0.8202508960573454,29.21505376344086
2024-08-02,19.825,15,25.8,24,3.8952870073417207,A607,2024,ago,215,ago,28,8,31,sex,-1.8035842293906832,8.21505376344086
2024-08-03,20.854166666666668,18.9,23.8,24,1.5753479026845956,A607,2024,ago,216,ago,25,8,31,sáb,-0.7744175627240146,5.21505376344086
2024-08-04,22.720833333333335,18.9,28.3,24,3.229615560197013,A607,2024,ago,217,ago,23,8,32,dom,1.0922491039426525,3.21505376344086
2024-08-05,23.220833333333335,19.2,29.6,24,3.3103236629706148,A607,2024,ago,218,ago,28,8,32,seg,1.5922491039426525,8.21505376344086
2024-08-06,23.204166666666666,18.4,30.1,24,3.888945220433972,A607,2024,ago,219,ago,21,8,32,ter,1.5755824372759832,1.21505376344086
2024-08-07,23.354166666666668,18.6,30.1,24,3.5449877864101453,A607,2024,ago,220,ago,56,8,32,qua,1.7255824372759854,36.215053763440864
2024-08-08,24.345833333333335,18.7,33.7,24,5.145363397540899,A607,2024,ago,221,ago,41,8,32,qui,2.7172491039426525,21.21505376344086
2024-08-09,23.166666666666668,19.2,28.8,24,3.2360290570344104,A607,2024,ago,222,ago,36,8,32,sex,1.5380824372759854,16.21505376344086
2024-08-10,20.004166666666663,16.2,23.1,24,2.046307207729523,A607,2024,ago,223,ago,15,8,32,sáb,-1.6244175627240196,-4.78494623655914
2024-08-11,18.729166666666668,13.8,23.6,24,3.4326411642230887,A607,2024,ago,224,ago,20,8,33,dom,-2.8994175627240146,0.21505376344086002
2024-08-12,20.508333333333333,15.8,29,24,4.316592523564479,A607,2024,ago,225,ago,36,8,33,seg,-1.1202508960573496,16.21505376344086
2024-08-13,19.0375,15.6,23.4,24,2.711298822400037,A607,2024,ago,226,ago,34,8,33,ter,-2.591084229390681,14.21505376344086
2024-08-14,18.204166666666666,12.1,26,24,4.5119627625917405,A607,2024,ago,227,ago,36,8,33,qua,-3.4244175627240168,16.21505376344086
2024-08-15,21.020833333333332,16,28.1,24,4.193471029512702,A607,2024,ago,228,ago,29,8,33,qui,-0.6077508960573503,9.21505376344086
2024-08-16,22.241666666666667,16.3,30.3,24,4.713340610452944,A607,2024,ago,229,ago,15,8,33,sex,0.6130824372759847,-4.78494623655914
2024-08-17,23.179166666666667,16.8,33.1,24,4.880215530403182,A607,2024,ago,230,ago,18,8,33,sáb,1.5505824372759847,-1.78494623655914
2024-08-18,22.204166666666666,16.9,28.4,24,3.9889498636223486,A607,2024,ago,231,ago,25,8,34,dom,0.5755824372759832,5.21505376344086
2024-08-19,23.45,18.1,31,24,4.046039394594262,A607,2024,ago,232,ago,45,8,34,seg,1.8214157706093168,25.21505376344086
2024-08-20,25.075,18.9,35.3,24,5.72236269233336,A607,2024,ago,233,ago,26,8,34,ter,3.446415770609317,6.21505376344086
2024-08-21,22.825,18.9,28.3,24,3.2312670822019243,A607,2024,ago,234,ago,34,8,34,qua,1.1964157706093168,14.21505376344086
2024-08-22,23.420833333333334,18.5,32.2,24,4.174766764291376,A607,2024,ago,235,ago,15,8,34,qui,1.7922491039426518,-4.78494623655914
2024-08-23,24.6125,19.1,33.1,24,4.484302330497393,A607,2024,ago,236,ago,62,8,34,sex,2.9839157706093182,42.215053763440864
2024-08-24,23.433333333333337,19.9,29.5,24,2.756599459426441,A607,2024,ago,237,ago,4,8,34,sáb,1.8047491039426546,-15.78494623655914
2024-08-25,22.8625,20,27.9,24,2.519284318662915,A607,2024,ago,238,ago,15,8,35,dom,1.2339157706093182,-4.78494623655914
2024-08-26,17.3,15.8,20.3,24,1.5154279062794225,A607,2024,ago,239,ago,40,8,35,seg,-4.328584229390682,20.21505376344086
2024-08-27,18.445833333333333,16.1,21.6,24,1.9108339100727871,A607,2024,ago,240,ago,52,8,35,ter,-3.1827508960573496,32.215053763440864
2024-08-28,20.175,16.4,26.5,24,3.399776207468598,A607,2024,ago,241,ago,55,8,35,qua,-1.4535842293906818,35.215053763440864
2024-08-29,20.254166666666663,15.3,26.6,24,3.7392139567685554,A607,2024,ago,242,ago,45,8,35,qui,-1.3744175627240196,25.21505376344086
2024-08-30,21.545833333333334,15.8,30.1,24,5.077056590504817,A607,2024,ago,243,ago,27,8,35,sex,-0.0827508960573482,7.21505376344086
2024-08-31,22.1875,15.8,32.1,24,5.291856951959303,A607,2024,ago,244,ago,11,8,35,sáb,0.5589157706093175,-8.78494623655914
2024-09-01,22.845833333333335,17.8,29.8,24,3.822357474997161,A607,2024,set,245,set,23,9,36,dom,-0.40806440723737225,10.16304347826087
2024-09-02,23.991666666666667,18.6,35.6,24,5.0665069578184925,A607,2024,set,246,set,73,9,36,seg,0.7377689260959599,60.16304347826087
2024-09-03,22.916666666666668,20.6,28.1,24,2.0857001048895385,A607,2024,set,247,set,78,9,36,ter,-0.3372310739040394,65.16304347826087
2024-09-04,24.629166666666663,21.5,31.6,24,3.348910162330772,A607,2024,set,248,set,55,9,36,qua,1.3752689260959556,42.16304347826087
2024-09-05,25.216666666666665,21.7,33.3,24,3.663173566691885,A607,2024,set,249,set,19,9,36,qui,1.9627689260959578,6.163043478260869
2024-09-06,24.208333333333332,21.9,28.6,24,2.3768661623287057,A607,2024,set,250,set,45,9,36,sex,0.9544355927626249,32.16304347826087
2024-09-07,24.21666666666667,20.8,31.2,24,3.4807129038230915,A607,2024,set,251,set,19,9,36,sáb,0.9627689260959613,6.163043478260869
2024-09-08,24.45,19.9,29.6,24,3.1302173837555145,A607,2024,set,252,set,8,9,37,dom,1.196102259429292,-4.836956521739131
2024-09-09,24.641666666666666,22.4,29.1,24,2.430587094343341,A607,2024,set,253,set,52,9,37,seg,1.3877689260959585,39.16304347826087
2024-09-10,24.620833333333337,18.8,31.9,24,4.103336835845407,A607,2024,set,254,set,26,9,37,ter,1.3669355927626299,13.16304347826087
2024-09-11,24.829166666666666,19.2,33.1,24,4.45328204973509,A607,2024,set,255,set,33,9,37,qua,1.5752689260959585,20.163043478260867
2024-09-12,24.804166666666667,20,31.8,24,3.7470543986799374,A607,2024,set,256,set,36,9,37,qui,1.55026892609596,23.163043478260867
2024-09-13,24.845833333333335,19.8,31.5,24,3.615543637836702,A607,2024,set,257,set,30,9,37,sex,1.5919355927626277,17.163043478260867
2024-09-14,25.333333333333332,20.4,33,24,4.027046243746819,A607,2024,set,258,set,10,9,37,sáb,2.079435592762625,-2.836956521739131
2024-09-15,24.204166666666666,20.4,28.8,24,2.955242823344223,A607,2024,set,259,set,16,9,38,dom,0.9502689260959585,3.163043478260869
2024-09-16,24.995833333333337,21,32.5,24,3.721790028264995,A607,2024,set,260,set,34,9,38,seg,1.7419355927626299,21.163043478260867
2024-09-17,22.216666666666665,20,23.4,24,0.932349377818659,A607,2024,set,261,set,20,9,38,ter,-1.0372310739040422,7.163043478260869
2024-09-18,21.433333333333337,17.7,24.9,24,2.210580617545234,A607,2024,set,262,set,33,9,38,qua,-1.8205644072373701,20.163043478260867
2024-09-19,22.683333333333337,19.8,26.4,24,2.432509290686341,A607,2024,set,263,set,32,9,38,qui,-0.5705644072373701,19.163043478260867
2024-09-20,24.541666666666668,22,28.8,24,2.167731065195702,A607,2024,set,264,set,12,9,38,sex,1.2877689260959606,-0.8369565217391308
2024-09-21,25.358333333333334,22,31.7,24,3.1113979336383952,A607,2024,set,265,set,7,9,38,sáb,2.104435592762627,-5.836956521739131
2024-09-22,25.308333333333337,22.2,29.6,24,2.5481308864524115,A607,2024,set,266,set,18,9,39,dom,2.05443559276263,5.163043478260869
2024-09-23,25.370833333333337,20.7,31,24,3.2834869014333004,A607,2024,set,267,set,21,9,39,seg,2.11693559276263,8.16304347826087
2024-09-24,25.170833333333334,20.3,30.4,24,3.1498073325021103,A607,2024,set,268,set,24,9,39,ter,1.916935592762627,11.16304347826087
2024-09-25,25.495833333333337,21.2,31.6,24,3.0679945534029467,A607,2024,set,269,set,17,9,39,qua,2.24193559276263,4.163043478260869
2024-09-26,25.7625,21.9,31.1,24,3.188950011196953,A607,2024,set,270,set,26,9,39,qui,2.508602259429292,13.16304347826087
2024-09-27,26.4,21.2,35.5,24,4.568321925761286,A607,2024,set,271,set,11,9,39,sex,3.1461022594292913,-1.8369565217391308
2024-09-28,24.366666666666667,22.3,28.6,24,1.7521829035623626,A607,2024,set,272,set,1,9,39,sáb,1.11276892609596,-11.83695652173913
2024-09-29,23.666666666666664,20.7,27.5,24,2.2319160547301773,A607,2024,set,273,set,2,9,40,dom,0.41276892609595706,-10.83695652173913
2024-09-30,22.645833333333332,18.8,26.7,24,3.0381600791707255,A607,2024,set,274,set,14,9,40,seg,-0.6080644072373751,1.1630434782608692
2024-10-01,25.141666666666666,20.6,30.9,24,3.555022982456949,A607,2024,out,275,out,26,10,40,ter,1.1407087049618596,16.462365591397848
2024-10-02,26.133333333333333,20.2,35,24,4.772900555233152,A607,2024,out,276,out,11,10,40,qua,2.1323753716285268,1.46236559139785
2024-10-03,25.2875,21.7,32.2,24,3.2336965655826257,A607,2024,out,277,out,27,10,40,qui,1.2865420382951953,17.462365591397848
2024-10-04,23.6625,20,28,24,1.9504319476999692,A607,2024,out,278,out,12,10,40,sex,-0.3384579617048047,2.46236559139785
2024-10-06,20.991666666666667,16.4,25.9,24,3.2641553493863515,A607,2024,out,280,out,5,10,41,dom,-3.009291295038139,-4.53763440860215
2024-10-07,23.079166666666666,19.4,29.2,24,3.6032568802303753,A607,2024,out,281,out,24,10,41,seg,-0.9217912950381404,14.46236559139785
2024-10-08,22.708333333333332,17.9,28.3,24,3.6828529426385535,A607,2024,out,282,out,17,10,41,ter,-1.292624628371474,7.46236559139785
2024-10-09,25.558333333333337,22.6,29.8,24,2.2306007509513948,A607,2024,out,283,out,7,10,41,qua,1.557375371628531,-2.53763440860215
2024-10-10,22.325,21.1,24,24,0.8109307588519342,A607,2024,out,284,out,37,10,41,qui,-1.6759579617048068,27.462365591397848
2024-10-11,22.3125,20.9,24.1,24,1.208417038579991,A607,2024,out,285,out,13,10,41,sex,-1.688457961704806,3.46236559139785
2024-10-12,24.979166666666668,23,29,24,2.0698622442435455,A607,2024,out,286,out,5,10,41,sáb,0.9782087049618617,-4.53763440860215
2024-10-13,24.2125,22,27.7,24,1.889401216396808,A607,2024,out,287,out,8,10,42,dom,0.21154203829519247,-1.53763440860215
2024-10-14,23.09583333333333,20.9,26.4,24,1.7424318754487105,A607,2024,out,288,out,10,10,42,seg,-0.9051246283714747,0.46236559139784994
2024-10-15,22.479166666666668,18.6,27.1,24,2.818414473587506,A607,2024,out,289,out,9,10,42,ter,-1.5217912950381383,-0.5376344086021501
2024-10-16,23.970833333333335,20,30.6,24,3.713603566520713,A607,2024,out,290,out,13,10,42,qua,-0.03012462837147112,3.46236559139785
2024-10-17,25.395833333333332,21.8,30.2,24,2.831112727420496,A607,2024,out,291,out,6,10,42,qui,1.394875371628526,-3.53763440860215
2024-10-18,25.445833333333333,22.7,31.1,24,2.827040112396966,A607,2024,out,292,out,6,10,42,sex,1.4448753716285268,-3.53763440860215
2024-10-20,22.225,20.9,23.9,24,1.040171390559811,A607,2024,out,294,out,1,10,43,dom,-1.7759579617048047,-8.53763440860215
2024-10-21,23.7375,21.4,27.4,24,1.795601509970599,A607,2024,out,295,out,27,10,43,seg,-0.2634579617048054,17.462365591397848
2024-10-22,25.208333333333332,20.9,30.8,24,3.1635033780902475,A607,2024,out,296,out,18,10,43,ter,1.207375371628526,8.46236559139785
2024-10-23,27.195833333333333,22.6,34.7,24,3.849729427721728,A607,2024,out,297,out,14,10,43,qua,3.1948753716285268,4.46236559139785
2024-10-24,27.020833333333332,22.9,32.4,24,3.5047767610687464,A607,2024,out,298,out,21,10,43,qui,3.019875371628526,11.46236559139785
2024-10-25,26.6,23.5,32.8,24,2.8593097373165155,A607,2024,out,299,out,11,10,43,sex,2.5990420382951953,1.46236559139785
2024-10-26,29.65,25.1,37.5,24,4.1837158437051585,A607,2024,out,300,out,4,10,43,sáb,5.6490420382951925,-5.53763440860215
2024-10-27,24.195833333333333,22,26.4,24,1.5453940447740788,A607,2024,out,301,out,6,10,44,dom,0.19487537162852675,-3.53763440860215
2024-10-28,21.9,20.8,23.3,24,0.7205070678227997,A607,2024,out,302,out,5,10,44,seg,-2.1009579617048075,-4.53763440860215
2024-10-29,21.070833333333333,20.4,22.5,24,0.4786567860592595,A607,2024,out,303,out,14,10,44,ter,-2.9301246283714732,4.46236559139785
2024-10-30,23.279166666666665,20.7,27.5,24,2.535140707297546,A607,2024,out,304,out,13,10,44,qua,-0.7217912950381411,3.46236559139785
2024-10-31,23.675,19.6,28.4,24,3.0104528043064422,A607,2024,out,305,out,13,10,44,qui,-0.3259579617048054,3.46236559139785
2024-11-01,23.9125,19.5,28.7,24,3.4474076586933244,A607,2024,nov,306,nov,92,11,44,sex,-0.4964406748645871,79.31111111111112
2024-11-04,25.445833333333333,22.8,28.6,24,1.9457823209649407,A607,2024,nov,309,nov,29,11,45,seg,1.0368926584687443,16.31111111111111
2024-11-05,24.120833333333337,22.6,26.4,24,1.100189377637626,A607,2024,nov,310,nov,54,11,45,ter,-0.2881073415312514,41.31111111111111
2024-11-06,25.808333333333337,22.9,30,24,2.6762915072697253,A607,2024,nov,311,nov,12,11,45,qua,1.3993926584687486,-0.6888888888888882
2024-11-07,25.97083333333333,22.4,30.2,24,2.732808583421676,A607,2024,nov,312,nov,8,11,45,qui,1.561892658468743,-4.688888888888888
2024-11-08,26.47083333333333,23.5,30.9,24,2.459847850838617,A607,2024,nov,313,nov,10,11,45,sex,2.061892658468743,-2.688888888888888
2024-11-09,22.8875,21.9,25.8,24,1.1444810861354324,A607,2024,nov,314,nov,5,11,45,sáb,-1.5214406748645892,-7.688888888888888
2024-11-10,23.370833333333337,20.8,26.8,24,2.0037962160265494,A607,2024,nov,315,nov,5,11,46,dom,-1.0381073415312514,-7.688888888888888
2024-11-11,23.345833333333335,19,28.9,24,3.488238519799713,A607,2024,nov,316,nov,17,11,46,seg,-1.0631073415312535,4.311111111111112
2024-11-12,26.083333333333332,20.1,34.8,24,5.218501089698881,A607,2024,nov,317,nov,16,11,46,ter,1.6743926584687436,3.311111111111112
2024-11-13,24.104166666666668,21.5,28.4,24,2.232463869256618,A607,2024,nov,318,nov,16,11,46,qua,-0.30477400819792066,3.311111111111112
2024-11-14,21.45,19.4,23.8,24,1.3510060663462429,A607,2024,nov,319,nov,20,11,46,qui,-2.9589406748645892,7.311111111111112
2024-11-15,24.241666666666667,20.4,29.8,24,3.379981562422914,A607,2024,nov,320,nov,7,11,46,sex,-0.16727400819792138,-5.688888888888888
2024-11-16,25.266666666666666,22.2,28.9,24,2.1261654945335104,A607,2024,nov,321,nov,5,11,46,sáb,0.8577259918020772,-7.688888888888888
2024-11-18,25.625,21.3,31.1,24,3.2245323220045683,A607,2024,nov,323,nov,8,11,47,seg,1.2160593251354115,-4.688888888888888
2024-11-19,26.6625,22.4,33.8,24,3.584121079573551,A607,2024,nov,324,nov,14,11,47,ter,2.253559325135413,1.3111111111111118
2024-11-20,26.533333333333335,22.8,33.9,24,3.362021476105871,A607,2024,nov,325,nov,9,11,47,qua,2.1243926584687465,-3.688888888888888
2024-11-21,25.0875,24.1,26.7,24,0.6159563084448796,A607,2024,nov,326,nov,12,11,47,qui,0.6785593251354101,-0.6888888888888882
2024-11-22,23.85,22.2,26.7,24,1.497824509370028,A607,2024,nov,327,nov,13,11,47,sex,-0.5589406748645871,0.3111111111111118
2024-11-23,21.920833333333334,19.3,24.8,24,1.6394535586635235,A607,2024,nov,328,nov,3,11,47,sáb,-2.4881073415312542,-9.688888888888888
2024-11-24,20.6625,17.5,24.3,24,1.9688470472975224,A607,2024,nov,329,nov,2,11,48,dom,-3.746440674864587,-10.688888888888888
2024-11-25,22.070833333333333,18.1,25.6,24,2.524743493930606,A607,2024,nov,330,nov,28,11,48,seg,-2.3381073415312557,15.311111111111112
2024-11-26,23.725,19,29.1,24,3.554452198972805,A607,2024,nov,331,nov,6,11,48,ter,-0.6839406748645871,-6.688888888888888
2024-11-27,25.895833333333332,19.5,34.4,24,4.9399418379489894,A607,2024,nov,332,nov,15,11,48,qua,1.4868926584687436,2.311111111111112
2024-11-28,27.275,22.1,35.5,24,4.481095557037849,A607,2024,nov,333,nov,17,11,48,qui,2.86605932513541,4.311111111111112
2024-11-29,27.3625,23.5,36.3,24,4.1668268085167535,A607,2024,nov,334,nov,10,11,48,sex,2.953559325135412,-2.688888888888888
2024-11-30,27.004166666666663,24.1,33,24,2.936498827229264,A607,2024,nov,335,nov,8,11,48,sáb,2.5952259918020744,-4.688888888888888
2024-12-01,26.708333333333332,24,30.9,24,2.498680811368561,A607,2024,dez,336,dez,6,12,49,dom,0.9912005528390821,-6.117021276595745
2024-12-02,27.870833333333337,23.1,35.9,24,4.218744833598554,A607,2024,dez,337,dez,35,12,49,seg,2.153700552839087,22.882978723404257
2024-12-03,27.116666666666667,24.3,34,24,2.8668520331035827,A607,2024,dez,338,dez,11,12,49,ter,1.3995338861724171,-1.1170212765957448
2024-12-04,26.0625,23.7,30.6,24,2.277262372464683,A607,2024,dez,339,dez,16,12,49,qua,0.34536721950575,3.882978723404255
2024-12-05,26.2875,22.9,30.9,24,2.9471153914352906,A607,2024,dez,340,dez,11,12,49,qui,0.5703672195057514,-1.1170212765957448
2024-12-06,27.1,22.2,34.4,24,4.032261206169884,A607,2024,dez,341,dez,14,12,49,sex,1.3828672195057514,1.8829787234042552
2024-12-07,28.404166666666665,22.2,36.9,24,5.306147309994542,A607,2024,dez,342,dez,5,12,49,sáb,2.687033886172415,-7.117021276595745
2024-12-08,27.55,22.9,35.7,24,4.33218490913725,A607,2024,dez,343,dez,4,12,50,dom,1.8328672195057507,-8.117021276595745
2024-12-09,27.854166666666668,24.3,33.8,24,3.2785175821141914,A607,2024,dez,344,dez,27,12,50,seg,2.137033886172418,14.882978723404255
2024-12-10,28.1125,24.5,33,24,2.893968615556514,A607,2024,dez,345,dez,17,12,50,ter,2.3953672195057507,4.882978723404255
2024-12-11,24.141666666666666,22.2,26.3,24,1.2826320312296244,A607,2024,dez,346,dez,17,12,50,qua,-1.5754661138275843,4.882978723404255
2024-12-12,23.4625,19.7,26.6,24,2.373735361243412,A607,2024,dez,347,dez,20,12,50,qui,-2.2546327804942514,7.882978723404255
2024-12-13,24.179166666666667,21.4,26.8,24,1.9374970780716632,A607,2024,dez,348,dez,16,12,50,sex,-1.5379661138275829,3.882978723404255
2024-12-14,26.358333333333334,22.8,32.1,24,3.121025008142241,A607,2024,dez,349,dez,16,12,50,sáb,0.6412005528390843,3.882978723404255
2024-12-15,24.9875,22.1,27.6,24,1.7855245240788369,A607,2024,dez,350,dez,10,12,51,dom,-0.7296327804942493,-2.117021276595745
2024-12-16,27.154166666666665,24.7,31.3,24,2.503385388987701,A607,2024,dez,351,dez,27,12,51,seg,1.437033886172415,14.882978723404255
2024-12-17,26.0375,23.1,33.1,24,3.210690363254553,A607,2024,dez,352,dez,17,12,51,ter,0.3203672195057514,4.882978723404255
2024-12-18,24.7875,20.8,29.2,24,2.9011710529130936,A607,2024,dez,353,dez,20,12,51,qua,-0.9296327804942486,7.882978723404255
2024-12-19,25.65,22.1,30.2,24,2.7719087757120664,A607,2024,dez,354,dez,19,12,51,qui,-0.06713278049425142,6.882978723404255
2024-12-20,27.170833333333334,22,34.1,24,3.9510570040528856,A607,2024,dez,355,dez,7,12,51,sex,1.4537005528390843,-5.117021276595745
2024-12-23,24.8375,23.3,27.1,24,1.132067174224446,A607,2024,dez,358,dez,7,12,52,seg,-0.8796327804942514,-5.117021276595745
2024-12-25,26.154166666666665,23.1,30.4,24,2.585238895136683,A607,2024,dez,360,dez,1,12,52,qua,0.437033886172415,-11.117021276595745
2024-12-26,27.254166666666663,24.2,31.9,24,2.869476420453082,A607,2024,dez,361,dez,13,12,52,qui,1.5370338861724129,0.8829787234042552
2024-12-27,26.804166666666667,23.5,32.9,24,3.1849481828651833,A607,2024,dez,362,dez,11,12,52,sex,1.0870338861724171,-1.1170212765957448
2024-12-30,23.2375,21.7,26,24,1.2679365297514942,A607,2024,dez,365,dez,7,12,1,seg,-2.4796327804942493,-5.117021276595745
2024-12-31,25.145833333333332,21.5,31.4,24,3.0750014728404627,A607,2024,dez,366,dez,1,12,1,ter,-0.5712994471609179,-11.117021276595745
2025-01-01,25.229166666666668,21,28.9,24,2.327805304623195,A607,2025,jan,1,jan,6,1,1,qua,-1.1722389558232926,-11.879518072289155
2025-01-02,25.808333333333337,20.8,33.4,24,4.359788254398189,A607,2025,jan,2,jan,25,1,1,qui,-0.5930722891566234,7.120481927710845
2025-01-03,26.479166666666668,22.9,32.6,24,3.000721531589516,A607,2025,jan,3,jan,13,1,1,sex,0.07776104417670737,-4.879518072289155
2025-01-05,24.866666666666667,22.1,29.7,24,2.7702874857355844,A607,2025,jan,5,jan,7,1,2,dom,-1.5347389558232933,-10.879518072289155
2025-01-06,25.65833333333333,21.8,31.2,24,3.286324320001281,A607,2025,jan,6,jan,25,1,2,seg,-0.743072289156629,7.120481927710845
2025-01-07,26.7,22.7,32.8,24,2.713252500309321,A607,2025,jan,7,jan,21,1,2,ter,0.2985943775100388,3.120481927710845
2025-01-08,24.945833333333333,22.5,29.7,24,2.313660597909477,A607,2025,jan,8,jan,12,1,2,qua,-1.4555722891566276,-5.879518072289155
2025-01-09,24.733333333333334,22,29.3,24,2.2309418300967336,A607,2025,jan,9,jan,12,1,2,qui,-1.6680722891566262,-5.879518072289155
2025-01-10,25.083333333333332,21.4,29.8,24,2.721678936223753,A607,2025,jan,10,jan,9,1,2,sex,-1.3180722891566283,-8.879518072289155
2025-01-11,25.65,22.5,29.9,24,2.5174175864063204,A607,2025,jan,11,jan,1,1,2,sáb,-0.7514056224899619,-16.879518072289155
2025-01-12,24.5625,20.9,28.4,24,2.4167553706858973,A607,2025,jan,12,jan,1,1,3,dom,-1.8389056224899605,-16.879518072289155
2025-01-13,24.420833333333334,22.7,27.2,24,1.4560157568027796,A607,2025,jan,13,jan,8,1,3,seg,-1.9805722891566262,-9.879518072289155
2025-01-14,23.558333333333337,22.5,26.4,24,1.2541814121141936,A607,2025,jan,14,jan,13,1,3,ter,-2.8430722891566234,-4.879518072289155
2025-01-16,25.666666666666668,23.1,29.1,24,2.018968024525889,A607,2025,jan,16,jan,16,1,3,qui,-0.7347389558232926,-1.8795180722891551
2025-01-17,27.9,24.7,32.8,24,2.821038969877094,A607,2025,jan,17,jan,12,1,3,sex,1.498594377510038,-5.879518072289155
2025-01-20,28.7875,23.6,36.7,24,4.657328260036985,A607,2025,jan,20,jan,16,1,4,seg,2.386094377510041,-1.8795180722891551
2025-01-21,29.2875,24.2,37.7,24,4.670845049695062,A607,2025,jan,21,jan,12,1,4,ter,2.886094377510041,-5.879518072289155
2025-01-22,28.708333333333332,25,35.1,24,3.527397940675826,A607,2025,jan,22,jan,12,1,4,qua,2.3069277108433717,-5.879518072289155
2025-01-23,28.279166666666665,25.2,33.4,24,2.825040079233454,A607,2025,jan,23,jan,16,1,4,qui,1.8777610441767045,-1.8795180722891551
2025-01-24,27.5125,24.5,31.7,24,2.5095145035401294,A607,2025,jan,24,jan,13,1,4,sex,1.1110943775100388,-4.879518072289155
2025-01-27,26.575,23.4,32.2,24,3.2508527309401254,A607,2025,jan,27,jan,19,1,5,seg,0.1735943775100388,1.1204819277108449
2025-01-28,26.65,24.1,30.2,24,1.9820937546377344,A607,2025,jan,28,jan,15,1,5,ter,0.2485943775100381,-2.879518072289155
2025-01-29,26.6125,23.3,29.9,24,2.160779348129824,A607,2025,jan,29,jan,13,1,5,qua,0.21109437751004023,-4.879518072289155
2025-01-30,27.329166666666666,24.5,31.9,24,2.62818819501302,A607,2025,jan,30,jan,6,1,5,qui,0.9277610441767052,-11.879518072289155
2025-01-31,27.508333333333333,23.4,33,24,3.4051006071667747,A607,2025,jan,31,jan,18,1,5,sex,1.1069277108433724,0.12048192771084487
2025-02-03,27.945833333333333,23.2,35.4,24,4.243458307300439,A607,2025,fev,34,fev,21,2,6,seg,0.8398574561403507,-39.94736842105263
2025-02-04,27.75,23.7,35,24,3.3762598292759707,A607,2025,fev,35,fev,10,2,6,ter,0.6440241228070178,-50.94736842105263
2025-02-05,27.483333333333334,22.7,33.8,24,3.828005118649372,A607,2025,fev,36,fev,6,2,6,qua,0.3773574561403521,-54.94736842105263
2025-02-06,27.22083333333333,22.6,33.8,24,3.630065176881235,A607,2025,fev,37,fev,17,2,6,qui,0.11485745614034926,-43.94736842105263
2025-02-07,27.316666666666663,22.7,33.5,24,3.789191340443599,A607,2025,fev,38,fev,7,2,6,sex,0.2106907894736807,-53.94736842105263
2025-02-08,27.391666666666666,23.2,32.4,24,3.3428595760108646,A607,2025,fev,39,fev,1,2,6,sáb,0.28569078947368354,-59.94736842105263
2025-02-10,27.266666666666666,23.4,33.8,24,3.3874020655397836,A607,2025,fev,41,fev,25,2,7,seg,0.16069078947368354,-35.94736842105263
2025-02-11,27.083333333333332,23.7,32.5,24,2.996616449418833,A607,2025,fev,42,fev,18,2,7,ter,-0.022642543859650033,-42.94736842105263
2025-02-12,27.6875,22.9,33.6,24,3.5533587907291566,A607,2025,fev,43,fev,12,2,7,qua,0.5815241228070178,-48.94736842105263
2025-02-13,27.7625,23.3,33.4,24,3.321447104736912,A607,2025,fev,44,fev,16,2,7,qui,0.6565241228070171,-44.94736842105263
2025-02-14,27.841666666666665,22.8,36.3,24,4.194190253679245,A607,2025,fev,45,fev,10,2,7,sex,0.7356907894736828,-50.94736842105263
2025-02-16,27.754166666666663,22.5,34,24,3.881279390889675,A607,2025,fev,47,fev,1,2,8,dom,0.6481907894736807,-59.94736842105263
2025-02-17,28.5625,23.1,36.5,24,4.606027478254421,A607,2025,fev,48,fev,13,2,8,seg,1.4565241228070178,-47.94736842105263
2025-02-18,28.1,22.7,35.5,24,4.385053665825986,A607,2025,fev,49,fev,11,2,8,ter,0.9940241228070192,-49.94736842105263
2025-02-19,27.141666666666666,22.2,33.1,24,3.9190634048219346,A607,2025,fev,50,fev,16,2,8,qua,0.03569078947368354,-44.94736842105263
2025-02-20,28.1625,24.1,32.9,24,2.9780081612876166,A607,2025,fev,51,fev,16,2,8,qui,1.0565241228070192,-44.94736842105263
2025-02-21,28.029166666666665,24.2,33,24,3.1202674309391667,A607,2025,fev,52,fev,15,2,8,sex,0.9231907894736828,-45.94736842105263
2025-02-22,27.420833333333334,23,32.8,24,3.5678490861370906,A607,2025,fev,53,fev,2,2,8,sáb,0.3148574561403521,-58.94736842105263
2025-02-24,27.833333333333332,24.1,32.9,24,3.124470969713066,A607,2025,fev,55,fev,18,2,9,seg,0.72735745614035,-42.94736842105263
2025-02-25,28.1625,24.6,33.7,24,2.6499897456733517,A607,2025,fev,56,fev,17,2,9,ter,1.0565241228070192,-43.94736842105263
2025-02-26,27.295833333333334,22.9,33,24,3.464412763673152,A607,2025,fev,57,fev,14,2,9,qua,0.1898574561403521,-46.94736842105263
2025-02-27,28.0125,24.1,32.5,24,3.096605785582715,A607,2025,fev,58,fev,12,2,9,qui,0.9065241228070171,-48.94736842105263
2025-02-28,27.545833333333334,23.2,32.9,24,3.1433821672325117,A607,2025,fev,59,fev,2,2,9,sex,0.4398574561403521,-58.94736842105263
2025-03-05,26.5,22.7,31.6,24,3.174490715744468,A607,2025,mar,64,mar,1,3,10,qua,-0.02902621722846277,-81.97752808988764
2025-03-06,26.65416666666667,22.8,31.7,24,3.1788676089705774,A607,2025,mar,65,mar,12,3,10,qui,0.1251404494382058,-70.97752808988764
2025-03-07,26.620833333333337,24.4,29.8,24,1.7776337879490172,A607,2025,mar,66,mar,31,3,10,sex,0.09180711610487435,-51.97752808988764
2025-03-09,27.28333333333333,23.7,32.8,24,3.2934277989150855,A607,2025,mar,68,mar,1,3,11,dom,0.7543071161048687,-81.97752808988764
2025-03-10,27.783333333333335,23.3,35.1,24,3.7790804801382993,A607,2025,mar,69,mar,17,3,11,seg,1.2543071161048722,-65.97752808988764
2025-03-11,27.829166666666666,24.2,34.1,24,3.222405146398608,A607,2025,mar,70,mar,12,3,11,ter,1.300140449438203,-70.97752808988764
2025-03-12,27.945833333333333,24,33.5,24,3.1189434061897456,A607,2025,mar,71,mar,14,3,11,qua,1.41680711610487,-68.97752808988764
2025-03-13,28.1,23.5,35.3,24,3.589477375062692,A607,2025,mar,72,mar,18,3,11,qui,1.5709737827715387,-64.97752808988764
2025-03-14,27.991666666666667,24.2,34.1,24,3.294912635467339,A607,2025,mar,73,mar,16,3,11,sex,1.4626404494382044,-66.97752808988764
2025-03-17,24.954166666666666,22.6,29.9,24,2.1388699101987534,A607,2025,mar,76,mar,7,3,12,seg,-1.574859550561797,-75.97752808988764
2025-03-18,25.9,21.7,32.4,24,3.693707928473713,A607,2025,mar,77,mar,10,3,12,ter,-0.6290262172284642,-72.97752808988764
2025-03-19,25.275,23.5,28.1,24,1.299247273716928,A607,2025,mar,78,mar,10,3,12,qua,-1.2540262172284642,-72.97752808988764
2025-03-20,25.333333333333332,22.5,29,24,2.4316154348885854,A607,2025,mar,79,mar,10,3,12,qui,-1.1956928838951306,-72.97752808988764
2025-03-21,25.34166666666667,22.1,29.5,24,2.389636440724944,A607,2025,mar,80,mar,8,3,12,sex,-1.1873595505617942,-74.97752808988764
2025-03-22,25.983333333333334,22.6,30,24,2.5873717849631097,A607,2025,mar,81,mar,1,3,12,sáb,-0.5456928838951285,-81.97752808988764
2025-03-23,26.145833333333332,23.1,30.4,24,2.2378132118240996,A607,2025,mar,82,mar,1,3,13,dom,-0.3831928838951306,-81.97752808988764
2025-03-24,26.783333333333335,22.5,33.1,24,3.1325315039418844,A607,2025,mar,83,mar,10,3,13,seg,0.2543071161048722,-72.97752808988764
2025-03-25,26,22.6,33.5,24,3.819628937133986,A607,2025,mar,84,mar,10,3,13,ter,-0.5290262172284628,-72.97752808988764
2025-03-26,26.391666666666666,23.6,30.9,24,2.6133298210564977,A607,2025,mar,85,mar,6,3,13,qua,-0.13735955056179705,-76.97752808988764
2025-03-27,26.179166666666667,23.5,31.5,24,2.537540604372781,A607,2025,mar,86,mar,10,3,13,qui,-0.34985955056179563,-72.97752808988764
2025-03-29,26.383333333333333,22.3,31.9,24,3.383806278074475,A607,2025,mar,88,mar,1,3,13,sáb,-0.1456928838951299,-81.97752808988764
2025-03-31,27.316666666666663,24.5,31.3,24,2.3254109812856862,A607,2025,mar,90,mar,18,3,14,seg,0.7876404494382001,-64.97752808988764
2025-04-01,27.1875,24.4,32.2,24,2.690128896216847,A607,2025,abr,91,abr,14,4,14,ter,2.3222718253968253,-66.42857142857143
2025-04-02,27.104166666666668,24.2,31,24,2.3621064966358474,A607,2025,abr,92,abr,8,4,14,qua,2.238938492063493,-72.42857142857143
2025-04-03,27.216666666666665,22.7,33.9,24,3.60828354552792,A607,2025,abr,93,abr,5,4,14,qui,2.3514384920634903,-75.42857142857143
2025-04-04,26.258333333333333,24.1,32.4,24,2.3132729808775205,A607,2025,abr,94,abr,9,4,14,sex,1.3931051587301582,-71.42857142857143
2025-04-07,22.95,19.6,26.9,24,2.4314962292883524,A607,2025,abr,97,abr,19,4,15,seg,-1.9152281746031754,-61.42857142857143
2025-04-08,23.220833333333335,18.4,28.1,24,3.2742711325232925,A607,2025,abr,98,abr,11,4,15,ter,-1.6443948412698397,-69.42857142857143
2025-04-09,25.020833333333332,20.8,31.6,24,3.630903488792774,A607,2025,abr,99,abr,8,4,15,qua,0.15560515873015746,-72.42857142857143
2025-04-10,25.045833333333334,21.5,30.9,24,2.866292737661493,A607,2025,abr,100,abr,6,4,15,qui,0.1806051587301596,-74.42857142857143
2025-04-11,23.366666666666667,19.1,27.8,24,3.017725412735007,A607,2025,abr,101,abr,9,4,15,sex,-1.4985615079365076,-71.42857142857143
2025-04-14,24.895833333333332,22.3,31.5,24,3.0061500970172967,A607,2025,abr,104,abr,11,4,16,seg,0.030605158730157456,-69.42857142857143
2025-04-15,24.608333333333334,20.6,29.2,24,2.725231010019337,A607,2025,abr,105,abr,11,4,16,ter,-0.2568948412698404,-69.42857142857143
2025-04-16,23.1125,21.4,25.3,24,1.2871648994052278,A607,2025,abr,106,abr,11,4,16,qua,-1.752728174603174,-69.42857142857143
2025-04-17,24.53333333333333,22.2,29.1,24,2.3698590430778728,A607,2025,abr,107,abr,11,4,16,qui,-0.33189484126984325,-69.42857142857143
2025-04-22,23.1875,20.8,26.9,24,2.3279609476778265,A607,2025,abr,112,abr,5,4,17,ter,-1.6777281746031747,-75.42857142857143
2025-04-24,24.041666666666668,21.8,28,24,2.070059160395237,A607,2025,abr,114,abr,15,4,17,qui,-0.8235615079365068,-65.42857142857143
2025-04-25,24.229166666666668,22.3,28,24,1.8005987329500843,A607,2025,abr,115,abr,6,4,17,sex,-0.6360615079365068,-74.42857142857143
2025-04-28,26.333333333333332,21.9,32.8,24,4.040734615374295,A607,2025,abr,118,abr,13,4,18,seg,1.4681051587301575,-67.42857142857143
2025-04-29,23.291666666666668,21.4,25.6,24,1.2710545661555712,A607,2025,abr,119,abr,7,4,18,ter,-1.5735615079365068,-73.42857142857143
2025-04-30,23.095833333333335,20.8,26.8,24,1.9411962171875328,A607,2025,abr,120,abr,8,4,18,qua,-1.7693948412698397,-72.42857142857143
2025-05-02,22.241666666666667,17.6,27.9,24,3.4333298156728844,A607,2025,mai,122,mai,2,5,18,sex,-0.8178174603174604,-49.923809523809524
2025-05-04,22.108333333333334,18.7,26.4,24,2.6792141395933813,A607,2025,mai,124,mai,1,5,19,dom,-0.9511507936507932,-50.923809523809524
2025-05-05,22.55,18,27.8,24,3.2212608927453292,A607,2025,mai,125,mai,23,5,19,seg,-0.5094841269841268,-28.923809523809524
2025-05-06,23.3,18.5,28.3,24,3.1426933892969,A607,2025,mai,126,mai,21,5,19,ter,0.24051587301587318,-30.923809523809524
2025-05-07,23.520833333333332,21,27.8,24,2.4530334666297966,A607,2025,mai,127,mai,7,5,19,qua,0.4613492063492046,-44.923809523809524
2025-05-08,23.2625,21,26.7,24,1.961989340927479,A607,2025,mai,128,mai,11,5,19,qui,0.20301587301587176,-40.923809523809524
2025-05-09,25.745833333333337,21.9,31.7,24,3.0931873481919085,A607,2025,mai,129,mai,7,5,19,sex,2.6863492063492096,-44.923809523809524
2025-05-12,21.7625,19.8,24.9,24,1.4475804400567114,A607,2025,mai,132,mai,14,5,20,seg,-1.2969841269841282,-37.923809523809524
2025-05-13,21.233333333333334,19.1,25.6,24,1.724167515988051,A607,2025,mai,133,mai,17,5,20,ter,-1.8261507936507932,-34.923809523809524
2025-05-14,20.195833333333333,17.9,23.7,24,1.5083763705926712,A607,2025,mai,134,mai,2,5,20,qua,-2.8636507936507947,-49.923809523809524
2025-05-15,20.90833333333333,17.4,25.3,24,2.681971479060274,A607,2025,mai,135,mai,8,5,20,qui,-2.151150793650796,-43.923809523809524
2025-05-16,22.079166666666666,18,27.3,24,3.15111838899291,A607,2025,mai,136,mai,8,5,20,sex,-0.9803174603174618,-43.923809523809524
2025-05-17,22.179166666666667,19,27,24,2.7596438281001068,A607,2025,mai,137,mai,2,5,20,sáb,-0.8803174603174604,-49.923809523809524
2025-05-19,22.758333333333333,18.5,29.1,24,3.492341517572747,A607,2025,mai,139,mai,10,5,21,seg,-0.30115079365079467,-41.923809523809524
2025-05-20,23.104166666666668,18.3,30.1,24,4.113126301369129,A607,2025,mai,140,mai,5,5,21,ter,0.04468253968254032,-46.923809523809524
2025-05-21,23.445833333333333,17.6,30.9,24,4.774750543601539,A607,2025,mai,141,mai,6,5,21,qua,0.38634920634920533,-45.923809523809524
2025-05-22,22.5,17.2,30.2,24,4.296813784148922,A607,2025,mai,142,mai,6,5,21,qui,-0.5594841269841275,-45.923809523809524
2025-05-23,23.095833333333335,20.4,28.2,24,2.5211245190548817,A607,2025,mai,143,mai,5,5,21,sex,0.036349206349207464,-46.923809523809524
2025-05-27,23.083333333333332,20.7,28.4,24,2.5829990433546457,A607,2025,mai,147,mai,1,5,22,ter,0.02384920634920462,-50.923809523809524
2025-05-29,25.041666666666668,22.9,29.5,24,1.9600170067289384,A607,2025,mai,149,mai,4,5,22,qui,1.9821825396825403,-47.923809523809524
2025-06-02,22.020833333333332,19.6,25.2,24,1.6199783054550227,A607,2025,jun,153,jun,3,6,23,seg,0.2602987421383638,-33.68867924528302
2025-06-03,21.841666666666665,20,24.5,24,1.5219885923890226,A607,2025,jun,154,jun,1,6,23,ter,0.08113207547169665,-35.68867924528302
2025-06-04,23.495833333333337,18.9,30.4,24,4.224512234943628,A607,2025,jun,155,jun,22,6,23,qua,1.7352987421383688,-14.68867924528302
2025-06-05,24.3,19.3,32.2,24,4.807421798409839,A607,2025,jun,156,jun,1,6,23,qui,2.5394654088050324,-35.68867924528302
2025-06-06,23.641666666666666,19.4,29,24,2.8880438191705604,A607,2025,jun,157,jun,5,6,23,sex,1.8811320754716974,-31.68867924528302
2025-06-09,21.429166666666667,20.2,23.6,24,0.9134165041999888,A607,2025,jun,160,jun,2,6,24,seg,-0.3313679245283012,-34.68867924528302
2025-06-11,20,17.2,24.3,24,2.300661530573515,A607,2025,jun,162,jun,3,6,24,qua,-1.7605345911949684,-33.68867924528302
2025-06-12,18.395833333333332,15.3,22.3,24,2.2330480566231454,A607,2025,jun,163,jun,2,6,24,qui,-3.364701257861636,-34.68867924528302
2025-06-13,17.925,14.1,23.8,24,3.321504373675854,A607,2025,jun,164,jun,2,6,24,sex,-3.8355345911949676,-34.68867924528302
2025-06-16,20.420833333333334,15.5,27.8,24,4.183090096283272,A607,2025,jun,167,jun,1,6,25,seg,-1.339701257861634,-35.68867924528302
2025-06-17,20.279166666666665,16.2,26.9,24,3.7198619851287225,A607,2025,jun,168,jun,2,6,25,ter,-1.4813679245283033,-34.68867924528302
2025-06-19,21.483333333333334,16.2,29.3,24,4.374000921121418,A607,2025,jun,170,jun,1,6,25,qui,-0.2772012578616341,-35.68867924528302
2025-06-20,21.566666666666663,16.1,28.9,24,4.242811482420862,A607,2025,jun,171,jun,2,6,25,sex,-0.19386792452830548,-34.68867924528302
2025-06-23,23.179166666666667,18.6,30.4,24,4.0020624212008995,A607,2025,jun,174,jun,1,6,26,seg,1.4186320754716988,-35.68867924528302
2025-06-24,22.716666666666665,19.3,29,24,2.9570353347592064,A607,2025,jun,175,jun,1,6,26,ter,0.9561320754716967,-35.68867924528302
2025-06-25,19.308333333333337,16.5,22.6,24,1.7898060780714344,A607,2025,jun,176,jun,1,6,26,qua,-2.4522012578616312,-35.68867924528302
2025-06-26,19.283333333333335,13.7,28.1,24,5.243519119219762,A607,2025,jun,177,jun,1,6,26,qui,-2.4772012578616334,-35.68867924528302
2025-06-27,22.741666666666667,17.7,31.7,24,4.9593930788096365,A607,2025,jun,178,jun,2,6,26,sex,0.9811320754716988,-34.68867924528302
2025-06-29,22.879166666666663,18.6,30.1,24,4.022218635731179,A607,2025,jun,180,jun,1,6,27,dom,1.1186320754716945,-35.68867924528302
2025-07-01,23.5,20.7,28.4,24,2.543021140639442,A607,2025,jul,182,jul,1,7,27,ter,2.2591977225672863,-21.438095238095237
2025-07-02,20.2,18.2,22.7,24,1.322711312944478,A607,2025,jul,183,jul,2,7,27,qua,-1.0408022774327144,-20.438095238095237
2025-07-05,17.4125,12.5,23.5,24,3.8872492230032183,A607,2025,jul,186,jul,2,7,27,sáb,-3.8283022774327122,-20.438095238095237
2025-07-06,17.7,12.9,23.4,24,3.6324623341055657,A607,2025,jul,187,jul,1,7,28,dom,-3.5408022774327144,-21.438095238095237
2025-07-07,18.529166666666665,12.9,25,24,4.151843924211807,A607,2025,jul,188,jul,2,7,28,seg,-2.7116356107660486,-20.438095238095237
2025-07-08,18.4375,13.6,24.4,24,3.825408474921338,A607,2025,jul,189,jul,2,7,28,ter,-2.8033022774327137,-20.438095238095237
2025-07-10,20.079166666666666,15.2,24.7,24,2.8966215953532255,A607,2025,jul,191,jul,3,7,28,qui,-1.161635610766048,-19.438095238095237
2025-07-11,21.275,19,24.3,24,1.9825872424468596,A607,2025,jul,192,jul,1,7,28,sex,0.03419772256728493,-21.438095238095237
2025-07-13,18.3375,13.4,24.1,24,3.6821322390819913,A607,2025,jul,194,jul,1,7,29,dom,-2.903302277432715,-21.438095238095237
2025-07-14,18.575,13.6,26,24,4.144168244024681,A607,2025,jul,195,jul,4,7,29,seg,-2.6658022774327144,-18.438095238095237
2025-07-15,19.4875,13.7,27.2,24,4.256893386537631,A607,2025,jul,196,jul,2,7,29,ter,-1.753302277432713,-20.438095238095237
2025-07-17,19.791666666666668,14.5,27.7,24,4.350004164582381,A607,2025,jul,198,jul,2,7,29,qui,-1.4491356107660458,-20.438095238095237
2025-07-18,21.520833333333332,16.1,29.4,24,5.042944202733564,A607,2025,jul,199,jul,1,7,29,sex,0.2800310559006185,-21.438095238095237
2025-07-21,20.420833333333334,16.9,26.2,24,3.1901995530696503,A607,2025,jul,202,jul,2,7,30,seg,-0.8199689440993794,-20.438095238095237
2025-07-22,21.554166666666667,16.3,29.9,24,4.369556655121757,A607,2025,jul,203,jul,1,7,30,ter,0.3133643892339535,-21.438095238095237
2025-07-24,20.304166666666667,16.8,24.9,24,2.511794641056585,A607,2025,jul,205,jul,1,7,30,qui,-0.9366356107660465,-21.438095238095237
2025-07-28,22.841666666666665,18.4,30.2,24,3.9117344831502385,A607,2025,jul,209,jul,1,7,31,seg,1.6008643892339514,-21.438095238095237
2025-07-29,22.7,18.1,26.6,24,2.257932875345327,A607,2025,jul,210,jul,1,7,31,ter,1.4591977225672856,-21.438095238095237
2025-07-30,19.225,16.1,24.4,24,2.6215246144844464,A607,2025,jul,211,jul,1,7,31,qua,-2.0158022774327122,-21.438095238095237
2025-08-01,17.704166666666666,12.9,23.4,24,3.8471309656244697,A607,2025,ago,213,ago,16,8,31,sex,-3.9244175627240168,-3.78494623655914
2025-08-04,21.391666666666666,15.6,29.1,24,4.330871653069659,A607,2025,ago,216,ago,4,8,32,seg,-0.23691756272401676,-15.78494623655914
2025-08-05,20.3625,16.8,24.1,24,2.058030400755728,A607,2025,ago,217,ago,2,8,32,ter,-1.2660842293906818,-17.78494623655914
2025-08-11,18.616666666666667,14.4,23.6,24,3.0162843059785915,A607,2025,ago,223,ago,2,8,33,seg,-3.0119175627240153,-17.78494623655914
2025-08-18,20.7125,18,24.2,24,1.8783231420836397,A607,2025,ago,230,ago,1,8,34,seg,-0.9160842293906839,-18.78494623655914
2025-08-20,20.6375,15.5,28.3,24,4.4231419582247975,A607,2025,ago,232,ago,5,8,34,qua,-0.9910842293906832,-14.78494623655914
2025-08-29,22.633333333333333,18.4,27.2,24,2.6718608833002784,A607,2025,ago,241,ago,2,8,35,sex,1.0047491039426504,-17.78494623655914
2025-09-01,21.625,19.7,24.9,24,1.5537472235800165,A607,2025,set,244,set,10,9,36,seg,-1.6288977405707072,-2.836956521739131
2025-09-03,20.191666666666663,15.4,25.1,24,3.290158799744509,A607,2025,set,246,set,1,9,36,qua,-3.0622310739040444,-11.83695652173913
2025-09-05,22.433333333333337,17,29,24,3.976197294845445,A607,2025,set,248,set,1,9,36,sex,-0.8205644072373701,-11.83695652173913
2025-09-09,24.116666666666667,19.8,32.2,24,4.208445614802884,A607,2025,set,252,set,5,9,37,ter,0.8627689260959599,-7.836956521739131
2025-09-10,23.1375,20.1,27.6,24,1.9870914947972709,A607,2025,set,253,set,1,9,37,qua,-0.11639774057070795,-11.83695652173913
2025-09-11,22.725,19.9,27.3,24,2.5023901617731656,A607,2025,set,254,set,1,9,37,qui,-0.5288977405707058,-11.83695652173913
2025-09-16,23.15,18.5,30.1,24,3.5057716386850837,A607,2025,set,259,set,7,9,38,ter,-0.10389774057070866,-5.836956521739131
2025-09-17,23.320833333333333,20.7,27,24,1.991717451296017,A607,2025,set,260,set,2,9,38,qua,0.06693559276262562,-10.83695652173913
2025-09-18,22.15714285714286,19,27.8,21,2.7882918478113856,A607,2025,set,261,set,1,9,38,qui,-1.0967548834278489,-11.83695652173913
2025-09-24,21.095833333333335,19.5,23.7,24,1.3591810727073113,A607,2025,set,267,set,2,9,39,qua,-2.1580644072373723,-10.83695652173913
2025-09-25,18.716666666666665,17.5,20.7,24,0.9356079942158358,A607,2025,set,268,set,1,9,39,qui,-4.537231073904042,-11.83695652173913
2025-09-26,19.079166666666666,15.6,23.7,24,2.699755088194461,A607,2025,set,269,set,1,9,39,sex,-4.1747310739040415,-11.83695652173913
2025-09-30,22.133333333333333,17.5,26.5,24,2.901373987353708,A607,2025,set,273,set,3,9,40,ter,-1.1205644072373744,-9.83695652173913
2025-10-02,22.916666666666668,20.1,27.3,24,2.454395642722357,A607,2025,out,275,out,9,10,40,qui,-1.0842912950381383,-0.5376344086021501
2025-10-03,22.34583333333333,18.8,26.2,24,2.463292100221671,A607,2025,out,276,out,3,10,40,sex,-1.6551246283714747,-6.53763440860215
2025-10-06,24.2625,19.3,30.3,24,3.4882177459955477,A607,2025,out,279,out,2,10,41,seg,0.2615420382951932,-7.53763440860215
2025-10-07,25.208333333333332,20.4,33.6,24,4.307315987304943,A607,2025,out,280,out,2,10,41,ter,1.207375371628526,-7.53763440860215
2025-10-08,23.329166666666666,19.7,26.4,24,1.9073038486341112,A607,2025,out,281,out,1,10,41,qua,-0.6717912950381404,-8.53763440860215
2025-10-10,21.458333333333332,19.3,25.2,24,1.939277468917039,A607,2025,out,283,out,5,10,41,sex,-2.542624628371474,-4.53763440860215
2025-10-13,24.304166666666667,21.6,27.9,24,2.0720666362179414,A607,2025,out,286,out,3,10,42,seg,0.30320870496186103,-6.53763440860215
2025-10-14,24.5625,22.8,28.8,24,1.8513948912855571,A607,2025,out,287,out,1,10,42,ter,0.5615420382951939,-8.53763440860215
2025-10-17,25.191666666666663,21.9,30.9,24,2.9886621504069946,A607,2025,out,290,out,1,10,42,sex,1.1907087049618568,-8.53763440860215
2025-10-20,19.108333333333334,16.5,23.4,24,2.1817258160071087,A607,2025,out,293,out,4,10,43,seg,-4.892624628371472,-5.53763440860215
2025-10-22,18.970833333333335,15.3,23.2,24,2.593885647753807,A607,2025,out,295,out,2,10,43,qua,-5.030124628371471,-7.53763440860215
2025-10-23,20.220833333333335,15.9,25.8,24,3.1147585804509395,A607,2025,out,296,out,1,10,43,qui,-3.780124628371471,-8.53763440860215
2025-10-28,24.616666666666667,20.7,30.3,24,3.1250275361105664,A607,2025,out,301,out,2,10,44,ter,0.615708704961861,-7.53763440860215
2025-10-29,25.604166666666668,21.1,32.9,24,3.4403588243931345,A607,2025,out,302,out,4,10,44,qua,1.6032087049618617,-5.53763440860215
2025-10-30,23.604166666666668,19.7,28,24,2.400449082380513,A607,2025,out,303,out,1,10,44,qui,-0.39679129503813826,-8.53763440860215
2025-10-31,21.095833333333335,19.4,24.1,24,1.5875820188786047,A607,2025,out,304,out,1,10,44,sex,-2.905124628371471,-8.53763440860215
2025-11-03,25.6625,22.7,31.7,24,3.0322631094971606,A607,2025,nov,307,nov,14,11,45,seg,1.253559325135413,1.3111111111111118
2025-11-04,24.729166666666668,22.5,29.9,24,2.560821737453525,A607,2025,nov,308,nov,2,11,45,ter,0.32022599180207934,-10.688888888888888
2025-11-07,21.070833333333333,18.9,22.5,24,1.1929062671974024,A607,2025,nov,311,nov,1,11,45,sex,-3.3381073415312557,-11.688888888888888
2025-11-11,21.379166666666663,16.8,25.9,24,3.009258057723035,A607,2025,nov,315,nov,1,11,46,ter,-3.0297740081979256,-11.688888888888888
2025-11-12,21.4875,15.3,27.1,24,4.150150599677077,A607,2025,nov,316,nov,2,11,46,qua,-2.921440674864588,-10.688888888888888
2025-11-13,23.129166666666663,16.8,29.8,24,4.163451658197189,A607,2025,nov,317,nov,1,11,46,qui,-1.2797740081979256,-11.688888888888888
2025-11-14,24.695833333333333,18.8,31.7,24,4.148596322766938,A607,2025,nov,318,nov,2,11,46,sex,0.28689265846874434,-10.688888888888888
2025-11-18,27.829166666666666,23.4,34.9,24,3.9416923276426714,A607,2025,nov,322,nov,3,11,47,ter,3.420225991802077,-9.688888888888888
2025-11-19,25.575,22.3,30,24,2.3594859425399166,A607,2025,nov,323,nov,1,11,47,qua,1.1660593251354108,-11.688888888888888
2025-11-21,22.175,16.7,27.8,24,3.8124795081416503,A607,2025,nov,325,nov,6,11,47,sex,-2.233940674864588,-6.688888888888888
2025-11-22,25.116666666666667,19.3,34.2,24,5.292050368377958,A607,2025,nov,326,nov,1,11,47,sáb,0.7077259918020786,-11.688888888888888
2025-11-23,24.941666666666663,22,30.3,24,2.8729498045928588,A607,2025,nov,327,nov,1,11,48,dom,0.5327259918020744,-11.688888888888888
2025-11-24,22.354166666666668,21,25.3,24,1.3928323244590397,A607,2025,nov,328,nov,3,11,48,seg,-2.0547740081979207,-9.688888888888888
2025-11-25,24.0875,20,31.3,24,3.776622887552133,A607,2025,nov,329,nov,4,11,48,ter,-0.32144067486458994,-8.688888888888888
2025-11-26,23.154166666666665,19.5,27.2,24,2.418583697424854,A607,2025,nov,330,nov,1,11,48,qua,-1.2547740081979235,-11.688888888888888
2025-11-28,24.0125,20.5,28.4,24,2.522819764711184,A607,2025,nov,332,nov,1,11,48,sex,-0.3964406748645892,-11.688888888888888
2025-12-01,24.991666666666667,19.8,30.7,24,3.7287271014518417,A607,2025,dez,335,dez,10,12,49,seg,-0.7254661138275829,-2.117021276595745
2025-12-03,24.958333333333332,22.3,31.4,24,2.810062147953728,A607,2025,dez,337,dez,2,12,49,qua,-0.7587994471609179,-10.117021276595745
2025-12-06,23.770833333333332,19.9,28,24,2.744239685099566,A607,2025,dez,340,dez,1,12,49,sáb,-1.9462994471609179,-11.117021276595745
2025-12-08,27.3375,23.5,34.2,24,3.503887592499161,A607,2025,dez,342,dez,2,12,50,seg,1.6203672195057486,-10.117021276595745
2025-12-09,26.575,22.9,31.9,24,3.144664217921885,A607,2025,dez,343,dez,1,12,50,ter,0.8578672195057493,-11.117021276595745
2025-12-11,28.975,24,36,24,4.396663754929759,A607,2025,dez,345,dez,3,12,50,qui,3.2578672195057514,-9.117021276595745
2025-12-12,26.8375,21.1,34.5,24,4.2452851084672645,A607,2025,dez,346,dez,2,12,50,sex,1.1203672195057486,-10.117021276595745
2025-12-15,27.270833333333332,24,33.5,24,3.061326675559594,A607,2025,dez,349,dez,1,12,51,seg,1.5537005528390821,-11.117021276595745
2025-12-16,27.5625,24.5,34.5,24,3.181169117875021,A607,2025,dez,350,dez,5,12,51,ter,1.84536721950575,-7.117021276595745
2025-12-17,23.225,21.4,26.2,24,1.6030541502693072,A607,2025,dez,351,dez,1,12,51,qua,-2.4921327804942486,-11.117021276595745
2025-12-18,22.025,19.9,25.2,24,1.743621917533829,A607,2025,dez,352,dez,2,12,51,qui,-3.6921327804942514,-10.117021276595745
2025-12-22,25.078260869565216,22.1,29.1,23,2.7162736041293996,A607,2025,dez,356,dez,2,12,52,seg,-0.6388719109290335,-10.117021276595745
2025-12-26,26.90416666666667,21.4,33.6,24,4.323794545924023,A607,2025,dez,360,dez,2,12,52,sex,1.1870338861724186,-10.117021276595745
2025-12-29,27.979166666666668,21.2,36.5,24,5.403620297433988,A607,2025,dez,363,dez,2,12,53,seg,2.262033886172418,-10.117021276595745
2025-12-30,27.52916666666667,23.2,35.5,24,4.051782127138267,A607,2025,dez,364,dez,2,12,53,ter,1.8120338861724186,-10.117021276595745
