date,temp_media,temp_min,temp_max,n_obs,temp_sd,estacoes,ano,mes,dia_ano,mes_nome,casos,mes_num,semana_epi,dia_semana
2020-01-08,27.954166666666666,24,35.1,24,4.0545175198586305,A607,2020,jan,8,jan,1,1,2,qua
2020-01-09,27.483333333333334,23.6,33.9,24,3.568542104784976,A607,2020,jan,9,jan,0,1,2,qui
2020-01-10,27.879166666666663,23.4,34.5,24,3.9480296865394897,A607,2020,jan,10,jan,2,1,2,sex
2020-01-11,28.345833333333335,22.5,36.2,24,4.9145727548098055,A607,2020,jan,11,jan,0,1,2,sáb
2020-01-12,28.4375,23.6,34.7,24,4.0550357849704985,A607,2020,jan,12,jan,0,1,3,dom
2020-01-13,27.166666666666668,25.1,30.5,24,1.7137973769601125,A607,2020,jan,13,jan,0,1,3,seg
2020-01-14,25.4125,23.4,28.1,24,1.6254263654700627,A607,2020,jan,14,jan,0,1,3,ter
2020-01-15,25.195833333333333,21,29.9,24,3.3084186642520037,A607,2020,jan,15,jan,0,1,3,qua
2020-01-16,27.641666666666666,22.2,35,24,4.650564871409537,A607,2020,jan,16,jan,0,1,3,qui
2020-01-17,26.5375,22.5,30.7,24,2.006687189937901,A607,2020,jan,17,jan,0,1,3,sex
2020-01-18,24.0625,21.7,27.5,24,1.989496877626843,A607,2020,jan,18,jan,0,1,3,sáb
2020-01-19,24.7375,22.1,27.9,24,2.199765303686815,A607,2020,jan,19,jan,0,1,4,dom
2020-01-20,22.675,21.1,26,24,1.4812597458861188,A607,2020,jan,20,jan,0,1,4,seg
2020-01-21,23.6,21.6,26.1,24,1.655031853102111,A607,2020,jan,21,jan,0,1,4,ter
2020-01-22,24.833333333333332,20.1,30.2,24,3.541636402257733,A607,2020,jan,22,jan,0,1,4,qua
2020-01-23,24.479166666666668,21.2,29.6,24,2.5978216906154055,A607,2020,jan,23,jan,0,1,4,qui
2020-01-24,22.4,21,24.6,24,1.205783166028727,A607,2020,jan,24,jan,0,1,4,sex
2020-01-25,23.116666666666667,22.3,24.7,24,0.706286471419455,A607,2020,jan,25,jan,0,1,4,sáb
2020-01-26,24.404166666666665,21.2,28.3,24,2.654852680210936,A607,2020,jan,26,jan,0,1,5,dom
2020-01-27,24.975,22.2,29.2,24,2.307313514062169,A607,2020,jan,27,jan,0,1,5,seg
2020-01-28,27.645833333333332,23,34.6,24,4.280489525709664,A607,2020,jan,28,jan,1,1,5,ter
2020-01-29,28.583333333333332,24.3,34.6,24,3.6302672876401463,A607,2020,jan,29,jan,0,1,5,qua
2020-01-30,28.154166666666665,24.1,34.8,24,3.658578860071533,A607,2020,jan,30,jan,0,1,5,qui
2020-01-31,28.225,24.5,35.1,24,3.629977841590053,A607,2020,jan,31,jan,0,1,5,sex
2020-02-01,28.683333333333337,24.2,36.5,24,4.249057866589156,A607,2020,fev,32,fev,0,2,5,sáb
2020-02-02,27.858333333333334,24.6,32.5,24,2.724273603488949,A607,2020,fev,33,fev,0,2,6,dom
2020-02-03,27.4625,24.5,31.7,24,2.7558337332316314,A607,2020,fev,34,fev,0,2,6,seg
2020-02-04,27.15833333333333,23.3,33.3,24,2.988080184400311,A607,2020,fev,35,fev,0,2,6,ter
2020-02-05,27.179166666666667,24.6,32.2,24,2.432386404991692,A607,2020,fev,36,fev,0,2,6,qua
2020-02-06,26.5,24.6,29.3,24,1.520583412063764,A607,2020,fev,37,fev,0,2,6,qui
2020-02-07,25.033333333333335,22.9,27.1,24,1.2260458416377025,A607,2020,fev,38,fev,0,2,6,sex
2020-02-08,25.920833333333334,23,30.4,24,2.572087490341457,A607,2020,fev,39,fev,0,2,6,sáb
2020-02-09,27.795833333333334,22.9,35.1,24,4.591625568610625,A607,2020,fev,40,fev,0,2,7,dom
2020-02-10,28.295833333333334,24.8,34.9,24,3.39827055332903,A607,2020,fev,41,fev,0,2,7,seg
2020-02-11,23.8125,22.1,25.6,24,0.9340479924361024,A607,2020,fev,42,fev,0,2,7,ter
2020-02-12,23.375,22,25.7,24,1.3309852512820848,A607,2020,fev,43,fev,0,2,7,qua
2020-02-13,22.8125,21.4,25.7,24,1.2386221306793672,A607,2020,fev,44,fev,1,2,7,qui
2020-02-14,25.383333333333333,21.2,32.4,24,3.7685964019220353,A607,2020,fev,45,fev,0,2,7,sex
2020-02-15,26.679166666666667,22.3,32.4,24,3.2822287187700434,A607,2020,fev,46,fev,0,2,7,sáb
2020-02-16,27.479166666666668,23.7,31.9,24,2.5629431394847377,A607,2020,fev,47,fev,0,2,8,dom
2020-02-17,27.15,24.2,31.4,24,2.3774301068682293,A607,2020,fev,48,fev,0,2,8,seg
2020-02-18,27.120833333333337,22.8,31.5,24,2.9771563857022247,A607,2020,fev,49,fev,0,2,8,ter
2020-02-19,27.233333333333334,22.4,33.1,24,3.2854973373331453,A607,2020,fev,50,fev,0,2,8,qua
2020-02-20,27.6375,22.9,34.1,24,3.6920375545689983,A607,2020,fev,51,fev,0,2,8,qui
2020-02-21,28.09166666666667,23.4,35.6,24,4.09781666857796,A607,2020,fev,52,fev,0,2,8,sex
2020-02-22,25.291666666666668,21.5,29.3,24,2.088876683076684,A607,2020,fev,53,fev,0,2,8,sáb
2020-02-23,23.40416666666667,20.7,26.8,24,1.96656380227182,A607,2020,fev,54,fev,0,2,9,dom
2020-02-24,23.475,21.1,26.4,24,1.700958808897269,A607,2020,fev,55,fev,0,2,9,seg
2020-02-25,25.079166666666666,22.2,28.9,24,2.442553753877222,A607,2020,fev,56,fev,0,2,9,ter
2020-02-26,27.0375,24,34,24,3.2083874454311156,A607,2020,fev,57,fev,0,2,9,qua
2020-02-27,25.85,23.2,29.1,24,1.5056415648284724,A607,2020,fev,58,fev,0,2,9,qui
2020-02-28,22.208333333333332,21,24.1,24,0.9645529113742698,A607,2020,fev,59,fev,0,2,9,sex
2020-02-29,23.4875,21.6,26,24,1.6679361107564092,A607,2020,fev,60,fev,0,2,9,sáb
2020-03-01,24.041666666666668,20.7,30.3,24,2.422344654087937,A607,2020,mar,61,mar,0,3,10,dom
2020-03-02,21.666666666666668,20.6,23,24,0.7916228058025279,A607,2020,mar,62,mar,0,3,10,seg
2020-03-03,24.283333333333335,21.6,28.7,24,2.6285500494224645,A607,2020,mar,63,mar,0,3,10,ter
2020-03-04,23.320833333333333,22,25.6,24,1.1405487491884612,A607,2020,mar,64,mar,0,3,10,qua
2020-03-05,24.0125,21.2,27.5,24,2.2901134393774885,A607,2020,mar,65,mar,0,3,10,qui
2020-03-06,23.4625,20.1,27.8,24,2.2276547425877986,A607,2020,mar,66,mar,0,3,10,sex
2020-03-07,23.933333333333337,21.4,28.4,24,2.303620339089466,A607,2020,mar,67,mar,0,3,10,sáb
2020-03-08,24.09583333333333,20,30.1,24,3.2746030846987915,A607,2020,mar,68,mar,0,3,11,dom
2020-03-09,25.1125,21.1,30.2,24,3.3873566069442256,A607,2020,mar,69,mar,0,3,11,seg
2020-03-10,25.308333333333337,21.6,28.9,24,2.4876943518860584,A607,2020,mar,70,mar,0,3,11,ter
2020-03-11,25.291666666666668,21.2,29.8,24,2.939375364976696,A607,2020,mar,71,mar,0,3,11,qua
2020-03-12,24.1,20.8,28.9,24,2.520524445082981,A607,2020,mar,72,mar,0,3,11,qui
2020-03-13,25.479166666666668,22.7,29.8,24,2.4363156728903204,A607,2020,mar,73,mar,0,3,11,sex
2020-03-14,26.491666666666667,23.2,30.9,24,2.633053553289935,A607,2020,mar,74,mar,0,3,11,sáb
2020-03-15,26.829166666666666,23,31.3,24,2.8081371152368995,A607,2020,mar,75,mar,0,3,12,dom
2020-03-16,27.029166666666665,23.1,32.7,24,3.2623649952632277,A607,2020,mar,76,mar,0,3,12,seg
2020-03-17,26.5875,22.9,33.2,24,3.0836613613210435,A607,2020,mar,77,mar,0,3,12,ter
2020-03-18,25.9875,22.4,31,24,3.114107102120648,A607,2020,mar,78,mar,0,3,12,qua
2020-03-19,26.59166666666667,22.5,32.7,24,3.694639673749063,A607,2020,mar,79,mar,0,3,12,qui
2020-03-20,28.1375,24.4,34.5,24,3.944485694143706,A607,2020,mar,80,mar,0,3,12,sex
2020-03-21,25.016666666666666,22.6,29.1,24,1.7795130420052183,A607,2020,mar,81,mar,0,3,12,sáb
2020-03-22,24.483333333333334,22.9,27.4,24,1.6147867450174522,A607,2020,mar,82,mar,0,3,13,dom
2020-03-23,23.933333333333337,20.4,28,24,2.8120341804259885,A607,2020,mar,83,mar,0,3,13,seg
2020-03-24,22.96666666666667,19.5,26.6,24,2.5287334287392156,A607,2020,mar,84,mar,0,3,13,ter
2020-03-25,22.916666666666668,17.9,29.5,24,3.9058113521828703,A607,2020,mar,85,mar,0,3,13,qua
2020-03-26,22.8125,18.6,27.3,24,2.945049272489563,A607,2020,mar,86,mar,0,3,13,qui
2020-03-27,24.0125,18.9,29.7,24,3.6385989300708927,A607,2020,mar,87,mar,0,3,13,sex
2020-03-28,24.333333333333332,19.9,29.6,24,3.5937949745137905,A607,2020,mar,88,mar,0,3,13,sáb
2020-03-29,25.858333333333334,21.5,31.4,24,3.53072435808201,A607,2020,mar,89,mar,0,3,14,dom
2020-03-30,25.808333333333337,22.8,29.2,24,2.27116454837537,A607,2020,mar,90,mar,0,3,14,seg
2020-03-31,24.879166666666663,22.9,27.9,24,1.7174245548056182,A607,2020,mar,91,mar,0,3,14,ter
2020-04-01,24.408333333333335,22.6,26.7,24,1.2025034273354993,A607,2020,abr,92,abr,0,4,14,qua
2020-04-02,25.7375,22.7,31,24,2.8677839497787656,A607,2020,abr,93,abr,0,4,14,qui
2020-04-03,27.383333333333333,24,34.2,24,3.628949622455352,A607,2020,abr,94,abr,0,4,14,sex
2020-04-04,24.85,21.2,29.6,24,2.577494570483043,A607,2020,abr,95,abr,0,4,14,sáb
2020-04-05,24.004166666666663,21,27.7,24,2.062181024961229,A607,2020,abr,96,abr,0,4,15,dom
2020-04-06,24.65416666666667,21.6,29.1,24,2.565147536508957,A607,2020,abr,97,abr,1,4,15,seg
2020-04-07,25.9,21.6,32.9,24,3.976452428112711,A607,2020,abr,98,abr,0,4,15,ter
2020-04-08,22.483333333333334,20.3,24.9,24,1.0704191241982155,A607,2020,abr,99,abr,0,4,15,qua
2020-04-09,22.3,20.4,25.8,24,1.8141952342088457,A607,2020,abr,100,abr,0,4,15,qui
2020-04-10,23.175,20.4,26.6,24,2.0428560569862033,A607,2020,abr,101,abr,1,4,15,sex
2020-04-11,22.354166666666668,20.4,26.4,24,2.021617769460167,A607,2020,abr,102,abr,0,4,15,sáb
2020-04-12,21.645833333333332,19.7,24.3,24,1.6399838723137723,A607,2020,abr,103,abr,0,4,16,dom
2020-04-13,22.908333333333335,19.3,27.1,24,2.319467080221637,A607,2020,abr,104,abr,0,4,16,seg
2020-04-14,23.683333333333337,20,27.7,24,2.6624060165762566,A607,2020,abr,105,abr,0,4,16,ter
2020-04-15,25.3875,20.4,31.5,24,3.838966403015044,A607,2020,abr,106,abr,0,4,16,qua
2020-04-16,24.104166666666668,21.6,27.3,24,1.676040667418479,A607,2020,abr,107,abr,0,4,16,qui
2020-04-17,23.333333333333336,22,25.1,24,1.0050596636698896,A607,2020,abr,108,abr,0,4,16,sex
2020-04-18,23.320833333333333,21.2,26,24,1.6164854970951148,A607,2020,abr,109,abr,0,4,16,sáb
2020-04-19,22.579166666666666,18.7,27,24,2.7596438281001077,A607,2020,abr,110,abr,0,4,17,dom
2020-04-20,22.695833333333333,19.5,27.3,24,2.7195714442867116,A607,2020,abr,111,abr,0,4,17,seg
2020-04-21,23.045833333333334,17.7,28.9,24,3.794387063598783,A607,2020,abr,112,abr,0,4,17,ter
2020-04-22,22.9625,17.9,28.9,24,3.779672461079594,A607,2020,abr,113,abr,0,4,17,qua
2020-04-23,23.125,18.6,29.4,24,3.498477929912801,A607,2020,abr,114,abr,0,4,17,qui
2020-04-24,22.820833333333333,18.5,27.9,24,3.298218117957511,A607,2020,abr,115,abr,0,4,17,sex
2020-04-25,22.033333333333335,17.1,28.3,24,3.947114154027919,A607,2020,abr,116,abr,0,4,17,sáb
2020-04-26,23.1875,18.6,29.4,24,3.574585716342281,A607,2020,abr,117,abr,0,4,18,dom
2020-04-27,22.95,18.2,28.8,24,3.4546754708214853,A607,2020,abr,118,abr,0,4,18,seg
2020-04-28,22.27916666666667,17.7,28.5,24,3.850463457894349,A607,2020,abr,119,abr,0,4,18,ter
2020-04-29,21.958333333333332,18.8,26.7,24,2.747792262679364,A607,2020,abr,120,abr,0,4,18,qua
2020-04-30,24.275,20.1,30.9,24,4.144378067360336,A607,2020,abr,121,abr,0,4,18,qui
2020-05-01,23.7875,18,30.8,24,4.40595570247522,A607,2020,mai,122,mai,0,5,18,sex
2020-05-02,24.920833333333334,19.9,31.2,24,4.05215768252643,A607,2020,mai,123,mai,0,5,18,sáb
2020-05-03,21.675,19.4,24.2,24,1.6336808266850231,A607,2020,mai,124,mai,0,5,19,dom
2020-05-04,20.9125,15.4,26.8,24,3.804266769322824,A607,2020,mai,125,mai,0,5,19,seg
2020-05-05,21.96666666666667,17.4,27.8,24,4.102349980476903,A607,2020,mai,126,mai,0,5,19,ter
2020-05-06,24.4375,19.6,31.4,24,4.488227354157619,A607,2020,mai,127,mai,0,5,19,qua
2020-05-07,20.379166666666663,17.8,24,24,1.7978197343175006,A607,2020,mai,128,mai,0,5,19,qui
2020-05-08,20.71666666666667,18,25.1,24,2.665833203084294,A607,2020,mai,129,mai,0,5,19,sex
2020-05-09,20.158333333333335,15.3,25.3,24,3.2069105635048256,A607,2020,mai,130,mai,0,5,19,sáb
2020-05-10,19.870833333333337,14.8,26.5,24,4.274034766869099,A607,2020,mai,131,mai,0,5,20,dom
2020-05-11,21.375,16.2,28.1,24,3.831250221646919,A607,2020,mai,132,mai,0,5,20,seg
2020-05-12,22.125,16.8,29.6,24,4.235486728356843,A607,2020,mai,133,mai,0,5,20,ter
2020-05-13,22.583333333333332,17.9,29.5,24,4.110502631559548,A607,2020,mai,134,mai,0,5,20,qua
2020-05-14,23.9625,19.1,31.6,24,4.063069358095632,A607,2020,mai,135,mai,0,5,20,qui
2020-05-15,20.8125,18.6,22.7,24,1.1692853633179392,A607,2020,mai,136,mai,0,5,20,sex
2020-05-16,20.1375,18.5,22.5,24,1.5330596006452042,A607,2020,mai,137,mai,0,5,20,sáb
2020-05-17,21.958333333333332,17.8,28.3,24,3.0471535779373236,A607,2020,mai,138,mai,0,5,21,dom
2020-05-18,22.308333333333337,17.1,29.5,24,3.916177891179398,A607,2020,mai,139,mai,0,5,21,seg
2020-05-19,22.716666666666665,19.9,26.5,24,2.1654734730120433,A607,2020,mai,140,mai,0,5,21,ter
2020-05-20,21.25,18.1,25.7,24,2.803569153775237,A607,2020,mai,141,mai,0,5,21,qua
2020-05-21,21.78333333333333,17.3,27,24,3.2252626002512894,A607,2020,mai,142,mai,0,5,21,qui
2020-05-22,22.333333333333332,17.5,29.3,24,3.9492064878982935,A607,2020,mai,143,mai,0,5,21,sex
2020-05-23,23.983333333333334,19.3,31.1,24,4.083334812185476,A607,2020,mai,144,mai,0,5,21,sáb
2020-05-24,23.7,20.2,28.1,24,2.441667284958126,A607,2020,mai,145,mai,0,5,22,dom
2020-05-25,20.816666666666663,18.3,25.4,24,2.1068556143481074,A607,2020,mai,146,mai,0,5,22,seg
2020-05-26,22.054166666666667,17.2,26.4,24,2.6994329785710742,A607,2020,mai,147,mai,0,5,22,ter
2020-05-27,19.05,13.3,26.1,24,4.4503053143918505,A607,2020,mai,148,mai,0,5,22,qua
2020-05-28,18.604166666666668,12.8,24,24,3.556925781414725,A607,2020,mai,149,mai,0,5,22,qui
2020-05-29,19.316666666666663,14.4,25.8,24,4.028341623035968,A607,2020,mai,150,mai,0,5,22,sex
2020-05-30,19.766666666666666,15.3,26.8,24,4.261319112635212,A607,2020,mai,151,mai,0,5,22,sáb
2020-05-31,21.15416666666667,16.3,27.8,24,4.198341201067358,A607,2020,mai,152,mai,0,5,23,dom
2020-06-01,20.7875,15.1,28.3,24,4.711439593529589,A607,2020,jun,153,jun,0,6,23,seg
2020-06-02,20.72083333333333,14.1,29,24,5.164088300079163,A607,2020,jun,154,jun,0,6,23,ter
2020-06-03,21.1625,15.6,28.2,24,4.35698464736695,A607,2020,jun,155,jun,0,6,23,qua
2020-06-04,21.758333333333333,17.3,27.1,24,2.889097446949655,A607,2020,jun,156,jun,0,6,23,qui
2020-06-05,20.879166666666663,18.7,23.1,24,1.339038969678941,A607,2020,jun,157,jun,0,6,23,sex
2020-06-06,21.625,17.7,28.7,24,3.720244265005236,A607,2020,jun,158,jun,0,6,23,sáb
2020-06-07,22.179166666666667,18.4,28.6,24,3.201355577912564,A607,2020,jun,159,jun,0,6,24,dom
2020-06-08,22.229166666666668,17.1,29.2,24,3.6262903750331374,A607,2020,jun,160,jun,0,6,24,seg
2020-06-09,23.304166666666667,19,30.6,24,3.666235976022828,A607,2020,jun,161,jun,0,6,24,ter
2020-06-10,23.916666666666668,19.7,31.3,24,4.238197593385626,A607,2020,jun,162,jun,0,6,24,qua
2020-06-11,24.45,19.8,31.1,24,4.046469207034481,A607,2020,jun,163,jun,0,6,24,qui
2020-06-12,25.0625,20.4,32.7,24,4.575816629421131,A607,2020,jun,164,jun,0,6,24,sex
2020-06-13,23.783333333333335,19,32.5,24,4.677668191539982,A607,2020,jun,165,jun,0,6,24,sáb
2020-06-14,22.266666666666666,17.8,27.9,24,3.2755572598137923,A607,2020,jun,166,jun,0,6,25,dom
2020-06-15,22.28333333333333,21.5,23.5,24,0.6069644117256376,A607,2020,jun,167,jun,0,6,25,seg
2020-06-16,21.166666666666668,19.5,23.8,24,1.3470310885882286,A607,2020,jun,168,jun,0,6,25,ter
2020-06-17,20.729166666666668,17.8,24.7,24,2.3436276538115317,A607,2020,jun,169,jun,0,6,25,qua
2020-06-18,20.375,16.9,26.7,24,3.440329862849984,A607,2020,jun,170,jun,0,6,25,qui
2020-06-19,21.404166666666665,16.9,27.3,24,3.9166843971229888,A607,2020,jun,171,jun,0,6,25,sex
2020-06-20,23.620833333333337,19.5,30.8,24,3.8618512306323023,A607,2020,jun,172,jun,0,6,25,sáb
2020-06-21,23.475,19.8,29.6,24,3.450047258655528,A607,2020,jun,173,jun,0,6,26,dom
2020-06-22,23.28333333333333,18.7,31.5,24,4.750804661058612,A607,2020,jun,174,jun,0,6,26,seg
2020-06-23,20.016666666666666,14.6,27.5,24,4.52016416272363,A607,2020,jun,175,jun,0,6,26,ter
2020-06-24,20.316666666666663,14.3,28.3,24,4.775268411911219,A607,2020,jun,176,jun,0,6,26,qua
2020-06-25,20.691666666666663,14.8,28,24,4.804519309681401,A607,2020,jun,177,jun,0,6,26,qui
2020-06-26,22.179166666666667,17.2,29.7,24,4.507961957968673,A607,2020,jun,178,jun,1,6,26,sex
2020-06-27,22.40833333333333,17.7,29.2,24,3.8897766412534,A607,2020,jun,179,jun,0,6,26,sáb
2020-06-28,21.125,18.6,23.9,24,1.609550301765385,A607,2020,jun,180,jun,0,6,27,dom
2020-06-29,19.6875,18.1,23.4,24,1.5025521766242464,A607,2020,jun,181,jun,1,6,27,seg
2020-06-30,20.820833333333333,17.6,25.1,24,2.9466235897566126,A607,2020,jun,182,jun,0,6,27,ter
2020-07-01,23.445833333333333,18,29.4,24,4.059661494419869,A607,2020,jul,183,jul,0,7,27,qua
2020-07-02,21.520833333333332,19.1,24,24,1.408970998765524,A607,2020,jul,184,jul,0,7,27,qui
2020-07-03,19.820833333333333,17.7,22.4,24,1.5767272562430414,A607,2020,jul,185,jul,0,7,27,sex
2020-07-04,20.28333333333333,18.3,22.9,24,1.5859893816922543,A607,2020,jul,186,jul,0,7,27,sáb
2020-07-05,21.891666666666666,19.4,26.2,24,2.4847214289956416,A607,2020,jul,187,jul,0,7,28,dom
2020-07-06,22.4,17.6,30.5,24,4.874690625634838,A607,2020,jul,188,jul,0,7,28,seg
2020-07-07,21.625,17.3,28.4,24,3.4274150482606385,A607,2020,jul,189,jul,0,7,28,ter
2020-07-08,22.116666666666667,17.1,30.1,24,3.989406261442995,A607,2020,jul,190,jul,0,7,28,qua
2020-07-09,22.570833333333333,17.1,31.5,24,4.764860431065765,A607,2020,jul,191,jul,0,7,28,qui
2020-07-10,21.179166666666667,19.8,23.2,24,1.0274405374380624,A607,2020,jul,192,jul,0,7,28,sex
2020-07-11,20.0625,15.2,26.7,24,3.912723114905148,A607,2020,jul,193,jul,0,7,28,sáb
2020-07-12,21.733333333333334,15.9,30.2,24,4.709810913463481,A607,2020,jul,194,jul,0,7,29,dom
2020-07-13,23.65,17.1,32.2,24,5.44689780078293,A607,2020,jul,195,jul,0,7,29,seg
2020-07-14,21.879166666666663,18.3,26.2,24,2.7816134146221323,A607,2020,jul,196,jul,0,7,29,ter
2020-07-15,19.620833333333337,18.4,21.1,24,0.8667676919936844,A607,2020,jul,197,jul,0,7,29,qua
2020-07-16,19.6,17.6,22.6,24,1.8429654742100936,A607,2020,jul,198,jul,0,7,29,qui
2020-07-17,20.55,16.7,27.1,24,3.6098897971857937,A607,2020,jul,199,jul,0,7,29,sex
2020-07-18,20.7875,17.2,25.7,24,2.945344521074926,A607,2020,jul,200,jul,0,7,29,sáb
2020-07-19,19.929166666666667,15.4,25.5,24,3.608501937353513,A607,2020,jul,201,jul,0,7,30,dom
2020-07-20,21.320833333333333,17.5,28.4,24,3.779576600012536,A607,2020,jul,202,jul,0,7,30,seg
2020-07-21,21.845833333333335,17.1,29.3,24,3.8006840536096025,A607,2020,jul,203,jul,1,7,30,ter
2020-07-22,22.629166666666663,17.6,30.8,24,4.273627841487397,A607,2020,jul,204,jul,0,7,30,qua
2020-07-23,21.666666666666668,17.2,28,24,3.8236866647445016,A607,2020,jul,205,jul,0,7,30,qui
2020-07-24,20.8625,15.8,26.9,24,3.651064466581005,A607,2020,jul,206,jul,0,7,30,sex
2020-07-25,21.858333333333334,15.8,29.7,24,4.482130381149481,A607,2020,jul,207,jul,0,7,30,sáb
2020-07-26,21.458333333333332,16.6,27.5,24,3.5595452404542605,A607,2020,jul,208,jul,0,7,31,dom
2020-07-27,22.933333333333337,20.2,27.3,24,2.5463813483087123,A607,2020,jul,209,jul,0,7,31,seg
2020-07-28,22.370833333333337,17.3,29.9,24,4.168356903548725,A607,2020,jul,210,jul,0,7,31,ter
2020-07-29,22.304166666666667,17.7,28.9,24,3.658400596918854,A607,2020,jul,211,jul,0,7,31,qua
2020-07-30,20.620833333333337,18.3,23,24,1.3190837289793131,A607,2020,jul,212,jul,0,7,31,qui
2020-07-31,19.083333333333332,17,23.3,24,1.7218964940529629,A607,2020,jul,213,jul,0,7,31,sex
2020-08-01,19.820833333333333,16.2,24.4,24,2.701043142560114,A607,2020,ago,214,ago,0,8,31,sáb
2020-08-02,19.579166666666666,15,25.2,24,3.295184782925411,A607,2020,ago,215,ago,0,8,32,dom
2020-08-03,18.758333333333333,13.1,24.9,24,4.164228272015029,A607,2020,ago,216,ago,0,8,32,seg
2020-08-04,18.970833333333335,15,24.2,24,3.2595650772386215,A607,2020,ago,217,ago,0,8,32,ter
2020-08-05,18.9,13.4,24.8,24,4.204035328524044,A607,2020,ago,218,ago,0,8,32,qua
2020-08-06,19.829166666666666,14.8,25.1,24,3.256228702397735,A607,2020,ago,219,ago,0,8,32,qui
2020-08-07,20.2375,16.4,25.8,24,3.5789010336548355,A607,2020,ago,220,ago,0,8,32,sex
2020-08-08,20.554166666666667,16.2,27,24,3.8635396213572215,A607,2020,ago,221,ago,0,8,32,sáb
2020-08-09,20.666666666666668,15.5,26.9,24,3.958443553003988,A607,2020,ago,222,ago,0,8,33,dom
2020-08-10,20.96666666666667,15.3,28,24,4.118744708162245,A607,2020,ago,223,ago,0,8,33,seg
2020-08-11,22.34166666666667,16.8,29.2,24,4.062652449759422,A607,2020,ago,224,ago,0,8,33,ter
2020-08-12,23.266666666666666,18.6,29.7,24,3.649141252960479,A607,2020,ago,225,ago,0,8,33,qua
2020-08-13,23.84166666666667,19.4,30.4,24,3.3681263875215315,A607,2020,ago,226,ago,0,8,33,qui
2020-08-14,23.191666666666663,17.8,30.6,24,4.063294515395183,A607,2020,ago,227,ago,0,8,33,sex
2020-08-15,23.84166666666667,18.4,32.5,24,4.4411041191466625,A607,2020,ago,228,ago,0,8,33,sáb
2020-08-16,23.4875,19.2,30.2,24,3.48166782872307,A607,2020,ago,229,ago,0,8,34,dom
2020-08-17,23.958333333333332,19.5,31,24,3.908621091968331,A607,2020,ago,230,ago,0,8,34,seg
2020-08-18,23.8,20.2,29.9,24,2.878858469420913,A607,2020,ago,231,ago,0,8,34,ter
2020-08-19,24.616666666666667,19.1,32.4,24,4.194786273942687,A607,2020,ago,232,ago,0,8,34,qua
2020-08-20,22.941666666666663,20.9,26.1,24,1.5449543870195706,A607,2020,ago,233,ago,0,8,34,qui
2020-08-21,20.229166666666668,18.4,22.2,24,1.0840660844073664,A607,2020,ago,234,ago,0,8,34,sex
2020-08-22,17.1125,16.2,18.4,24,0.47941313761904675,A607,2020,ago,235,ago,0,8,34,sáb
2020-08-23,18.808333333333337,15.9,23.2,24,2.743992119817983,A607,2020,ago,236,ago,0,8,35,dom
2020-08-24,18.654166666666665,14.2,23.9,24,3.2528220746415504,A607,2020,ago,237,ago,0,8,35,seg
2020-08-25,19.2875,15.5,23.6,24,2.9807078966610248,A607,2020,ago,238,ago,0,8,35,ter
2020-08-26,20.358333333333334,16.9,25.3,24,2.750638924459847,A607,2020,ago,239,ago,0,8,35,qua
2020-08-27,21.433333333333337,18.1,25.7,24,2.611457475228639,A607,2020,ago,240,ago,0,8,35,qui
2020-08-28,21.695833333333333,18.1,26.9,24,3.079169730931385,A607,2020,ago,241,ago,0,8,35,sex
2020-08-29,23.141666666666666,18.5,29.3,24,3.195637878307766,A607,2020,ago,242,ago,0,8,35,sáb
2020-08-30,24.008333333333333,19,31.2,24,4.025237413107959,A607,2020,ago,243,ago,0,8,36,dom
2020-08-31,22.991666666666667,19.6,28,24,2.721399362966344,A607,2020,ago,244,ago,0,8,36,seg
2020-09-01,23.7875,20.5,28.5,24,2.564865027383634,A607,2020,set,245,set,0,9,36,ter
2020-09-02,23.083333333333332,20.7,27.5,24,2.4170889186332616,A607,2020,set,246,set,0,9,36,qua
2020-09-03,23.175,18.4,30.2,24,3.8476701024634776,A607,2020,set,247,set,0,9,36,qui
2020-09-04,23.954166666666666,18.3,32.7,24,4.704944592998775,A607,2020,set,248,set,0,9,36,sex
2020-09-05,23.1875,19.2,28.7,24,3.4579854024385734,A607,2020,set,249,set,0,9,36,sáb
2020-09-06,23.65833333333333,19.7,31.3,24,3.982779962775255,A607,2020,set,250,set,0,9,37,dom
2020-09-07,23.675,18.6,31.6,24,4.203337183507989,A607,2020,set,251,set,0,9,37,seg
2020-09-08,24.729166666666668,20.5,32.4,24,3.4685517798175307,A607,2020,set,252,set,0,9,37,ter
2020-09-09,24.03333333333333,21.4,28.7,24,2.6049562571086056,A607,2020,set,253,set,0,9,37,qua
2020-09-10,23.6375,18.9,29.5,24,3.223664199256061,A607,2020,set,254,set,0,9,37,qui
2020-09-11,24.429166666666667,19.3,31.5,24,4.262830164866148,A607,2020,set,255,set,0,9,37,sex
2020-09-12,24.141666666666666,19.8,30.6,24,3.39243617307766,A607,2020,set,256,set,0,9,37,sáb
2020-09-13,23.8375,18.2,29.8,24,3.4685935628649007,A607,2020,set,257,set,0,9,38,dom
2020-09-14,24.05,18.7,31.5,24,3.9617738670844207,A607,2020,set,258,set,0,9,38,seg
2020-09-15,23.066666666666663,18.3,28.7,24,3.603098505533773,A607,2020,set,259,set,0,9,38,ter
2020-09-16,23.575,20.1,28.7,24,2.9035585363331395,A607,2020,set,260,set,0,9,38,qua
2020-09-17,24.004166666666663,18.8,32.5,24,4.470432248983718,A607,2020,set,261,set,0,9,38,qui
2020-09-18,24.2375,19.5,31.6,24,3.967346336850583,A607,2020,set,262,set,0,9,38,sex
2020-09-19,25.125,20.1,33.5,24,4.166350712658449,A607,2020,set,263,set,0,9,38,sáb
2020-09-20,23.979166666666668,21.5,27.8,24,2.1615170129104815,A607,2020,set,264,set,0,9,39,dom
2020-09-21,22.766666666666666,20,26.7,24,2.0679051922314935,A607,2020,set,265,set,0,9,39,seg
2020-09-22,21.258333333333333,19.7,22.8,24,0.979758917403605,A607,2020,set,266,set,1,9,39,ter
2020-09-23,19.108333333333334,17.7,21.4,24,1.0993739984217368,A607,2020,set,267,set,0,9,39,qua
2020-09-24,21.133333333333333,18.7,24.6,24,2.1796821999442084,A607,2020,set,268,set,0,9,39,qui
2020-09-25,23.333333333333332,19.7,28.6,24,3.0471179065195173,A607,2020,set,269,set,0,9,39,sex
2020-09-26,24.079166666666666,19.1,31.7,24,4.108102192398383,A607,2020,set,270,set,0,9,39,sáb
2020-09-27,26.0125,20.8,35.7,24,5.268636693557039,A607,2020,set,271,set,0,9,40,dom
2020-09-28,25.479166666666668,21.3,31.3,24,3.7417711647394154,A607,2020,set,272,set,0,9,40,seg
2020-09-29,24.695833333333333,21.4,28.6,24,2.6613953788039164,A607,2020,set,273,set,0,9,40,ter
2020-09-30,25.35,21.7,30.7,24,2.9685305983000205,A607,2020,set,274,set,0,9,40,qua
2020-10-01,25.825,22.8,31.9,24,3.12914073495112,A607,2020,out,275,out,0,10,40,qui
2020-10-02,26.213636363636365,21.9,34.3,22,4.30694847830865,A607,2020,out,276,out,0,10,40,sex
2020-10-03,26.030434782608697,21.3,35.3,23,4.494687245931042,A607,2020,out,277,out,0,10,40,sáb
2020-10-04,24.745833333333337,21.9,27.7,24,1.4455265827542831,A607,2020,out,278,out,0,10,41,dom
2020-10-05,23.454166666666666,21.5,26.6,24,1.5700953077320878,A607,2020,out,279,out,0,10,41,seg
2020-10-06,26.176190476190477,22.3,35.3,21,3.6998519918916704,A607,2020,out,280,out,0,10,41,ter
2020-10-07,25.4625,23.4,30.1,24,2.1642977573819864,A607,2020,out,281,out,0,10,41,qua
2020-10-08,24.991666666666667,21.9,28.4,24,2.1900797417816364,A607,2020,out,282,out,0,10,41,qui
2020-10-09,25.1125,23,29.7,24,1.9762310417647988,A607,2020,out,283,out,0,10,41,sex
2020-10-10,23.766666666666666,22.4,25.8,24,0.8947512001360647,A607,2020,out,284,out,0,10,41,sáb
2020-10-11,21.4375,20.1,23.1,24,0.8781465164469001,A607,2020,out,285,out,0,10,42,dom
2020-10-12,21.170833333333334,19,23.8,24,1.70663135436747,A607,2020,out,286,out,0,10,42,seg
2020-10-13,23.55,20.7,28.1,24,2.6861966000114443,A607,2020,out,287,out,0,10,42,ter
2020-10-14,25.85,21.5,33,24,3.691352998091857,A607,2020,out,288,out,0,10,42,qua
2020-10-15,24.6375,22.2,28.5,24,1.957774357473968,A607,2020,out,289,out,0,10,42,qui
2020-10-16,22.183333333333337,20.5,23.8,24,0.831795682827829,A607,2020,out,290,out,0,10,42,sex
2020-10-17,21.195833333333333,18.5,25.1,24,2.183232379566684,A607,2020,out,291,out,0,10,42,sáb
2020-10-18,22.258333333333333,18.8,26,24,2.2725042051267668,A607,2020,out,292,out,0,10,43,dom
2020-10-19,22.104166666666668,19,25,24,1.918667827395888,A607,2020,out,293,out,0,10,43,seg
2020-10-20,23.229166666666668,20.7,27.9,24,2.3439986583069814,A607,2020,out,294,out,0,10,43,ter
2020-10-21,24.191666666666663,19.5,31.7,24,3.979612900845974,A607,2020,out,295,out,0,10,43,qua
2020-10-22,24.041666666666668,21,28.1,24,2.067116594315075,A607,2020,out,296,out,0,10,43,qui
2020-10-23,22.55,16.5,27.8,24,3.622514140159038,A607,2020,out,297,out,0,10,43,sex
2020-10-24,22.3625,20.4,24.9,24,1.5824616212119318,A607,2020,out,298,out,0,10,43,sáb
2020-10-25,21.179166666666667,20.4,22.2,24,0.5710243782709371,A607,2020,out,299,out,0,10,44,dom
2020-10-26,22.320833333333333,20.1,27.1,24,2.056374853044037,A607,2020,out,300,out,0,10,44,seg
2020-10-27,24.25,19.9,31.4,24,3.714015757031499,A607,2020,out,301,out,0,10,44,ter
2020-10-28,26.575,22.2,32.9,24,3.5935025907274945,A607,2020,out,302,out,0,10,44,qua
2020-10-29,27.475,21.9,34.7,24,3.738431431124208,A607,2020,out,303,out,0,10,44,qui
2020-10-30,24.279166666666665,22.3,28.9,24,2.0097542931514236,A607,2020,out,304,out,0,10,44,sex
2020-10-31,21.025,19.3,23,24,1.1471135799115062,A607,2020,out,305,out,0,10,44,sáb
2020-11-01,21.204166666666666,19.1,24.9,24,1.8005987329500843,A607,2020,nov,306,nov,0,11,45,dom
2020-11-02,20.679166666666667,17.6,23.9,24,2.192869703432441,A607,2020,nov,307,nov,0,11,45,seg
2020-11-03,20.6625,15.7,24.9,24,3.444695039193379,A607,2020,nov,308,nov,0,11,45,ter
2020-11-04,21.558333333333337,18.8,25.7,24,2.173339779487195,A607,2020,nov,309,nov,0,11,45,qua
2020-11-05,22.041666666666668,17.3,27.1,24,3.288969267199028,A607,2020,nov,310,nov,0,11,45,qui
2020-11-06,21.479166666666668,19.1,24.1,24,1.4867470082924892,A607,2020,nov,311,nov,0,11,45,sex
2020-11-07,22.9625,20.2,26.5,24,2.14958287156814,A607,2020,nov,312,nov,0,11,45,sáb
2020-11-08,24.9,21.4,30.7,24,3.1498792247377967,A607,2020,nov,313,nov,0,11,46,dom
2020-11-09,25.820833333333333,24,30.3,24,2.0086723209009536,A607,2020,nov,314,nov,0,11,46,seg
2020-11-10,25.395833333333332,22,30.4,24,2.55453206242768,A607,2020,nov,315,nov,0,11,46,ter
2020-11-11,25.520833333333332,22.1,32,24,3.295712520001214,A607,2020,nov,316,nov,0,11,46,qua
2020-11-12,24.541666666666668,22.4,28.2,24,1.9232935218043272,A607,2020,nov,317,nov,0,11,46,qui
2020-11-13,25.329166666666666,22.9,29.7,24,2.239075734522514,A607,2020,nov,318,nov,0,11,46,sex
2020-11-14,25.479166666666668,23.1,30,24,2.2053254056777054,A607,2020,nov,319,nov,0,11,46,sáb
2020-11-15,26.054166666666667,22.5,32.6,24,3.275466002911935,A607,2020,nov,320,nov,0,11,47,dom
2020-11-16,26.308333333333337,22,33.1,24,3.857450911707352,A607,2020,nov,321,nov,0,11,47,seg
2020-11-17,26.883333333333333,22.9,35.1,24,4.156782479239219,A607,2020,nov,322,nov,0,11,47,ter
2020-11-18,24.558333333333337,22.1,28.5,24,1.81872307490404,A607,2020,nov,323,nov,0,11,47,qua
2020-11-19,24.870833333333337,22.1,30.6,24,2.50277744266969,A607,2020,nov,324,nov,0,11,47,qui
2020-11-20,22.725,20.1,25.2,24,1.6408507867407764,A607,2020,nov,325,nov,0,11,47,sex
2020-11-21,22.770833333333332,19.4,27.4,24,2.443176685964521,A607,2020,nov,326,nov,0,11,47,sáb
2020-11-22,23.308333333333337,20.2,26.9,24,2.401976842857397,A607,2020,nov,327,nov,0,11,48,dom
2020-11-23,22.75,20.9,27,24,1.5866289119853532,A607,2020,nov,328,nov,0,11,48,seg
2020-11-24,23.204166666666666,21.6,25.6,24,1.3182594475347005,A607,2020,nov,329,nov,0,11,48,ter
2020-11-25,23.220833333333335,21.3,25.8,24,1.559258231302326,A607,2020,nov,330,nov,0,11,48,qua
2020-11-26,24.8625,21.7,28.8,24,2.6936015166380463,A607,2020,nov,331,nov,0,11,48,qui
2020-11-27,25.0875,21.4,29.8,24,2.913881693161054,A607,2020,nov,332,nov,0,11,48,sex
2020-11-28,25.041666666666668,22,29.5,24,2.547618950871692,A607,2020,nov,333,nov,0,11,48,sáb
2020-11-29,24.933333333333337,21.6,29.4,24,2.698416067874322,A607,2020,nov,334,nov,0,11,49,dom
2020-11-30,25.525,20.9,30.6,24,3.2708528338752214,A607,2020,nov,335,nov,0,11,49,seg
2020-12-01,26.09166666666667,21.6,33.1,24,3.900380880695211,A607,2020,dez,336,dez,0,12,49,ter
2020-12-02,25.891666666666666,22.9,31.1,24,2.7539563108950804,A607,2020,dez,337,dez,0,12,49,qua
2020-12-03,26.420833333333334,22.2,31.9,24,3.4595776528691884,A607,2020,dez,338,dez,0,12,49,qui
2020-12-04,27.4625,24,33.3,24,3.378038085094339,A607,2020,dez,339,dez,0,12,49,sex
2020-12-05,26.983333333333334,24.4,31.7,24,2.579630352128612,A607,2020,dez,340,dez,0,12,49,sáb
2020-12-06,25.754166666666663,23.5,29.9,24,1.827323813351257,A607,2020,dez,341,dez,0,12,50,dom
2020-12-07,26.575,23.7,31.4,24,2.748161440735938,A607,2020,dez,342,dez,0,12,50,seg
2020-12-08,25.52916666666667,23.5,31.8,24,2.5245712794309325,A607,2020,dez,343,dez,0,12,50,ter
2020-12-09,24.708333333333332,22.5,28.7,24,1.6678329252855837,A607,2020,dez,344,dez,0,12,50,qua
2020-12-10,23.291666666666668,21.6,27,24,1.6094602569931882,A607,2020,dez,345,dez,0,12,50,qui
2020-12-11,24.166666666666668,20.3,29.6,24,3.222565365703524,A607,2020,dez,346,dez,0,12,50,sex
2020-12-12,26.108333333333334,22.5,33.2,24,3.417590896557382,A607,2020,dez,347,dez,0,12,50,sáb
2020-12-13,26.033333333333335,22.5,32,24,3.284438495676857,A607,2020,dez,348,dez,0,12,51,dom
2020-12-14,25.954166666666666,20.9,32.8,24,3.8665768667733302,A607,2020,dez,349,dez,0,12,51,seg
2020-12-15,25.933333333333337,21.2,32.6,24,4.07715444958823,A607,2020,dez,350,dez,0,12,51,ter
2020-12-16,26.025,21.7,31.9,24,3.607269230920784,A607,2020,dez,351,dez,0,12,51,qua
2020-12-17,25.65833333333333,21.5,31.5,24,3.375218726138406,A607,2020,dez,352,dez,0,12,51,qui
2020-12-18,26.291666666666668,22.6,32.9,24,3.434849109611236,A607,2020,dez,353,dez,0,12,51,sex
2020-12-19,27.208333333333332,22.7,34.2,24,3.9810329298318794,A607,2020,dez,354,dez,0,12,51,sáb
2020-12-20,27.416666666666668,22.7,35,24,4.074914420724917,A607,2020,dez,355,dez,0,12,52,dom
2020-12-21,27.495833333333337,23,35,24,4.037915860038892,A607,2020,dez,356,dez,0,12,52,seg
2020-12-22,25.28333333333333,21.6,32.3,24,3.227822885430696,A607,2020,dez,357,dez,0,12,52,ter
2020-12-23,23.34583333333333,21.4,24.6,24,0.9868611490661856,A607,2020,dez,358,dez,0,12,52,qua
2020-12-24,21.795833333333334,20.3,22.8,24,0.8179928598958428,A607,2020,dez,359,dez,0,12,52,qui
2020-12-25,23.65,21.4,28,24,2.172756213940577,A607,2020,dez,360,dez,0,12,52,sex
2020-12-26,24.858333333333334,21.1,30,24,3.2431756668113274,A607,2020,dez,361,dez,0,12,52,sáb
2020-12-27,25.679166666666667,22.1,31.3,24,2.9522252722261917,A607,2020,dez,362,dez,0,12,53,dom
2020-12-28,25.84583333333333,22,30.5,24,2.788326468108357,A607,2020,dez,363,dez,0,12,53,seg
2020-12-29,25.9,21.4,31.1,24,3.4714988618500353,A607,2020,dez,364,dez,0,12,53,ter
2020-12-30,26.0625,21.3,32.8,24,3.6405700103143186,A607,2020,dez,365,dez,0,12,53,qua
2020-12-31,26.604166666666668,21.3,34,24,4.317756982776919,A607,2020,dez,366,dez,0,12,53,qui
2021-01-01,26.4375,21.5,34.3,24,4.029760215112599,A607,2021,jan,1,jan,0,1,53,sex
2021-01-02,24.933333333333337,22.3,28.6,24,2.0524993600945187,A607,2021,jan,2,jan,0,1,53,sáb
2021-01-03,24.679166666666667,21.9,31.6,24,3.064662427919501,A607,2021,jan,3,jan,0,1,1,dom
2021-01-04,24.420833333333334,21.7,29.3,24,2.448775943852031,A607,2021,jan,4,jan,0,1,1,seg
2021-01-05,26.6625,22.3,32.8,24,3.76711312603535,A607,2021,jan,5,jan,0,1,1,ter
2021-01-06,26.8625,22.4,34.3,24,4.038705399549196,A607,2021,jan,6,jan,0,1,1,qua
2021-01-07,26.9875,22.6,34,24,4.012297671994895,A607,2021,jan,7,jan,0,1,1,qui
2021-01-08,27.525,23.7,33.5,24,3.4090990777240737,A607,2021,jan,8,jan,0,1,1,sex
2021-01-09,26.704166666666666,23,32.1,24,3.1891772370433356,A607,2021,jan,9,jan,0,1,1,sáb
2021-01-10,26.90833333333333,23.4,32.2,24,2.938043813368917,A607,2021,jan,10,jan,0,1,2,dom
2021-01-11,26.941666666666663,23.3,31.4,24,2.8148544895076633,A607,2021,jan,11,jan,0,1,2,seg
2021-01-12,26.8,22.2,32,24,3.186929829652738,A607,2021,jan,12,jan,0,1,2,ter
2021-01-13,26.666666666666668,23.5,31.1,24,2.7910831101090903,A607,2021,jan,13,jan,0,1,2,qua
2021-01-14,26.525,23.1,30.7,24,2.8563050013732014,A607,2021,jan,14,jan,0,1,2,qui
2021-01-15,26.15833333333333,22.2,31.5,24,3.0028850861429435,A607,2021,jan,15,jan,0,1,2,sex
2021-01-16,26.3375,22.6,31.3,24,3.0404250989966344,A607,2021,jan,16,jan,0,1,2,sáb
2021-01-17,26.4,20.4,32.1,24,3.674944542616167,A607,2021,jan,17,jan,0,1,3,dom
2021-01-18,26.4625,20.3,33.3,24,4.205877099240186,A607,2021,jan,18,jan,0,1,3,seg
2021-01-19,27.075,22,33.8,24,3.875929061135732,A607,2021,jan,19,jan,0,1,3,ter
2021-01-20,26.691666666666663,21.3,33.3,24,3.6415377385727137,A607,2021,jan,20,jan,0,1,3,qua
2021-01-21,26.458333333333332,22.3,31.5,24,3.509356024991612,A607,2021,jan,21,jan,0,1,3,qui
2021-01-22,26.554166666666667,23,31.3,24,3.049016828944768,A607,2021,jan,22,jan,0,1,3,sex
2021-01-23,25.941666666666663,22.6,30.6,24,2.897062480253533,A607,2021,jan,23,jan,0,1,3,sáb
2021-01-24,25.733333333333334,21.4,31.5,24,3.4738359535078884,A607,2021,jan,24,jan,0,1,4,dom
2021-01-25,26.120833333333337,21,31.7,24,3.893805466955527,A607,2021,jan,25,jan,0,1,4,seg
2021-01-26,26.883333333333333,22.2,32.1,24,3.3129084380405955,A607,2021,jan,26,jan,0,1,4,ter
2021-01-27,26.916666666666668,21.3,33.6,24,3.9041412423962982,A607,2021,jan,27,jan,0,1,4,qua
2021-01-28,27.266666666666666,21.7,34.2,24,4.242504045927375,A607,2021,jan,28,jan,0,1,4,qui
2021-01-29,27.4,22.6,33.6,24,3.931035929403453,A607,2021,jan,29,jan,0,1,4,sex
2021-01-30,27.375,22.9,33.4,24,3.634765706222402,A607,2021,jan,30,jan,0,1,4,sáb
2021-01-31,27.095833333333335,21.7,32.8,24,3.624851321288817,A607,2021,jan,31,jan,0,1,5,dom
2021-02-01,26.9625,21.9,32.2,24,3.4925775332964277,A607,2021,fev,32,fev,0,2,5,seg
2021-02-02,26.329166666666666,22,32,24,3.148979015582624,A607,2021,fev,33,fev,0,2,5,ter
2021-02-03,26.9125,21.9,32.1,24,3.4676533225248156,A607,2021,fev,34,fev,0,2,5,qua
2021-02-04,27.575,22.4,34.3,24,3.899637664327736,A607,2021,fev,35,fev,0,2,5,qui
2021-02-05,26.070833333333333,23,29.5,24,2.042266253277315,A607,2021,fev,36,fev,0,2,5,sex
2021-02-06,23.5125,20.6,26.2,24,1.570741309340773,A607,2021,fev,37,fev,0,2,5,sáb
2021-02-07,21.620833333333337,20,25.8,24,1.817542336488352,A607,2021,fev,38,fev,0,2,6,dom
2021-02-08,22.004166666666663,20.2,25.5,24,1.6999946717734062,A607,2021,fev,39,fev,0,2,6,seg
2021-02-09,23.075,21,27.5,24,2.224419807109456,A607,2021,fev,40,fev,0,2,6,ter
2021-02-10,24.391666666666666,19,30.4,24,4.025453435616768,A607,2021,fev,41,fev,0,2,6,qua
2021-02-11,25.895833333333332,22.6,31.4,24,2.9941216563048374,A607,2021,fev,42,fev,0,2,6,qui
2021-02-12,26.145833333333332,23.1,31.4,24,2.5874242970092136,A607,2021,fev,43,fev,0,2,6,sex
2021-02-13,26.245833333333337,23.3,31.2,24,2.5184500351823824,A607,2021,fev,44,fev,0,2,6,sáb
2021-02-14,25.816666666666663,22.8,31.8,24,2.9456920153463706,A607,2021,fev,45,fev,0,2,7,dom
2021-02-15,25.245833333333337,22.4,32.7,24,3.2992725372970204,A607,2021,fev,46,fev,0,2,7,seg
2021-02-16,26.320833333333333,21.3,34.5,24,4.460744641158378,A607,2021,fev,47,fev,0,2,7,ter
2021-02-17,26.5625,22.1,34.1,24,4.11442980359316,A607,2021,fev,48,fev,0,2,7,qua
2021-02-18,26.533333333333335,23,32.6,24,3.1908383342567386,A607,2021,fev,49,fev,0,2,7,qui
2021-02-19,24.575,21.3,28.6,24,1.86925932785759,A607,2021,fev,50,fev,0,2,7,sex
2021-02-20,25.445833333333333,22.8,29.6,24,2.0834710099435902,A607,2021,fev,51,fev,0,2,7,sáb
2021-02-21,26.5125,22.7,33,24,3.5691080970875135,A607,2021,fev,52,fev,0,2,8,dom
2021-02-22,24.308333333333337,21.2,30,24,2.7296944671625742,A607,2021,fev,53,fev,0,2,8,seg
2021-02-23,25.004166666666663,21.9,29.4,24,2.9098751156030387,A607,2021,fev,54,fev,0,2,8,ter
2021-02-24,26.675,22.3,34.9,24,4.264336433419777,A607,2021,fev,55,fev,0,2,8,qua
2021-02-25,26.425,23,34,24,3.615576206408576,A607,2021,fev,56,fev,0,2,8,qui
2021-02-26,26.045833333333334,23.4,30.7,24,2.232171718239917,A607,2021,fev,57,fev,0,2,8,sex
2021-02-27,25.620833333333337,22.3,30.7,24,2.327151490120704,A607,2021,fev,58,fev,0,2,8,sáb
2021-02-28,25.3625,22.4,29.2,24,2.253463517806968,A607,2021,fev,59,fev,0,2,9,dom
2021-03-01,25.008333333333333,21.9,29.4,24,2.400166057057152,A607,2021,mar,60,mar,0,3,9,seg
2021-03-02,25.7625,21.7,31.2,24,3.1208711855060183,A607,2021,mar,61,mar,0,3,9,ter
2021-03-03,26.2875,22.2,32,24,3.4802939031314457,A607,2021,mar,62,mar,0,3,9,qua
2021-03-04,26.583333333333332,21.8,33.1,24,3.7605118368863457,A607,2021,mar,63,mar,0,3,9,qui
2021-03-05,27.2625,22.1,34.8,24,4.705483618817148,A607,2021,mar,64,mar,0,3,9,sex
2021-03-06,27.208333333333332,23.6,33,24,3.140605960177343,A607,2021,mar,65,mar,0,3,9,sáb
2021-03-07,23.791666666666668,21.8,27.6,24,2.1225326681905825,A607,2021,mar,66,mar,0,3,10,dom
2021-03-08,24.004166666666663,21.1,29.1,24,2.8575573586493435,A607,2021,mar,67,mar,0,3,10,seg
2021-03-09,24.033333333333335,21.5,29.9,24,3.0573740745751175,A607,2021,mar,68,mar,0,3,10,ter
2021-03-10,25.3,21.4,32.7,24,3.8806095442317576,A607,2021,mar,69,mar,0,3,10,qua
2021-03-11,25.945833333333333,22.5,30.6,24,2.759486273340316,A607,2021,mar,70,mar,0,3,10,qui
2021-03-12,27.029166666666665,22.7,34.5,24,3.8056570211093432,A607,2021,mar,71,mar,0,3,10,sex
2021-03-13,26.658333333333335,23.7,32.4,24,3.1817300006602465,A607,2021,mar,72,mar,0,3,10,sáb
2021-03-14,26.208333333333332,21.6,32.6,24,3.5213530831531057,A607,2021,mar,73,mar,0,3,11,dom
2021-03-15,26.229166666666668,22,32.6,24,3.648642292649438,A607,2021,mar,74,mar,0,3,11,seg
2021-03-16,25.65416666666667,22.6,31.9,24,2.9177089235081075,A607,2021,mar,75,mar,0,3,11,ter
2021-03-17,26.325,21.4,32.5,24,3.4729075652141588,A607,2021,mar,76,mar,0,3,11,qua
2021-03-18,26.279166666666665,21.6,32,24,3.400636662471445,A607,2021,mar,77,mar,0,3,11,qui
2021-03-19,26.34166666666667,22,31.4,24,3.365285266888415,A607,2021,mar,78,mar,0,3,11,sex
2021-03-20,26.0625,22.4,30.9,24,3.1362969718526617,A607,2021,mar,79,mar,0,3,11,sáb
2021-03-21,25.929166666666667,22.7,31.4,24,3.005860821023209,A607,2021,mar,80,mar,0,3,12,dom
2021-03-22,26.59583333333333,21.8,33.3,24,4.126950570880726,A607,2021,mar,81,mar,1,3,12,seg
2021-03-23,26.625,22.5,33,24,3.4896430613534353,A607,2021,mar,82,mar,0,3,12,ter
2021-03-24,26.858333333333334,21.8,34.2,24,4.12003763877559,A607,2021,mar,83,mar,0,3,12,qua
2021-03-25,26.725,22.3,32.9,24,3.755720274808642,A607,2021,mar,84,mar,0,3,12,qui
2021-03-26,26.083333333333332,21.5,32.3,24,3.917371197812287,A607,2021,mar,85,mar,0,3,12,sex
2021-03-27,26.2375,21.4,34.2,24,4.3841426210536465,A607,2021,mar,86,mar,0,3,12,sáb
2021-03-28,26.6875,22.3,33.7,24,3.713935273721299,A607,2021,mar,87,mar,0,3,13,dom
2021-03-29,27.425,22.5,35.8,24,4.628292012883558,A607,2021,mar,88,mar,0,3,13,seg
2021-03-30,25.708333333333332,21.9,34.5,24,3.5854678509428757,A607,2021,mar,89,mar,0,3,13,ter
2021-03-31,24.4875,21,30.7,24,3.702679699423343,A607,2021,mar,90,mar,0,3,13,qua
2021-04-01,24.441666666666663,19.8,31.8,24,3.9311373137694066,A607,2021,abr,91,abr,0,4,13,qui
2021-04-02,24.595833333333335,19.6,31.5,24,4.193211819395586,A607,2021,abr,92,abr,0,4,13,sex
2021-04-03,24.870833333333337,19.6,31.2,24,3.5931673283156966,A607,2021,abr,93,abr,0,4,13,sáb
2021-04-04,24.22083333333333,20,29.7,24,3.4656048053213833,A607,2021,abr,94,abr,0,4,14,dom
2021-04-05,23.9375,19.7,29.7,24,3.1147353157140856,A607,2021,abr,95,abr,0,4,14,seg
2021-04-06,23.354166666666668,17.9,30.8,24,4.384357487672526,A607,2021,abr,96,abr,0,4,14,ter
2021-04-07,22.454166666666666,20.4,26.9,24,1.952919590647867,A607,2021,abr,97,abr,0,4,14,qua
2021-04-08,22.620833333333337,18.4,27.9,24,3.520496403568143,A607,2021,abr,98,abr,0,4,14,qui
2021-04-09,24.616666666666667,19.9,30.3,24,3.4599153880916833,A607,2021,abr,99,abr,0,4,14,sex
2021-04-10,23.266666666666666,18.2,31.5,24,4.614878270255388,A607,2021,abr,100,abr,0,4,14,sáb
2021-04-11,24.045833333333334,17.7,32.5,24,5.4935518855145595,A607,2021,abr,101,abr,0,4,15,dom
2021-04-12,25.65833333333333,19.6,34.9,24,5.675723793465477,A607,2021,abr,102,abr,0,4,15,seg
2021-04-13,22.354166666666668,19.5,26.2,24,1.461678358322516,A607,2021,abr,103,abr,0,4,15,ter
2021-04-14,23.229166666666668,19.4,29.1,24,3.1462163842037127,A607,2021,abr,104,abr,0,4,15,qua
2021-04-15,22.695833333333333,18.1,28.7,24,3.1741454401716247,A607,2021,abr,105,abr,0,4,15,qui
2021-04-16,22.325,17.6,29.2,24,4.037998858668573,A607,2021,abr,106,abr,0,4,15,sex
2021-04-17,23.7,20.1,28.8,24,2.7792710961845657,A607,2021,abr,107,abr,0,4,15,sáb
2021-04-18,25.304166666666667,20.8,32.3,24,4.038669514738159,A607,2021,abr,108,abr,0,4,16,dom
2021-04-19,24.454166666666666,20.8,28.8,24,2.6174961760973137,A607,2021,abr,109,abr,0,4,16,seg
2021-04-20,24.47083333333333,19.8,31.2,24,4.157599554787716,A607,2021,abr,110,abr,0,4,16,ter
2021-04-21,23.1,18.1,28,24,3.610732793263415,A607,2021,abr,111,abr,0,4,16,qua
2021-04-22,22.925,18.4,28.2,24,3.299308227887885,A607,2021,abr,112,abr,0,4,16,qui
2021-04-23,23.333333333333332,17.1,30.8,24,4.694554353685783,A607,2021,abr,113,abr,0,4,16,sex
2021-04-24,23.520833333333332,17.2,31.6,24,4.850995340865775,A607,2021,abr,114,abr,0,4,16,sáb
2021-04-25,24.7625,20.7,31.7,24,3.8094633309122714,A607,2021,abr,115,abr,0,4,17,dom
2021-04-26,25.120833333333337,21.5,30.8,24,3.1335462847771343,A607,2021,abr,116,abr,0,4,17,seg
2021-04-27,24.741666666666667,21.4,29.3,24,2.51930229586904,A607,2021,abr,117,abr,0,4,17,ter
2021-04-28,22.8875,20,27.6,24,2.6152250713682452,A607,2021,abr,118,abr,0,4,17,qua
2021-04-29,21.070833333333333,19.3,24.6,24,1.5635742683843397,A607,2021,abr,119,abr,0,4,17,qui
2021-04-30,21.2375,16.2,27,24,3.3710806550138632,A607,2021,abr,120,abr,0,4,17,sex
2021-05-01,20.633333333333333,16.9,26.3,24,3.031094889950504,A607,2021,mai,121,mai,0,5,17,sáb
2021-05-02,21.679166666666667,17.7,26.4,24,3.290695600664377,A607,2021,mai,122,mai,0,5,18,dom
2021-05-03,22.845833333333335,18.8,29.5,24,3.4904813629251104,A607,2021,mai,123,mai,0,5,18,seg
2021-05-04,22.8375,18.7,29.5,24,3.932231637654872,A607,2021,mai,124,mai,0,5,18,ter
2021-05-05,23.8375,18.6,32.4,24,5.03887603927011,A607,2021,mai,125,mai,0,5,18,qua
2021-05-06,23.84583333333333,18.3,33.1,24,4.96570667212867,A607,2021,mai,126,mai,0,5,18,qui
2021-05-07,23.7125,19.5,30.1,24,3.484913135964423,A607,2021,mai,127,mai,0,5,18,sex
2021-05-08,21.03333333333333,19.1,24.9,24,1.7566437036147298,A607,2021,mai,128,mai,0,5,18,sáb
2021-05-09,20.179166666666667,17.2,24.2,24,2.10485549781135,A607,2021,mai,129,mai,0,5,19,dom
2021-05-10,20.879166666666663,16.7,27.2,24,3.31871886840935,A607,2021,mai,130,mai,0,5,19,seg
2021-05-11,20.4875,14.7,28.4,24,5.039436864674809,A607,2021,mai,131,mai,0,5,19,ter
2021-05-12,22.133333333333333,16.3,30.9,24,5.319747188065193,A607,2021,mai,132,mai,0,5,19,qua
2021-05-13,21.545833333333334,18.9,24.9,24,1.7378095074138509,A607,2021,mai,133,mai,0,5,19,qui
2021-05-14,21.241666666666667,17.8,27,24,2.9214226234708898,A607,2021,mai,134,mai,0,5,19,sex
2021-05-15,21.116666666666667,16,27.8,24,4.117266576015089,A607,2021,mai,135,mai,0,5,19,sáb
2021-05-16,20.441666666666663,16.1,26.9,24,3.7154105240631,A607,2021,mai,136,mai,0,5,20,dom
2021-05-17,21.170833333333334,16.6,27.8,24,4.070410636977943,A607,2021,mai,137,mai,0,5,20,seg
2021-05-18,22.025,17.4,29.7,24,4.3382274480834155,A607,2021,mai,138,mai,0,5,20,ter
2021-05-19,22.1125,18.1,27.4,24,2.967843969296054,A607,2021,mai,139,mai,0,5,20,qua
2021-05-20,23.05,17.4,30.6,24,4.1952353926806065,A607,2021,mai,140,mai,0,5,20,qui
2021-05-21,23.991666666666667,19.5,31,24,3.8573381976454297,A607,2021,mai,141,mai,9,5,20,sex
2021-05-22,24.529166666666665,19.7,32.9,24,4.1594814859407725,A607,2021,mai,142,mai,0,5,20,sáb
2021-05-23,24.8625,19.8,31.7,24,4.037736397709899,A607,2021,mai,143,mai,0,5,21,dom
2021-05-24,24.933333333333337,22.4,28.1,24,1.6959457196673395,A607,2021,mai,144,mai,0,5,21,seg
2021-05-25,22.09583333333333,18.4,26.8,24,2.169247348268753,A607,2021,mai,145,mai,0,5,21,ter
2021-05-26,22.075,17.9,27.5,24,3.227901458546552,A607,2021,mai,146,mai,1,5,21,qua
2021-05-27,23.820833333333333,21,28.8,24,2.5239684361470665,A607,2021,mai,147,mai,0,5,21,qui
2021-05-28,24.270833333333332,20.4,31.5,24,3.5907464606857915,A607,2021,mai,148,mai,0,5,21,sex
2021-05-29,25.758333333333333,20.2,33.8,24,4.625817593225775,A607,2021,mai,149,mai,0,5,21,sáb
2021-05-30,25.058333333333337,21.7,31.3,24,3.0036089403693467,A607,2021,mai,150,mai,0,5,22,dom
2021-05-31,23.3,20.5,29.9,24,2.889561423017567,A607,2021,mai,151,mai,1,5,22,seg
2021-06-01,21.920833333333334,19,27.2,24,2.73606813522246,A607,2021,jun,152,jun,0,6,22,ter
2021-06-02,22.4375,18.3,28.6,24,3.5681943430207412,A607,2021,jun,153,jun,0,6,22,qua
2021-06-03,24.379166666666663,19.8,32.6,24,4.817719031519653,A607,2021,jun,154,jun,0,6,22,qui
2021-06-04,23.358333333333334,19.9,28.9,24,2.684078121500721,A607,2021,jun,155,jun,0,6,22,sex
2021-06-05,21.995833333333337,18.4,26.7,24,2.634467055528815,A607,2021,jun,156,jun,0,6,22,sáb
2021-06-06,23.558333333333337,19.6,29.3,24,3.2047406008662507,A607,2021,jun,157,jun,0,6,23,dom
2021-06-07,22.691666666666663,17.9,28.2,24,3.386021991590756,A607,2021,jun,158,jun,1,6,23,seg
2021-06-08,22.84583333333333,18.6,28.6,24,3.2779870767534027,A607,2021,jun,159,jun,0,6,23,ter
2021-06-09,21.875,20.5,25.4,24,1.4844849787633128,A607,2021,jun,160,jun,0,6,23,qua
2021-06-10,21.1125,19.3,23.7,24,1.2291080187433203,A607,2021,jun,161,jun,0,6,23,qui
2021-06-11,23.2375,20.3,29.2,24,2.877017250707678,A607,2021,jun,162,jun,1,6,23,sex
2021-06-12,21.0625,17.4,24.6,24,1.844336218523218,A607,2021,jun,163,jun,0,6,23,sáb
2021-06-13,19.22083333333333,16.2,22.4,24,1.8821770851091943,A607,2021,jun,164,jun,0,6,24,dom
2021-06-14,19.925,15.4,23.6,24,2.318217081030723,A607,2021,jun,165,jun,5,6,24,seg
2021-06-15,19.183333333333337,14.2,25.1,24,3.827664365217204,A607,2021,jun,166,jun,0,6,24,ter
2021-06-16,19.429166666666667,13.8,26.5,24,4.593897574776372,A607,2021,jun,167,jun,0,6,24,qua
2021-06-17,20.616666666666667,17.3,24.7,24,2.3890450460140045,A607,2021,jun,168,jun,0,6,24,qui
2021-06-18,19.891666666666666,17.1,24.1,24,2.619976214075013,A607,2021,jun,169,jun,1,6,24,sex
2021-06-19,19.34166666666667,16,23.6,24,2.419830512689872,A607,2021,jun,170,jun,0,6,24,sáb
2021-06-20,21.266666666666666,16.8,28,24,4.065407265193004,A607,2021,jun,171,jun,0,6,25,dom
2021-06-21,21.71666666666667,18,27.1,24,2.9228733133334917,A607,2021,jun,172,jun,2,6,25,seg
2021-06-22,19.525,15.1,25.6,24,3.4070578918270336,A607,2021,jun,173,jun,0,6,25,ter
2021-06-23,19.820833333333333,15.5,25.1,24,2.9686740074179316,A607,2021,jun,174,jun,0,6,25,qua
2021-06-24,19.2,15.6,23.7,24,2.6735418618298312,A607,2021,jun,175,jun,0,6,25,qui
2021-06-25,19.7875,14.5,27.4,24,4.62284614947752,A607,2021,jun,176,jun,1,6,25,sex
2021-06-26,20.658333333333335,17.2,26.2,24,3.379466984814214,A607,2021,jun,177,jun,0,6,25,sáb
2021-06-27,20.745833333333337,16.8,27.7,24,3.684866721283578,A607,2021,jun,178,jun,0,6,26,dom
2021-06-28,20.483333333333334,15.3,27.9,24,4.207515704759413,A607,2021,jun,179,jun,4,6,26,seg
2021-06-29,20.625,15.3,29.3,24,4.364107558551771,A607,2021,jun,180,jun,0,6,26,ter
2021-06-30,18.745833333333337,17.3,21.3,24,1.0942454881816042,A607,2021,jun,181,jun,0,6,26,qua
2021-07-01,19.02916666666667,14.8,24.6,24,3.0609005731713306,A607,2021,jul,182,jul,0,7,26,qui
2021-07-02,17.604166666666668,11.7,25,24,4.644817510962613,A607,2021,jul,183,jul,0,7,26,sex
2021-07-03,19.175,13.4,27.7,24,5.25623852942966,A607,2021,jul,184,jul,0,7,26,sáb
2021-07-04,18.820833333333333,12.8,26,24,4.503330088285553,A607,2021,jul,185,jul,0,7,27,dom
2021-07-05,18.125,13.1,25.6,24,3.68572451729525,A607,2021,jul,186,jul,2,7,27,seg
2021-07-06,19.420833333333334,15.6,24.6,24,3.2063766854933564,A607,2021,jul,187,jul,1,7,27,ter
2021-07-07,18.6875,12.5,25.2,24,4.18489130293623,A607,2021,jul,188,jul,0,7,27,qua
2021-07-08,19.316666666666663,13.9,25.9,24,4.267334639741326,A607,2021,jul,189,jul,0,7,27,qui
2021-07-09,19.729166666666668,14.3,26.4,24,4.006459910506126,A607,2021,jul,190,jul,0,7,27,sex
2021-07-10,20.90833333333333,16.2,27,24,3.3576540291861736,A607,2021,jul,191,jul,0,7,27,sáb
2021-07-11,20.304166666666667,14.6,27.4,24,4.464690375034706,A607,2021,jul,192,jul,0,7,28,dom
2021-07-12,20.6375,15.2,27.7,24,4.259599134027602,A607,2021,jul,193,jul,1,7,28,seg
2021-07-13,21.241666666666667,17.1,26.9,24,3.5851040451418914,A607,2021,jul,194,jul,0,7,28,ter
2021-07-14,22.0625,17.9,28.7,24,3.447975146182996,A607,2021,jul,195,jul,0,7,28,qua
2021-07-15,22.308333333333337,17.3,30.6,24,4.511812194159052,A607,2021,jul,196,jul,0,7,28,qui
2021-07-16,23.1875,17.7,32.6,24,5.008367997661514,A607,2021,jul,197,jul,0,7,28,sex
2021-07-17,22.591666666666665,18,30.3,24,3.6089160924464343,A607,2021,jul,198,jul,0,7,28,sáb
2021-07-18,23.125,18.7,31.3,24,3.9129939610393514,A607,2021,jul,199,jul,0,7,29,dom
2021-07-19,20.304166666666667,16.7,22.8,24,1.4483811552952812,A607,2021,jul,200,jul,0,7,29,seg
2021-07-20,18.070833333333333,13,23.3,24,3.340720980068025,A607,2021,jul,201,jul,0,7,29,ter
2021-07-21,17.754166666666666,11.7,24.6,24,4.770195435488322,A607,2021,jul,202,jul,0,7,29,qua
2021-07-22,19.316666666666663,15.3,26.4,24,3.9307778483086047,A607,2021,jul,203,jul,0,7,29,qui
2021-07-23,19.34583333333333,15.2,25.1,24,3.394237977702118,A607,2021,jul,204,jul,0,7,29,sex
2021-07-24,18.645833333333332,12.8,27,24,4.743414580664226,A607,2021,jul,205,jul,0,7,29,sáb
2021-07-25,19.6375,14.9,26.9,24,4.179641392980149,A607,2021,jul,206,jul,0,7,30,dom
2021-07-26,20.645833333333332,15,29.5,24,4.68122792945785,A607,2021,jul,207,jul,1,7,30,seg
2021-07-27,22.041666666666668,15.9,31.4,24,4.897906976824202,A607,2021,jul,208,jul,0,7,30,ter
2021-07-28,21.208333333333332,16.5,27.2,24,3.554533745082122,A607,2021,jul,209,jul,0,7,30,qua
2021-07-29,17.954166666666666,15,22.6,24,2.1352077928952444,A607,2021,jul,210,jul,0,7,30,qui
2021-07-30,17.083333333333332,13.9,22.6,24,3.1463804831786533,A607,2021,jul,211,jul,0,7,30,sex
2021-07-31,15.2875,10.2,21.5,24,3.383632277790296,A607,2021,jul,212,jul,0,7,30,sáb
2021-08-01,17.1875,12.8,23,24,3.3177143127263933,A607,2021,ago,213,ago,0,8,31,dom
2021-08-02,17.3375,11.8,24.8,24,4.637635501360393,A607,2021,ago,214,ago,2,8,31,seg
2021-08-03,18.9875,14,25.5,24,4.067400890003345,A607,2021,ago,215,ago,0,8,31,ter
2021-08-04,20.0625,17.3,24.2,24,2.488899267792369,A607,2021,ago,216,ago,2,8,31,qua
2021-08-05,18.925,15.8,24.1,24,2.3029753911351105,A607,2021,ago,217,ago,0,8,31,qui
2021-08-06,19.216666666666665,15.4,24.1,24,2.9687746947866893,A607,2021,ago,218,ago,0,8,31,sex
2021-08-07,18.35,14.1,24,24,3.3923186888847163,A607,2021,ago,219,ago,0,8,31,sáb
2021-08-08,19.775,16.4,24.4,24,2.855696062258727,A607,2021,ago,220,ago,0,8,32,dom
2021-08-09,20.583333333333332,15.7,27.3,24,3.875190504901064,A607,2021,ago,221,ago,3,8,32,seg
2021-08-10,21.220833333333335,16.3,28.4,24,3.9605642073547687,A607,2021,ago,222,ago,0,8,32,ter
2021-08-11,21.604166666666668,16.1,30.6,24,4.433222320719719,A607,2021,ago,223,ago,0,8,32,qua
2021-08-12,20.308333333333337,16.5,25.3,24,2.555967725635978,A607,2021,ago,224,ago,0,8,32,qui
2021-08-13,21.204166666666666,19.4,23.7,24,1.416511074149583,A607,2021,ago,225,ago,0,8,32,sex
2021-08-14,20.245833333333337,18.4,24.1,24,1.8206494700390912,A607,2021,ago,226,ago,0,8,32,sáb
2021-08-15,20.1625,17.9,23.6,24,1.9659741472934196,A607,2021,ago,227,ago,0,8,33,dom
2021-08-16,21.28333333333333,18,26.2,24,2.873819858604597,A607,2021,ago,228,ago,0,8,33,seg
2021-08-17,22.3375,18.6,27,24,2.605981831162264,A607,2021,ago,229,ago,2,8,33,ter
2021-08-18,23.4125,19.9,27.5,24,2.284030095743239,A607,2021,ago,230,ago,0,8,33,qua
2021-08-19,22.6875,19,27.5,24,2.547686503818539,A607,2021,ago,231,ago,0,8,33,qui
2021-08-20,21.825,16.3,29.2,24,3.679703437955883,A607,2021,ago,232,ago,0,8,33,sex
2021-08-21,22.15416666666667,16.6,30.4,24,4.477186535689832,A607,2021,ago,233,ago,0,8,33,sáb
2021-08-22,22.075,16,28.7,24,3.988270846849056,A607,2021,ago,234,ago,0,8,34,dom
2021-08-23,22.59166666666667,16.9,30.3,24,4.197195405906463,A607,2021,ago,235,ago,2,8,34,seg
2021-08-24,22.725,18,30.6,24,3.8971840446995665,A607,2021,ago,236,ago,0,8,34,ter
2021-08-25,22.520833333333332,17.5,29.3,24,3.828494898573824,A607,2021,ago,237,ago,3,8,34,qua
2021-08-26,23.4875,18.6,30.9,24,3.840551647422768,A607,2021,ago,238,ago,0,8,34,qui
2021-08-27,22.3625,18.2,27,24,2.749041334878318,A607,2021,ago,239,ago,0,8,34,sex
2021-08-28,22.754166666666663,19.4,28.4,24,2.9336102059714255,A607,2021,ago,240,ago,0,8,34,sáb
2021-08-29,22,18.1,27.6,24,3.3234345775574323,A607,2021,ago,241,ago,0,8,35,dom
2021-08-30,19.97083333333333,17.6,23.9,24,1.823870506145764,A607,2021,ago,242,ago,3,8,35,seg
2021-08-31,20.4,18.6,24,24,1.7077826966948797,A607,2021,ago,243,ago,1,8,35,ter
2021-09-01,20.204166666666666,19,22.8,24,1.128476913776944,A607,2021,set,244,set,0,9,35,qua
2021-09-02,21.133333333333333,18,25.5,24,2.8182119935483403,A607,2021,set,245,set,0,9,35,qui
2021-09-03,21.9625,17.7,28.3,24,3.533788766109013,A607,2021,set,246,set,1,9,35,sex
2021-09-04,23.954166666666666,19.3,32.2,24,4.3430082908616185,A607,2021,set,247,set,0,9,35,sáb
2021-09-05,23.583333333333332,20,32,24,3.7167852713902088,A607,2021,set,248,set,0,9,36,dom
2021-09-06,23.52916666666667,21.1,27.8,24,2.343071036920983,A607,2021,set,249,set,0,9,36,seg
2021-09-07,22.154166666666665,20.6,25.5,24,1.177314248864639,A607,2021,set,250,set,0,9,36,ter
2021-09-08,21.704166666666666,20,24.2,24,1.4060364169526698,A607,2021,set,251,set,1,9,36,qua
2021-09-09,23.6875,19.4,31.1,24,3.6411073924670583,A607,2021,set,252,set,0,9,36,qui
2021-09-10,24.183333333333337,22.3,28.2,24,1.7097334312099948,A607,2021,set,253,set,1,9,36,sex
2021-09-11,23.366666666666667,21.7,26.4,24,1.536700776131228,A607,2021,set,254,set,0,9,36,sáb
2021-09-12,23.466666666666665,19.7,29.8,24,3.3006806500513175,A607,2021,set,255,set,0,9,37,dom
2021-09-13,24.4625,21.7,29.5,24,2.6929557867824747,A607,2021,set,256,set,0,9,37,seg
2021-09-14,25.175,20.6,32.8,24,4.170210087503151,A607,2021,set,257,set,0,9,37,ter
2021-09-15,25.766666666666666,21.3,33.3,24,4.208962142718865,A607,2021,set,258,set,1,9,37,qua
2021-09-16,23.758333333333333,21.8,27.5,24,1.6586837806097854,A607,2021,set,259,set,0,9,37,qui
2021-09-17,21.0375,20,22.2,24,0.6439095939783714,A607,2021,set,260,set,1,9,37,sex
2021-09-18,23.225,18.6,30.1,24,3.8390725782237514,A607,2021,set,261,set,0,9,37,sáb
2021-09-19,23.4125,20.2,29,24,2.7427869831218405,A607,2021,set,262,set,0,9,38,dom
2021-09-20,24.15,22.2,27.5,24,1.9190124271750235,A607,2021,set,263,set,1,9,38,seg
2021-09-21,25.5,21.5,35.4,20,4.101860938390615,A607,2021,set,264,set,3,9,38,ter
2021-09-22,21.245833333333337,17.9,24.6,24,1.709304248661646,A607,2021,set,265,set,0,9,38,qua
2021-09-23,19.320833333333333,15.5,23.3,24,2.503559060820114,A607,2021,set,266,set,0,9,38,qui
2021-09-24,19.55,15.7,24.5,24,3.1937438845342627,A607,2021,set,267,set,0,9,38,sex
2021-09-25,21.783333333333335,16.4,27.2,24,3.208232164789264,A607,2021,set,268,set,0,9,38,sáb
2021-09-26,23.629166666666663,18.5,29.5,24,3.29960197423959,A607,2021,set,269,set,0,9,39,dom
2021-09-27,23.934782608695652,21,27.6,23,2.2398475385720857,A607,2021,set,270,set,1,9,39,seg
2021-09-28,24.520833333333332,22.3,28.1,24,2.1264338725887417,A607,2021,set,271,set,0,9,39,ter
2021-09-29,24.4875,20,30.6,24,3.512129602936954,A607,2021,set,272,set,1,9,39,qua
2021-09-30,22.891666666666666,20.9,26.6,24,1.6802993177114158,A607,2021,set,273,set,0,9,39,qui
2021-10-01,22.879166666666663,20.1,26.8,24,2.3808984724746,A607,2021,out,274,out,0,10,39,sex
2021-10-02,25.666666666666668,22.2,32.2,24,3.4854563255191495,A607,2021,out,275,out,0,10,39,sáb
2021-10-03,25.379166666666663,22.4,29.7,24,2.314412154994958,A607,2021,out,276,out,0,10,40,dom
2021-10-04,25.241666666666667,22.3,30.9,24,2.6662001403506443,A607,2021,out,277,out,2,10,40,seg
2021-10-05,23.266666666666666,21.4,25.9,24,1.466337248908392,A607,2021,out,278,out,0,10,40,ter
2021-10-06,21.954166666666666,20.6,23.8,24,1.191629927476635,A607,2021,out,279,out,0,10,40,qua
2021-10-07,24.46666666666667,21.5,31.3,24,3.173486173398842,A607,2021,out,280,out,1,10,40,qui
2021-10-08,20.466666666666665,18.1,22.7,24,1.403928236326068,A607,2021,out,281,out,0,10,40,sex
2021-10-09,19.954166666666666,17.9,21.8,24,1.1096333772395537,A607,2021,out,282,out,0,10,40,sáb
2021-10-10,19.15,18,20.4,24,0.7071067811865474,A607,2021,out,283,out,0,10,41,dom
2021-10-11,19.308333333333337,17.9,20.4,24,0.6412736421045006,A607,2021,out,284,out,0,10,41,seg
2021-10-12,18.833333333333332,17.6,20.6,24,0.930014804307912,A607,2021,out,285,out,0,10,41,ter
2021-10-13,21.645833333333332,18.8,25.7,24,2.512746490901187,A607,2021,out,286,out,2,10,41,qua
2021-10-14,23.4625,20.5,27.7,24,2.4747090298878964,A607,2021,out,287,out,0,10,41,qui
2021-10-15,24.7125,22.6,28.9,24,1.9505434025464263,A607,2021,out,288,out,0,10,41,sex
2021-10-16,25.625,22.6,31.3,24,2.8915544187377384,A607,2021,out,289,out,0,10,41,sáb
2021-10-17,23.170833333333334,21.1,25,24,1.0844670767615354,A607,2021,out,290,out,0,10,42,dom
2021-10-18,21.720833333333335,20.2,25.8,24,1.390645507502265,A607,2021,out,291,out,0,10,42,seg
2021-10-19,20.795833333333334,18.7,22.6,24,1.0448545422654554,A607,2021,out,292,out,0,10,42,ter
2021-10-20,16.958333333333332,15.9,19.1,24,0.8816568723600526,A607,2021,out,293,out,0,10,42,qua
2021-10-21,18.4375,16.2,22.1,24,2.0099345652338383,A607,2021,out,294,out,0,10,42,qui
2021-10-22,20.3,15.8,26.1,24,3.4743782678093775,A607,2021,out,295,out,1,10,42,sex
2021-10-23,22.775,19.3,27.4,24,3.110605980386682,A607,2021,out,296,out,0,10,42,sáb
2021-10-24,24.65,20.3,31,24,3.3798636453072426,A607,2021,out,297,out,0,10,43,dom
2021-10-25,21.779166666666665,20.2,24.7,24,1.3650861309556757,A607,2021,out,298,out,0,10,43,seg
2021-10-26,23.275,19.3,27.6,24,3.2516550969568128,A607,2021,out,299,out,2,10,43,ter
2021-10-27,25.320833333333333,22.7,29.8,24,2.5715803239095685,A607,2021,out,300,out,0,10,43,qua
2021-10-28,24.9,22,28.9,24,2.367534031709861,A607,2021,out,301,out,0,10,43,qui
2021-10-29,22.479166666666668,20.2,24.5,24,1.1587021099964154,A607,2021,out,302,out,0,10,43,sex
2021-10-30,21.275,19.3,24.4,24,1.5077336865525082,A607,2021,out,303,out,0,10,43,sáb
2021-10-31,22.7875,21.1,26.2,24,1.5688025064831537,A607,2021,out,304,out,0,10,44,dom
2021-11-01,21.9875,20.7,23.3,24,0.8088169030186597,A607,2021,nov,305,nov,0,11,44,seg
2021-11-02,24.191666666666663,20.9,30.6,24,3.2093500177188345,A607,2021,nov,306,nov,0,11,44,ter
2021-11-03,23.504166666666663,20.8,27.8,24,2.2842521688759523,A607,2021,nov,307,nov,0,11,44,qua
2021-11-04,23.370833333333337,20.9,27.4,24,2.1800437105044805,A607,2021,nov,308,nov,2,11,44,qui
2021-11-05,23.225,19.5,27.4,24,2.4514857961439738,A607,2021,nov,309,nov,0,11,44,sex
2021-11-06,22.75,18.5,27.7,24,2.8181091409728585,A607,2021,nov,310,nov,0,11,44,sáb
2021-11-07,22.966666666666665,18.2,28.1,24,3.0654692054032058,A607,2021,nov,311,nov,0,11,45,dom
2021-11-08,23.225,20.8,26.5,24,2.07683915351315,A607,2021,nov,312,nov,1,11,45,seg
2021-11-09,22.258333333333333,21,24.9,24,1.108432762239459,A607,2021,nov,313,nov,0,11,45,ter
2021-11-10,21.295833333333334,19.9,23.1,24,1.042354845140754,A607,2021,nov,314,nov,0,11,45,qua
2021-11-11,20.625,18.6,23.2,24,1.264653243417719,A607,2021,nov,315,nov,0,11,45,qui
2021-11-12,18.720833333333335,17.6,21.4,24,1.1409298902617782,A607,2021,nov,316,nov,0,11,45,sex
2021-11-13,19.479166666666668,16.7,22.9,24,1.9814310082815672,A607,2021,nov,317,nov,0,11,45,sáb
2021-11-14,20.595833333333335,16.8,24.4,24,2.6149202609285225,A607,2021,nov,318,nov,0,11,46,dom
2021-11-15,21.179166666666667,16.3,26.8,24,3.536760881969812,A607,2021,nov,319,nov,0,11,46,seg
2021-11-16,22.5375,19.4,26.2,24,2.3384893860558043,A607,2021,nov,320,nov,1,11,46,ter
2021-11-17,23.208333333333332,19.8,27.1,24,2.676129045219357,A607,2021,nov,321,nov,0,11,46,qua
2021-11-18,26.375,21.3,33.3,24,3.946958102244001,A607,2021,nov,322,nov,0,11,46,qui
2021-11-19,25.091666666666665,23.3,28.8,24,1.5202736214438413,A607,2021,nov,323,nov,0,11,46,sex
2021-11-20,22.791666666666668,21.1,24.1,24,0.8576594371572714,A607,2021,nov,324,nov,0,11,46,sáb
2021-11-21,21.808333333333337,19.6,25.5,24,1.5841378581497216,A607,2021,nov,325,nov,0,11,47,dom
2021-11-22,21.570833333333333,18.4,25.2,24,2.2273944939960812,A607,2021,nov,326,nov,0,11,47,seg
2021-11-23,23.554166666666667,17.2,31.5,24,4.8254739948902765,A607,2021,nov,327,nov,0,11,47,ter
2021-11-24,24.208333333333332,19.7,29.4,24,3.3599840406798345,A607,2021,nov,328,nov,2,11,47,qua
2021-11-25,24.654166666666665,21.7,28.8,24,2.4680531258228737,A607,2021,nov,329,nov,0,11,47,qui
2021-11-26,24.254166666666663,19.6,31.2,24,3.9057348211000735,A607,2021,nov,330,nov,0,11,47,sex
2021-11-27,24.3125,21.7,29.2,24,2.301854167556158,A607,2021,nov,331,nov,0,11,47,sáb
2021-11-28,24.475,20.8,31.9,24,3.663005418457933,A607,2021,nov,332,nov,0,11,48,dom
2021-11-29,25.1125,20.6,32,24,3.779614944731114,A607,2021,nov,333,nov,0,11,48,seg
2021-11-30,26.7125,23.1,33.2,24,3.646119139936146,A607,2021,nov,334,nov,0,11,48,ter
2021-12-01,25.2,22.7,31.3,24,2.8432987577964717,A607,2021,dez,335,dez,0,12,48,qua
2021-12-02,24.795833333333334,22.7,28.6,24,1.929288935618885,A607,2021,dez,336,dez,0,12,48,qui
2021-12-03,23.045833333333334,20.4,25.9,24,1.6492367580362652,A607,2021,dez,337,dez,0,12,48,sex
2021-12-04,23.204166666666666,19.3,27.3,24,3.135834840186507,A607,2021,dez,338,dez,0,12,48,sáb
2021-12-05,25,20.7,30.3,24,3.4377697522616635,A607,2021,dez,339,dez,0,12,49,dom
2021-12-06,24.945833333333333,22.1,27.8,24,1.8062642607631216,A607,2021,dez,340,dez,0,12,49,seg
2021-12-07,22.7375,20.6,25.9,24,1.6515638175614833,A607,2021,dez,341,dez,1,12,49,ter
2021-12-08,20.454166666666666,19.3,22.2,24,0.8161304066016105,A607,2021,dez,342,dez,0,12,49,qua
2021-12-09,21.8625,17.5,28.4,24,3.81903840617322,A607,2021,dez,343,dez,2,12,49,qui
2021-12-10,23.5375,18.8,28,24,3.2956905326435795,A607,2021,dez,344,dez,0,12,49,sex
2021-12-11,26.175,21.9,32.3,24,3.296275896008811,A607,2021,dez,345,dez,0,12,49,sáb
2021-12-12,26.804166666666667,23,33.6,24,3.33655369801089,A607,2021,dez,346,dez,0,12,50,dom
2021-12-13,27.683333333333337,24.2,34.8,24,3.649975183556693,A607,2021,dez,347,dez,0,12,50,seg
2021-12-14,26.75,23.8,33.3,24,3.0622526519455935,A607,2021,dez,348,dez,0,12,50,ter
2021-12-15,26.75,24,31.5,24,2.5954810226874003,A607,2021,dez,349,dez,0,12,50,qua
2021-12-16,26.370833333333337,23.6,31.9,24,2.3806245374703243,A607,2021,dez,350,dez,0,12,50,qui
2021-12-17,26.425,23,32.9,24,3.1947307160113017,A607,2021,dez,351,dez,0,12,50,sex
2021-12-18,24.175,23.2,26.7,24,0.9727817575520664,A607,2021,dez,352,dez,0,12,50,sáb
2021-12-19,22.625,21,25.1,24,1.4374645553286134,A607,2021,dez,353,dez,0,12,51,dom
2021-12-20,22.741666666666667,20,25.4,24,2.0546694786915647,A607,2021,dez,354,dez,1,12,51,seg
2021-12-21,23.858333333333334,20.8,27.4,24,2.1137061345391426,A607,2021,dez,355,dez,1,12,51,ter
2021-12-22,26.125,21.4,33.5,24,4.262908784427346,A607,2021,dez,356,dez,0,12,51,qua
2021-12-23,24.6,23.1,28.2,24,1.3890879084461514,A607,2021,dez,357,dez,0,12,51,qui
2021-12-24,23.270833333333332,19.5,26.6,24,2.1862175329663045,A607,2021,dez,358,dez,0,12,51,sex
2021-12-25,23.729166666666668,19.4,27.9,24,3.07620307559804,A607,2021,dez,359,dez,0,12,51,sáb
2021-12-26,24.041666666666668,18.4,30.2,24,4.052794705821679,A607,2021,dez,360,dez,0,12,52,dom
2021-12-27,25.9625,20.3,34.1,24,4.730733236668682,A607,2021,dez,361,dez,1,12,52,seg
2021-12-28,26.525,21.6,33.9,24,4.340531924926292,A607,2021,dez,362,dez,0,12,52,ter
2021-12-29,25.108333333333334,21.7,31.2,24,3.0979539765109023,A607,2021,dez,363,dez,0,12,52,qua
2021-12-30,24.27916666666667,22.2,26.8,24,1.6043362887924193,A607,2021,dez,364,dez,1,12,52,qui
2021-12-31,25.7125,23.5,28.7,24,1.6424564053509183,A607,2021,dez,365,dez,0,12,52,sex
2022-01-01,25.891666666666666,23.4,30.7,24,2.173139717524867,A607,2022,jan,1,jan,0,1,52,sáb
2022-01-02,26.391666666666666,23.6,31.5,24,2.647708881059354,A607,2022,jan,2,jan,0,1,1,dom
2022-01-03,25.204166666666666,23.1,30.1,24,2.1587998208881403,A607,2022,jan,3,jan,0,1,1,seg
2022-01-04,25.616666666666667,22.6,30.6,24,2.685657018904016,A607,2022,jan,4,jan,0,1,1,ter
2022-01-05,27.341666666666665,22.4,34.3,24,4.1161312214121715,A607,2022,jan,5,jan,0,1,1,qua
2022-01-06,26.925,24.1,31.9,24,2.5396422206081803,A607,2022,jan,6,jan,0,1,1,qui
2022-01-07,25.041666666666668,23.2,29.3,24,1.9951934997511585,A607,2022,jan,7,jan,0,1,1,sex
2022-01-08,23.0125,21.5,25.5,24,0.8704384202677755,A607,2022,jan,8,jan,0,1,1,sáb
2022-01-09,21.816666666666663,21.4,22.4,24,0.2943920288775946,A607,2022,jan,9,jan,0,1,2,dom
2022-01-10,24.383333333333333,21.1,30,24,3.3689976146527965,A607,2022,jan,10,jan,0,1,2,seg
2022-01-11,26.025,22.8,33.4,24,3.2026144211307708,A607,2022,jan,11,jan,0,1,2,ter
2022-01-12,27.645833333333332,23.4,34.5,24,3.8787020651430457,A607,2022,jan,12,jan,0,1,2,qua
2022-01-13,28.210526315789473,24.1,33.9,19,3.1196322320359964,A607,2022,jan,13,jan,0,1,2,qui
2022-01-14,26.770833333333332,23,31.6,24,3.073233556492839,A607,2022,jan,14,jan,0,1,2,sex
2022-01-15,25.95,22.3,30.5,24,3.0744387964380553,A607,2022,jan,15,jan,0,1,2,sáb
2022-01-16,26.095833333333335,23.3,30.1,24,2.3536242481435465,A607,2022,jan,16,jan,0,1,3,dom
2022-01-17,26.491666666666667,23.2,30.7,24,2.8726471153407207,A607,2022,jan,17,jan,1,1,3,seg
2022-01-18,26.9375,23.3,32.2,24,3.103548109755223,A607,2022,jan,18,jan,1,1,3,ter
2022-01-19,27.241666666666667,23.8,31.6,24,2.802625580581098,A607,2022,jan,19,jan,0,1,3,qua
2022-01-20,27.066666666666663,24.2,31.6,24,2.6921248544382297,A607,2022,jan,20,jan,0,1,3,qui
2022-01-21,26.575,22.7,31.6,24,3.025435649549535,A607,2022,jan,21,jan,0,1,3,sex
2022-01-22,26.345833333333335,22.8,30.6,24,2.687164202142356,A607,2022,jan,22,jan,0,1,3,sáb
2022-01-23,25.895833333333332,21.5,31,24,3.214840474325642,A607,2022,jan,23,jan,0,1,4,dom
2022-01-24,26.275,22.1,31,24,3.360932841521441,A607,2022,jan,24,jan,1,1,4,seg
2022-01-25,26.416666666666668,22.5,30.9,24,3.062631245339134,A607,2022,jan,25,jan,0,1,4,ter
2022-01-26,26.46666666666667,22.3,33.2,24,3.805449943878163,A607,2022,jan,26,jan,0,1,4,qua
2022-01-27,27.2,21.6,34.6,24,4.464643712353862,A607,2022,jan,27,jan,0,1,4,qui
2022-01-28,28.070833333333333,22.9,36.8,24,4.764586680068279,A607,2022,jan,28,jan,0,1,4,sex
2022-01-29,27.02916666666667,23.1,34.6,24,3.985351347412025,A607,2022,jan,29,jan,0,1,4,sáb
2022-01-30,26.179166666666667,22.4,33.5,24,3.8765716775282897,A607,2022,jan,30,jan,0,1,5,dom
2022-01-31,27.029166666666665,23,34,24,4.02842931595221,A607,2022,jan,31,jan,1,1,5,seg
2022-02-01,27.808333333333337,23.7,35.9,24,4.322028173928518,A607,2022,fev,32,fev,0,2,5,ter
2022-02-02,25.325,22.8,29.8,24,2.5153874280204787,A607,2022,fev,33,fev,1,2,5,qua
2022-02-03,24.570833333333333,23.2,27.4,24,1.4192708374883658,A607,2022,fev,34,fev,0,2,5,qui
2022-02-04,26.379166666666663,23.4,30.9,24,2.6239663251197256,A607,2022,fev,35,fev,0,2,5,sex
2022-02-05,26.525,22.8,31.9,24,2.9343912782573907,A607,2022,fev,36,fev,0,2,5,sáb
2022-02-06,26.908333333333335,23.3,32.2,24,3.0276862548769836,A607,2022,fev,37,fev,0,2,6,dom
2022-02-07,26.729166666666668,23.1,31.8,24,2.9578898422423676,A607,2022,fev,38,fev,3,2,6,seg
2022-02-08,25.725,22.3,32.2,24,2.8132064330195554,A607,2022,fev,39,fev,0,2,6,ter
2022-02-09,21.875,18.9,25.9,24,2.337640951342037,A607,2022,fev,40,fev,0,2,6,qua
2022-02-10,22.666666666666668,20.5,25.8,24,1.8924717370048936,A607,2022,fev,41,fev,0,2,6,qui
2022-02-11,23.225,20.7,27.7,24,2.2010373048613476,A607,2022,fev,42,fev,0,2,6,sex
2022-02-12,24.208333333333332,22,28.8,24,2.1149399552925265,A607,2022,fev,43,fev,0,2,6,sáb
2022-02-13,24.71666666666667,21.8,29.3,24,2.80258679680455,A607,2022,fev,44,fev,0,2,7,dom
2022-02-14,26.570833333333333,22.9,32.1,24,3.1819435087307295,A607,2022,fev,45,fev,2,2,7,seg
2022-02-15,26.05,22.6,29.7,24,2.011488741336063,A607,2022,fev,46,fev,0,2,7,ter
2022-02-16,25.766666666666666,23.4,29.3,24,1.9705807280588892,A607,2022,fev,47,fev,0,2,7,qua
2022-02-17,25.191666666666663,21.2,29.9,24,3.0806431664249234,A607,2022,fev,48,fev,0,2,7,qui
2022-02-18,25.404166666666665,22.7,30.9,24,2.420470519595701,A607,2022,fev,49,fev,0,2,7,sex
2022-02-19,24.4125,22.4,30.1,24,2.284220445464549,A607,2022,fev,50,fev,0,2,7,sáb
2022-02-20,25.520833333333332,22.7,30.6,24,2.8930169549190823,A607,2022,fev,51,fev,0,2,8,dom
2022-02-21,26.854166666666668,23.6,33.6,24,3.15111838899291,A607,2022,fev,52,fev,2,2,8,seg
2022-02-22,26.429166666666667,22.9,32.8,24,3.082415648786525,A607,2022,fev,53,fev,0,2,8,ter
2022-02-23,26.266666666666666,22.1,33.9,24,3.878218625882884,A607,2022,fev,54,fev,0,2,8,qua
2022-02-24,26.3875,23.1,30.6,24,2.647773880402012,A607,2022,fev,55,fev,1,2,8,qui
2022-02-25,26.966666666666665,23.8,31.9,24,2.8713981848973655,A607,2022,fev,56,fev,0,2,8,sex
2022-02-26,26.691666666666663,23.3,30.9,24,2.7245927763798847,A607,2022,fev,57,fev,0,2,8,sáb
2022-02-27,26.3125,23.1,30.8,24,2.941651783843782,A607,2022,fev,58,fev,0,2,9,dom
2022-02-28,26.445833333333333,22.4,32.8,24,3.514192240252271,A607,2022,fev,59,fev,0,2,9,seg
2022-03-01,27.095833333333335,22.2,33.6,24,3.9237824660115543,A607,2022,mar,60,mar,0,3,9,ter
2022-03-02,27.370833333333337,23,34.6,24,3.9531472510400874,A607,2022,mar,61,mar,0,3,9,qua
2022-03-03,27.595833333333335,22.9,34.2,24,4.0946921280101645,A607,2022,mar,62,mar,0,3,9,qui
2022-03-04,27.483333333333334,22.6,34.6,24,3.9475547375301967,A607,2022,mar,63,mar,0,3,9,sex
2022-03-05,26.858333333333334,22.1,33.5,24,3.7523229520167742,A607,2022,mar,64,mar,0,3,9,sáb
2022-03-06,26.85,22.4,32.9,24,3.4667363426665747,A607,2022,mar,65,mar,0,3,10,dom
2022-03-07,26.7375,22.5,32.6,24,3.3454462885488416,A607,2022,mar,66,mar,1,3,10,seg
2022-03-08,27.204761904761902,23,32.3,21,3.296737203732835,A607,2022,mar,67,mar,0,3,10,ter
2022-03-09,26.679166666666667,21.9,31.8,24,3.3732939864234455,A607,2022,mar,68,mar,1,3,10,qua
2022-03-10,26.425,22.2,31.7,24,3.2395987405850124,A607,2022,mar,69,mar,0,3,10,qui
2022-03-11,26.533333333333335,21.8,33,24,3.947334451926048,A607,2022,mar,70,mar,1,3,10,sex
2022-03-12,27.470833333333335,22.2,34.6,24,4.04684301719218,A607,2022,mar,71,mar,0,3,10,sáb
2022-03-13,27.170833333333334,23,34,24,3.344753083324059,A607,2022,mar,72,mar,0,3,11,dom
2022-03-14,26.958333333333332,22.8,33.3,24,3.505265190819521,A607,2022,mar,73,mar,0,3,11,seg
2022-03-15,27.633333333333333,22.7,34.9,24,3.876985232465249,A607,2022,mar,74,mar,0,3,11,ter
2022-03-16,27.079166666666666,22.7,33.2,24,3.4925982811687906,A607,2022,mar,75,mar,0,3,11,qua
2022-03-17,27.575,23,32.6,24,3.0088637173466695,A607,2022,mar,76,mar,1,3,11,qui
2022-03-18,27.291666666666668,22.7,34.3,24,3.547554781470785,A607,2022,mar,77,mar,0,3,11,sex
2022-03-19,26.90416666666667,21.6,33.7,24,3.788825579960408,A607,2022,mar,78,mar,0,3,11,sáb
2022-03-20,27.120833333333337,22.1,34.1,24,4.036461985739348,A607,2022,mar,79,mar,0,3,12,dom
2022-03-21,23.1875,20.1,26.6,24,1.918403434924582,A607,2022,mar,80,mar,0,3,12,seg
2022-03-22,22.166666666666664,20.9,24.5,24,1.1040111320589778,A607,2022,mar,81,mar,1,3,12,ter
2022-03-23,23.7625,19.8,28.3,24,2.946894090836774,A607,2022,mar,82,mar,1,3,12,qua
2022-03-24,25.083333333333332,20.6,30.8,24,3.4068558329736622,A607,2022,mar,83,mar,1,3,12,qui
2022-03-25,26.270833333333332,21.4,33.8,24,4.354356056487189,A607,2022,mar,84,mar,1,3,12,sex
2022-03-26,27.616666666666667,22.9,35.9,24,4.168272154457191,A607,2022,mar,85,mar,0,3,12,sáb
2022-03-27,27.554166666666667,22.1,34.7,24,4.098353769892054,A607,2022,mar,86,mar,0,3,13,dom
2022-03-28,27.0625,22.8,33.3,24,3.335293807539104,A607,2022,mar,87,mar,0,3,13,seg
2022-03-29,25.775,22,32.3,24,3.3040488995223396,A607,2022,mar,88,mar,1,3,13,ter
2022-03-30,26.658333333333335,22.5,35.4,24,4.292350796745163,A607,2022,mar,89,mar,0,3,13,qua
2022-03-31,26.429166666666667,22.9,33.1,24,3.240568813014786,A607,2022,mar,90,mar,0,3,13,qui
2022-04-01,26.379166666666663,22.2,32.4,24,3.328530053768567,A607,2022,abr,91,abr,0,4,13,sex
2022-04-02,26.3125,22.8,32.5,24,3.0546205200874184,A607,2022,abr,92,abr,0,4,13,sáb
2022-04-03,25.725,22.4,31.3,24,2.952854183004464,A607,2022,abr,93,abr,0,4,14,dom
2022-04-04,26.3625,22.9,31.6,24,3.0017114683344293,A607,2022,abr,94,abr,1,4,14,seg
2022-04-05,26.9375,22.8,34.8,24,4.0830308968152345,A607,2022,abr,95,abr,3,4,14,ter
2022-04-06,26.4875,23.9,30.3,24,2.081243879740316,A607,2022,abr,96,abr,0,4,14,qua
2022-04-07,25.3,23.3,28.1,24,1.6818726622945963,A607,2022,abr,97,abr,0,4,14,qui
2022-04-08,25.0375,20.2,30.1,24,3.0471387148973195,A607,2022,abr,98,abr,0,4,14,sex
2022-04-09,26.2875,22.6,33.6,24,3.7215369078542992,A607,2022,abr,99,abr,0,4,14,sáb
2022-04-10,25.770833333333332,21.2,30.5,24,2.913160418375275,A607,2022,abr,100,abr,0,4,15,dom
2022-04-11,25.3625,21.3,30.8,24,2.888329214645365,A607,2022,abr,101,abr,0,4,15,seg
2022-04-12,25.4375,21.1,32.3,24,3.5838784553342062,A607,2022,abr,102,abr,3,4,15,ter
2022-04-13,26.645833333333332,22.4,33.2,24,3.827018270217652,A607,2022,abr,103,abr,0,4,15,qua
2022-04-14,25.329166666666666,22.3,30.5,24,2.5567437114026705,A607,2022,abr,104,abr,0,4,15,qui
2022-04-15,22.529166666666665,20,25.7,24,1.7879984356249037,A607,2022,abr,105,abr,0,4,15,sex
2022-04-16,21.041666666666668,15.5,27.8,24,4.325849166868021,A607,2022,abr,106,abr,0,4,15,sáb
2022-04-17,21.866666666666667,16.5,27.2,24,3.808419353355732,A607,2022,abr,107,abr,0,4,16,dom
2022-04-18,22.233333333333334,16.7,27.8,24,3.5140298514812662,A607,2022,abr,108,abr,3,4,16,seg
2022-04-19,22.65,17.4,28,24,3.5306114755526905,A607,2022,abr,109,abr,2,4,16,ter
2022-04-20,23.054166666666667,17.9,29.8,24,4.195855011241727,A607,2022,abr,110,abr,9,4,16,qua
2022-04-21,23.633333333333333,18.8,30.4,24,3.6110538828612815,A607,2022,abr,111,abr,0,4,16,qui
2022-04-22,24.758333333333333,19.8,32.8,24,4.9476315516633305,A607,2022,abr,112,abr,0,4,16,sex
2022-04-23,26.645833333333332,20.5,35,24,5.408606600809384,A607,2022,abr,113,abr,1,4,16,sáb
2022-04-24,25.554166666666667,23.4,29.4,24,2.104648925937358,A607,2022,abr,114,abr,0,4,17,dom
2022-04-25,23.925,21.3,27.5,24,1.9715917206773512,A607,2022,abr,115,abr,17,4,17,seg
2022-04-26,23.875,19.3,30.6,24,4.030562588846462,A607,2022,abr,116,abr,5,4,17,ter
2022-04-27,25.304166666666667,21,31.7,24,3.8103382443336815,A607,2022,abr,117,abr,8,4,17,qua
2022-04-28,25.245833333333337,20.9,32,24,3.630783741798752,A607,2022,abr,118,abr,5,4,17,qui
2022-04-29,25.654166666666665,21,32.9,24,3.786702037240398,A607,2022,abr,119,abr,4,4,17,sex
2022-04-30,24.745833333333337,21,30.9,24,2.9534032199667797,A607,2022,abr,120,abr,0,4,17,sáb
2022-05-01,24.71666666666667,20.5,31.2,24,3.225936556516056,A607,2022,mai,121,mai,0,5,18,dom
2022-05-02,25.945833333333333,21.2,33.6,24,4.3986143239677755,A607,2022,mai,122,mai,11,5,18,seg
2022-05-03,25.2375,20.3,33,24,4.239033164993292,A607,2022,mai,123,mai,7,5,18,ter
2022-05-04,26.041666666666668,21.4,33.3,24,3.900046450856782,A607,2022,mai,124,mai,8,5,18,qua
2022-05-05,23.933333333333337,22.4,25.4,24,0.8981462390204986,A607,2022,mai,125,mai,9,5,18,qui
2022-05-06,23.40833333333333,20.4,27,24,2.0884603579351624,A607,2022,mai,126,mai,12,5,18,sex
2022-05-07,22.604166666666668,17.4,27.8,24,3.239361070477871,A607,2022,mai,127,mai,0,5,18,sáb
2022-05-08,22.4375,19.7,26.7,24,2.1956107400309213,A607,2022,mai,128,mai,0,5,19,dom
2022-05-09,22.1375,18.2,26.8,24,3.0418547688511706,A607,2022,mai,129,mai,18,5,19,seg
2022-05-10,20.5125,18.2,23.5,24,1.487429209130274,A607,2022,mai,130,mai,9,5,19,ter
2022-05-11,22.558333333333337,18.2,29.2,24,3.885414942494857,A607,2022,mai,131,mai,15,5,19,qua
2022-05-12,23.216666666666665,19.7,28.1,24,2.8208334671290616,A607,2022,mai,132,mai,14,5,19,qui
2022-05-13,23.3625,20.7,27.1,24,2.239528774192192,A607,2022,mai,133,mai,10,5,19,sex
2022-05-14,22.504166666666663,19.4,28.1,24,2.755465583111164,A607,2022,mai,134,mai,0,5,19,sáb
2022-05-15,23.241666666666667,20.1,27.8,24,2.6853736954208016,A607,2022,mai,135,mai,0,5,20,dom
2022-05-16,24,20.6,28.1,24,2.56853874885076,A607,2022,mai,136,mai,29,5,20,seg
2022-05-17,22.870833333333337,19.8,29.2,24,3.0503712057311354,A607,2022,mai,137,mai,23,5,20,ter
2022-05-18,19.525,16.3,23.4,24,2.178002674969412,A607,2022,mai,138,mai,21,5,20,qua
2022-05-19,19.058333333333337,15.4,24.7,24,2.9544243412898212,A607,2022,mai,139,mai,9,5,20,qui
2022-05-20,18.575,13,25.2,24,4.263622668678546,A607,2022,mai,140,mai,16,5,20,sex
2022-05-21,18.570833333333333,12.7,26.2,24,4.775888641796475,A607,2022,mai,141,mai,1,5,20,sáb
2022-05-22,19.516666666666666,15.1,26.6,24,4.238607920231509,A607,2022,mai,142,mai,0,5,21,dom
2022-05-23,19.708333333333332,16.3,25.2,24,2.941001998235157,A607,2022,mai,143,mai,26,5,21,seg
2022-05-24,20.2875,16.6,25.6,24,2.9518325185198604,A607,2022,mai,144,mai,13,5,21,ter
2022-05-25,21.775,17,27.2,24,3.2713844961635328,A607,2022,mai,145,mai,12,5,21,qua
2022-05-26,20.754166666666663,17.3,25.8,24,3.195646381735853,A607,2022,mai,146,mai,11,5,21,qui
2022-05-27,20.6375,14.9,27.2,24,4.350893211644068,A607,2022,mai,147,mai,7,5,21,sex
2022-05-28,22.258333333333333,18,28.2,24,3.631853840511837,A607,2022,mai,148,mai,0,5,21,sáb
2022-05-29,23.420833333333334,19.7,30.1,24,3.5849903482577816,A607,2022,mai,149,mai,0,5,22,dom
2022-05-30,24.816666666666663,20.1,31.9,24,3.9751036810833393,A607,2022,mai,150,mai,19,5,22,seg
2022-05-31,22.770833333333332,18.7,28.5,24,3.29142220702959,A607,2022,mai,151,mai,11,5,22,ter
2022-06-01,23.225,19,30.4,24,3.790749610393128,A607,2022,jun,152,jun,11,6,22,qua
2022-06-02,24.55,20.2,32.3,24,4.4685373543203735,A607,2022,jun,153,jun,10,6,22,qui
2022-06-03,22.666666666666668,19.6,26,24,1.716585758611164,A607,2022,jun,154,jun,4,6,22,sex
2022-06-04,19.308333333333337,17.6,21.2,24,1.1945225230070022,A607,2022,jun,155,jun,0,6,22,sáb
2022-06-05,19.245833333333337,16.7,23.9,24,2.3323768743618536,A607,2022,jun,156,jun,1,6,23,dom
2022-06-06,18.891666666666666,12.8,27.1,24,5.353090668963579,A607,2022,jun,157,jun,17,6,23,seg
2022-06-07,22.1125,16.6,30.4,24,5.561147246355933,A607,2022,jun,158,jun,13,6,23,ter
2022-06-08,22.379166666666663,15.8,30.5,24,4.847947047948249,A607,2022,jun,159,jun,9,6,23,qua
2022-06-09,22.2625,18.3,28.4,24,3.357770028637666,A607,2022,jun,160,jun,9,6,23,qui
2022-06-10,23.483333333333334,18.9,30.6,24,4.2148460868971105,A607,2022,jun,161,jun,7,6,23,sex
2022-06-11,20.370833333333337,18.5,23.3,24,1.2623233123600055,A607,2022,jun,162,jun,0,6,23,sáb
2022-06-12,19.325,17.6,21.6,24,1.4546028891822649,A607,2022,jun,163,jun,0,6,24,dom
2022-06-13,20.020833333333332,16.4,24.6,24,2.635209614080999,A607,2022,jun,164,jun,18,6,24,seg
2022-06-14,18.758333333333333,16,23.1,24,2.3104519916668043,A607,2022,jun,165,jun,2,6,24,ter
2022-06-15,18.058333333333337,12.5,25.4,24,4.7232005238403545,A607,2022,jun,166,jun,11,6,24,qua
2022-06-16,18.85,13.7,27,24,4.613025037868319,A607,2022,jun,167,jun,0,6,24,qui
2022-06-17,19.658333333333335,13.8,28,24,4.675925080913812,A607,2022,jun,168,jun,3,6,24,sex
2022-06-18,22.754166666666663,16.8,32.4,24,5.929658628392985,A607,2022,jun,169,jun,0,6,24,sáb
2022-06-19,20.3625,17.8,23.3,24,1.6072694912152423,A607,2022,jun,170,jun,0,6,25,dom
2022-06-20,19.720833333333335,15.5,24.8,24,3.4589492205213026,A607,2022,jun,171,jun,8,6,25,seg
2022-06-21,20.825,16.2,27.7,24,4.04896658849917,A607,2022,jun,172,jun,7,6,25,ter
2022-06-22,22.083333333333332,17.8,29.4,24,4.066904245851817,A607,2022,jun,173,jun,6,6,25,qua
2022-06-23,22.745833333333337,17.5,31,24,4.446687009709458,A607,2022,jun,174,jun,5,6,25,qui
2022-06-24,22.9125,17.5,30.6,24,4.101464478642381,A607,2022,jun,175,jun,5,6,25,sex
2022-06-25,21.479166666666668,17.3,28,24,2.884437880083045,A607,2022,jun,176,jun,0,6,25,sáb
2022-06-26,19.008333333333333,17.3,21.2,24,1.2250702434755627,A607,2022,jun,177,jun,0,6,26,dom
2022-06-27,18.7375,15.3,24,24,2.7234588781308164,A607,2022,jun,178,jun,16,6,26,seg
2022-06-28,17.4875,11.7,24.8,24,4.802744912615303,A607,2022,jun,179,jun,6,6,26,ter
2022-06-29,20.495833333333337,14.6,28.9,24,5.160424583700257,A607,2022,jun,180,jun,2,6,26,qua
2022-06-30,20.5,16.7,25.2,24,2.7806786784962187,A607,2022,jun,181,jun,6,6,26,qui
2022-07-01,20.22083333333333,15.5,25.8,24,3.162549764745648,A607,2022,jul,182,jul,5,7,26,sex
2022-07-02,21.175,16.2,27.9,24,4.060333034102755,A607,2022,jul,183,jul,0,7,26,sáb
2022-07-03,21.875,16.2,29.7,24,4.481968705631585,A607,2022,jul,184,jul,0,7,27,dom
2022-07-04,21.46666666666667,16.1,28.8,24,4.28746065178209,A607,2022,jul,185,jul,16,7,27,seg
2022-07-05,22.25,16.6,30.1,24,4.116245651181373,A607,2022,jul,186,jul,6,7,27,ter
2022-07-06,21.8625,16.7,29.5,24,4.327647468162772,A607,2022,jul,187,jul,6,7,27,qua
2022-07-07,21.370833333333337,16,29.3,24,4.250061806882206,A607,2022,jul,188,jul,12,7,27,qui
2022-07-08,21.616666666666667,16.1,29.3,24,4.333957591601134,A607,2022,jul,189,jul,4,7,27,sex
2022-07-09,21.008333333333333,15.7,26.7,24,3.6837972689658938,A607,2022,jul,190,jul,0,7,27,sáb
2022-07-10,22.066666666666663,18.9,26.9,24,2.567805130535765,A607,2022,jul,191,jul,0,7,28,dom
2022-07-11,22.079166666666666,17.3,28.2,24,3.3950064566329927,A607,2022,jul,192,jul,4,7,28,seg
2022-07-12,23.345833333333335,18.8,32.1,24,4.05033323016296,A607,2022,jul,193,jul,8,7,28,ter
2022-07-13,21.870833333333337,17.5,27.5,24,3.331728780478187,A607,2022,jul,194,jul,12,7,28,qua
2022-07-14,22.470833333333335,20,26.1,24,1.9389551571527577,A607,2022,jul,195,jul,2,7,28,qui
2022-07-15,22.708333333333332,19.8,28.3,24,2.764041883950365,A607,2022,jul,196,jul,9,7,28,sex
2022-07-16,22.920833333333334,17.8,31.2,24,4.185168342847276,A607,2022,jul,197,jul,0,7,28,sáb
2022-07-17,23.1375,17.8,32.6,24,4.7437659319776,A607,2022,jul,198,jul,0,7,29,dom
2022-07-18,22.52173913043478,18.7,28.1,23,2.97885831115625,A607,2022,jul,199,jul,10,7,29,seg
2022-07-19,21.9,17.5,28.8,24,3.7887705933053866,A607,2022,jul,200,jul,4,7,29,ter
2022-07-20,21.6625,18.1,26.8,24,3.0263785935180594,A607,2022,jul,201,jul,7,7,29,qua
2022-07-21,21.916666666666668,19.1,26.3,24,2.3830318041751233,A607,2022,jul,202,jul,4,7,29,qui
2022-07-22,21.8875,17.4,27.8,24,3.522636426216073,A607,2022,jul,203,jul,8,7,29,sex
2022-07-23,22.433333333333337,18.3,29.4,24,3.675851473872552,A607,2022,jul,204,jul,0,7,29,sáb
2022-07-24,22.05,17.9,27.5,24,3.3155758893834526,A607,2022,jul,205,jul,0,7,30,dom
2022-07-25,21.2875,17.3,27.5,24,3.46263439544543,A607,2022,jul,206,jul,12,7,30,seg
2022-07-26,21.341666666666665,17.7,27.1,24,3.33361230716662,A607,2022,jul,207,jul,8,7,30,ter
2022-07-27,21.0625,17,26.9,24,3.502025811242501,A607,2022,jul,208,jul,2,7,30,qua
2022-07-28,21.479166666666668,15.9,30.4,24,4.784029515565001,A607,2022,jul,209,jul,6,7,30,qui
2022-07-29,23.025,17.2,32.6,24,5.4655641341354535,A607,2022,jul,210,jul,2,7,30,sex
2022-07-30,19.458333333333332,17.5,21.4,24,1.357080199054819,A607,2022,jul,211,jul,0,7,30,sáb
2022-07-31,19.195833333333333,14.9,23.6,24,3.18754084941145,A607,2022,jul,212,jul,0,7,31,dom
2022-08-01,20.591666666666665,15.3,28.3,24,4.48600884554621,A607,2022,ago,213,ago,6,8,31,seg
2022-08-02,22.65,18.4,30.5,24,3.968900844445913,A607,2022,ago,214,ago,3,8,31,ter
2022-08-03,22.829166666666666,19.8,28.7,24,3.098453915530561,A607,2022,ago,215,ago,3,8,31,qua
2022-08-04,21.758333333333333,16.6,30.4,24,4.61471339414973,A607,2022,ago,216,ago,4,8,31,qui
2022-08-05,24.8,19.3,33.9,24,5.45016952269257,A607,2022,ago,217,ago,3,8,31,sex
2022-08-06,22.195833333333333,20.4,25.2,24,1.444473476111073,A607,2022,ago,218,ago,0,8,31,sáb
2022-08-07,22.5,18.2,29.7,24,3.648585193337752,A607,2022,ago,219,ago,0,8,32,dom
2022-08-08,22.658333333333335,18.3,27.6,24,2.805261619461399,A607,2022,ago,220,ago,6,8,32,seg
2022-08-09,22.8625,19.7,27.5,24,2.6916638623398144,A607,2022,ago,221,ago,4,8,32,ter
2022-08-10,24.645833333333332,21,31.5,24,3.4836236963786744,A607,2022,ago,222,ago,2,8,32,qua
2022-08-11,22.491666666666667,18.5,28.7,24,2.8495486548279683,A607,2022,ago,223,ago,3,8,32,qui
2022-08-12,19.708333333333332,15.9,24.3,24,2.6108330615652773,A607,2022,ago,224,ago,3,8,32,sex
2022-08-13,19.3375,15.2,24.8,24,3.446713935986237,A607,2022,ago,225,ago,0,8,32,sáb
2022-08-14,19.608333333333334,14.7,25.7,24,3.9995561347932496,A607,2022,ago,226,ago,0,8,33,dom
2022-08-15,20.591666666666665,14.9,26.9,24,4.281397239084524,A607,2022,ago,227,ago,6,8,33,seg
2022-08-16,22.716666666666665,17,29.8,24,3.8963379313609745,A607,2022,ago,228,ago,2,8,33,ter
2022-08-17,23.254166666666663,18.8,29,24,3.569676537126319,A607,2022,ago,229,ago,3,8,33,qua
2022-08-18,23.866666666666667,19.2,30.5,24,3.2725029201390856,A607,2022,ago,230,ago,3,8,33,qui
2022-08-19,20.933333333333337,17.1,25.9,24,2.6664855010924455,A607,2022,ago,231,ago,3,8,33,sex
2022-08-20,17.7125,15.6,20.9,24,1.5638059759557077,A607,2022,ago,232,ago,0,8,33,sáb
2022-08-21,18.725,15.8,22.6,24,2.1667948680020452,A607,2022,ago,233,ago,0,8,34,dom
2022-08-22,19.1375,16.3,22.6,24,2.252498612652181,A607,2022,ago,234,ago,2,8,34,seg
2022-08-23,19.466666666666665,13.9,25.4,24,3.581312203850605,A607,2022,ago,235,ago,3,8,34,ter
2022-08-24,20.72083333333333,18.1,26.1,24,2.766724506117952,A607,2022,ago,236,ago,4,8,34,qua
2022-08-25,20.9375,18.2,25.2,24,2.212771722444991,A607,2022,ago,237,ago,4,8,34,qui
2022-08-26,22.725,18.8,27.8,24,2.9949595337325765,A607,2022,ago,238,ago,2,8,34,sex
2022-08-27,23.483333333333334,19.1,29,24,3.014698292881304,A607,2022,ago,239,ago,0,8,34,sáb
2022-08-28,24.1375,19.3,31.5,24,3.941398173899384,A607,2022,ago,240,ago,0,8,35,dom
2022-08-29,20.275,16.4,22,24,1.5927143907288532,A607,2022,ago,241,ago,1,8,35,seg
2022-08-30,17.233333333333334,14.7,21.2,24,2.180081104727163,A607,2022,ago,242,ago,6,8,35,ter
2022-08-31,16.929166666666667,12.4,21.7,24,3.4161355189831055,A607,2022,ago,243,ago,0,8,35,qua
2022-09-01,18.775,13.3,25.4,24,4.023977050673603,A607,2022,set,244,set,3,9,35,qui
2022-09-02,20.758333333333333,13.9,29.1,24,4.7116799059604935,A607,2022,set,245,set,2,9,35,sex
2022-09-03,22.395833333333332,15.6,32.7,24,5.390852087739383,A607,2022,set,246,set,0,9,35,sáb
2022-09-04,20.35,18.6,22.7,24,1.1174505144183846,A607,2022,set,247,set,0,9,36,dom
2022-09-05,20.075,17.9,23,24,1.7708386615435614,A607,2022,set,248,set,0,9,36,seg
2022-09-06,20.5125,16.1,25.1,24,2.644158861898528,A607,2022,set,249,set,3,9,36,ter
2022-09-07,19.895833333333332,14.6,25.3,24,3.7111441065674273,A607,2022,set,250,set,0,9,36,qua
2022-09-08,22.1,15.7,29.2,24,3.8637670287135473,A607,2022,set,251,set,6,9,36,qui
2022-09-09,23.4,18.1,32,24,4.531148237238116,A607,2022,set,252,set,4,9,36,sex
2022-09-10,24.375,18,35.2,24,5.664477411714702,A607,2022,set,253,set,1,9,36,sáb
2022-09-11,21.166666666666668,19.6,23,24,1.039091018596319,A607,2022,set,254,set,0,9,37,dom
2022-09-12,20.391666666666666,18.3,23.4,24,1.815852097660961,A607,2022,set,255,set,6,9,37,seg
2022-09-13,22.529166666666665,18.7,28.6,24,3.676184123536922,A607,2022,set,256,set,6,9,37,ter
2022-09-14,23.28333333333333,18.8,29.7,24,3.6294288287812457,A607,2022,set,257,set,0,9,37,qua
2022-09-15,22.666666666666668,20.3,27.8,24,2.5311394008759507,A607,2022,set,258,set,3,9,37,qui
2022-09-16,18.6125,16.9,20,24,0.937300703454154,A607,2022,set,259,set,1,9,37,sex
2022-09-17,17.354166666666668,15.7,19.9,24,1.436777543722384,A607,2022,set,260,set,0,9,37,sáb
2022-09-18,18.841666666666665,14,24.4,24,3.4122435137459703,A607,2022,set,261,set,0,9,38,dom
2022-09-19,19.3,13.5,26.1,24,4.333790388382297,A607,2022,set,262,set,1,9,38,seg
2022-09-20,22.0875,17,31.4,24,4.728113191097067,A607,2022,set,263,set,2,9,38,ter
2022-09-21,23.033333333333335,20.2,27.5,24,2.3921368774758083,A607,2022,set,264,set,2,9,38,qua
2022-09-22,23.9625,20.3,32.8,24,3.828475971045079,A607,2022,set,265,set,2,9,38,qui
2022-09-23,22.375,20,27.2,24,2.2458173683926113,A607,2022,set,266,set,3,9,38,sex
2022-09-24,21.104166666666668,18.3,25.9,24,2.653050609436594,A607,2022,set,267,set,0,9,38,sáb
2022-09-25,21.2875,17.7,24.8,24,2.3969749957883963,A607,2022,set,268,set,0,9,39,dom
2022-09-26,22.954166666666666,20.2,26.6,24,2.4079540596994766,A607,2022,set,269,set,3,9,39,seg
2022-09-27,24.45,21.9,30,24,2.8253510747608295,A607,2022,set,270,set,5,9,39,ter
2022-09-28,23.658333333333335,20.3,28.8,24,2.2559904152330055,A607,2022,set,271,set,2,9,39,qua
2022-09-29,21,20.2,23.1,24,0.9207747210672772,A607,2022,set,272,set,4,9,39,qui
2022-09-30,20.270833333333332,18.4,22.5,24,1.1877926794164724,A607,2022,set,273,set,2,9,39,sex
2022-10-01,20.5625,17.6,23.9,24,2.2323340290806177,A607,2022,out,274,out,1,10,39,sáb
2022-10-02,22.53333333333333,18.1,29.6,24,3.9788207414702192,A607,2022,out,275,out,0,10,40,dom
2022-10-03,21.995833333333337,20.7,24.3,24,1.2199355530613851,A607,2022,out,276,out,2,10,40,seg
2022-10-04,22.033333333333335,18.9,27.7,24,2.683389593433076,A607,2022,out,277,out,2,10,40,ter
2022-10-05,21.945833333333333,20.1,24.2,24,1.411129417128017,A607,2022,out,278,out,1,10,40,qua
2022-10-06,22.8875,20.1,26,24,1.896521415186464,A607,2022,out,279,out,2,10,40,qui
2022-10-07,25.541666666666668,21.6,32,24,3.0883957657329315,A607,2022,out,280,out,2,10,40,sex
2022-10-08,24.683333333333337,22.2,28.4,24,1.8532384502872772,A607,2022,out,281,out,0,10,40,sáb
2022-10-09,24.225,20.8,30.2,24,3.1227426629695945,A607,2022,out,282,out,0,10,41,dom
2022-10-10,25.2375,22,30.6,24,2.710496906152241,A607,2022,out,283,out,1,10,41,seg
2022-10-11,25.504166666666663,22.2,29.8,24,2.607594121302101,A607,2022,out,284,out,1,10,41,ter
2022-10-12,25.21666666666667,20.8,30.7,24,3.2918432350368647,A607,2022,out,285,out,0,10,41,qua
2022-10-13,25.354166666666668,21.7,31.3,24,2.8676576059438363,A607,2022,out,286,out,1,10,41,qui
2022-10-14,25.233333333333334,22.3,29.7,24,2.6222570209760083,A607,2022,out,287,out,1,10,41,sex
2022-10-15,25.175,22,29.6,24,2.5063831554132205,A607,2022,out,288,out,0,10,41,sáb
2022-10-16,22.604166666666668,19.3,27.3,24,2.630007301472203,A607,2022,out,289,out,0,10,42,dom
2022-10-17,23.525,18.9,30,24,3.5568977690018637,A607,2022,out,290,out,3,10,42,seg
2022-10-18,25.141666666666666,21.4,29.6,24,2.65901529120097,A607,2022,out,291,out,1,10,42,ter
2022-10-19,24.7,21.9,28,24,1.9484665096250524,A607,2022,out,292,out,6,10,42,qua
2022-10-20,24.916666666666668,21.9,29.4,24,2.8194459317956144,A607,2022,out,293,out,1,10,42,qui
2022-10-21,25.833333333333332,22,31.5,24,2.9368226940405995,A607,2022,out,294,out,1,10,42,sex
2022-10-22,25.629166666666663,22.9,32.5,24,3.3013145164058333,A607,2022,out,295,out,0,10,42,sáb
2022-10-23,23.541666666666668,20.9,27.3,24,2.2602263577805206,A607,2022,out,296,out,0,10,43,dom
2022-10-24,23.917391304347827,20.3,28.2,23,2.735565783910664,A607,2022,out,297,out,8,10,43,seg
2022-10-25,23.55238095238095,20.8,28.2,21,2.458784058761372,A607,2022,out,298,out,1,10,43,ter
2022-10-26,23.075,20.1,27.1,24,2.589485428151449,A607,2022,out,299,out,2,10,43,qua
2022-10-27,25.525,21,32.3,24,3.629618497140244,A607,2022,out,300,out,3,10,43,qui
2022-10-28,26.27916666666667,21.7,34.1,24,3.668903303342208,A607,2022,out,301,out,8,10,43,sex
2022-10-29,26.95,22.8,34.3,24,3.7916383977286694,A607,2022,out,302,out,2,10,43,sáb
2022-10-30,26.729166666666668,23.3,33.9,24,3.2908937819470827,A607,2022,out,303,out,0,10,44,dom
2022-10-31,27.15416666666667,24,34,24,3.482000819951789,A607,2022,out,304,out,5,10,44,seg
2022-11-01,23.729166666666668,22.3,25.4,24,0.8814410960450512,A607,2022,nov,305,nov,3,11,44,ter
2022-11-02,19.8625,17,22.1,24,1.244749843909628,A607,2022,nov,306,nov,0,11,44,qua
2022-11-03,18.9875,17.5,20.4,16,1.0726136303441234,A607,2022,nov,307,nov,6,11,44,qui
2022-11-04,19.733333333333334,16.8,24.1,24,2.634332960149027,A607,2022,nov,308,nov,5,11,44,sex
2022-11-05,20.545833333333334,15.2,26.6,24,3.9008337087330966,A607,2022,nov,309,nov,0,11,44,sáb
2022-11-06,21.741666666666667,16.2,27.5,24,3.715644559528484,A607,2022,nov,310,nov,0,11,45,dom
2022-11-07,21.933333333333337,16.6,26.8,24,3.526134312303744,A607,2022,nov,311,nov,7,11,45,seg
2022-11-08,22.291666666666668,19.5,26.4,24,2.3887265420624484,A607,2022,nov,312,nov,4,11,45,ter
2022-11-09,21.139130434782608,18.1,25.6,23,2.304489517606642,A607,2022,nov,313,nov,6,11,45,qua
2022-11-10,24.266666666666666,19,31.7,24,4.214536610421092,A607,2022,nov,314,nov,7,11,45,qui
2022-11-11,25.225,21.8,30.1,24,2.941199104772243,A607,2022,nov,315,nov,3,11,45,sex
2022-11-12,24.9,22.2,30,24,2.165540398466698,A607,2022,nov,316,nov,0,11,45,sáb
2022-11-13,25.7125,21.3,31.9,24,3.275244763505403,A607,2022,nov,317,nov,0,11,46,dom
2022-11-14,26.366666666666667,22.8,33,24,2.9357861944818366,A607,2022,nov,318,nov,0,11,46,seg
2022-11-15,25.6125,21.3,30.9,24,3.045069071823152,A607,2022,nov,319,nov,0,11,46,ter
2022-11-16,22.666666666666668,20.6,26.3,24,1.8525344957573704,A607,2022,nov,320,nov,8,11,46,qua
2022-11-17,23.241666666666667,19.6,27.7,24,2.934934510293227,A607,2022,nov,321,nov,8,11,46,qui
2022-11-18,22.654166666666665,18.5,26.9,24,2.9761339332102974,A607,2022,nov,322,nov,5,11,46,sex
2022-11-19,22.533333333333335,17.5,28.5,24,3.7928613343291726,A607,2022,nov,323,nov,0,11,46,sáb
2022-11-20,23.454166666666666,18.4,30.4,24,4.191915528383349,A607,2022,nov,324,nov,0,11,47,dom
2022-11-21,23.375,21.2,26.6,24,1.9276590894702803,A607,2022,nov,325,nov,11,11,47,seg
2022-11-22,24.1625,20.3,28.3,24,2.8313174840791295,A607,2022,nov,326,nov,3,11,47,ter
2022-11-23,25.025,22.7,28.7,24,1.8935244341197963,A607,2022,nov,327,nov,4,11,47,qua
2022-11-24,23.35,21,25.8,14,1.4200487532259105,A607,2022,nov,328,nov,5,11,47,qui
2022-11-25,23.629166666666663,20.4,28.3,24,2.638424952861851,A607,2022,nov,329,nov,1,11,47,sex
2022-11-26,24.054166666666667,19.9,28.1,24,2.765781463067767,A607,2022,nov,330,nov,0,11,47,sáb
2022-11-27,22.554166666666667,21.4,25.1,24,0.9050482411676076,A607,2022,nov,331,nov,0,11,48,dom
2022-11-28,24.095833333333335,22.3,26.8,24,1.672404976612155,A607,2022,nov,332,nov,3,11,48,seg
2022-11-29,23.45,22.5,26.1,24,1.1302173703973166,A607,2022,nov,333,nov,7,11,48,ter
2022-11-30,23.436363636363637,21.7,25.7,22,1.071956579853358,A607,2022,nov,334,nov,10,11,48,qua
2022-12-01,24.8375,22.2,27.3,24,1.240551244932811,A607,2022,dez,335,dez,1,12,48,qui
2022-12-02,23.829166666666666,23.1,25.5,24,0.7086295203429284,A607,2022,dez,336,dez,5,12,48,sex
2022-12-03,23.154166666666665,21.4,25.9,24,1.2307576905116715,A607,2022,dez,337,dez,0,12,48,sáb
2022-12-04,23.829166666666666,22.3,26.9,24,1.3460018627374752,A607,2022,dez,338,dez,0,12,49,dom
2022-12-05,24.934782608695652,22.5,29,23,2.2634665079057537,A607,2022,dez,339,dez,6,12,49,seg
2022-12-06,24.516666666666666,22.6,27.6,24,1.795808323912072,A607,2022,dez,340,dez,8,12,49,ter
2022-12-07,24.2,22.4,27.8,24,1.9531468477038925,A607,2022,dez,341,dez,3,12,49,qua
2022-12-08,24.05,21.8,27.5,24,1.8280424312457253,A607,2022,dez,342,dez,8,12,49,qui
2022-12-09,25.291666666666668,19.8,32.5,24,4.107883901101337,A607,2022,dez,343,dez,0,12,49,sex
2022-12-10,27.133333333333333,23.8,33.9,24,3.323783421326374,A607,2022,dez,344,dez,0,12,49,sáb
2022-12-11,26.983333333333334,22.7,32,24,3.47358562604253,A607,2022,dez,345,dez,0,12,50,dom
2022-12-12,27.856521739130436,23.7,34.8,23,3.62100263449937,A607,2022,dez,346,dez,9,12,50,seg
2022-12-13,26.545833333333334,23.3,32.7,24,3.008969080521804,A607,2022,dez,347,dez,3,12,50,ter
2022-12-14,23.383333333333333,21.1,25.9,24,1.4333501852733643,A607,2022,dez,348,dez,5,12,50,qua
2022-12-15,22.975,19.5,26.8,24,2.314087293081227,A607,2022,dez,349,dez,8,12,50,qui
2022-12-16,23.83478260869565,19.9,30.4,23,3.569391174932189,A607,2022,dez,350,dez,4,12,50,sex
2022-12-17,24.954166666666666,22.2,29,24,2.2112320324763015,A607,2022,dez,351,dez,0,12,50,sáb
2022-12-18,24.229166666666668,21.8,28.2,24,2.3541783698567635,A607,2022,dez,352,dez,0,12,51,dom
2022-12-19,22.870833333333337,21.7,24.7,24,0.7926176591668825,A607,2022,dez,353,dez,10,12,51,seg
2022-12-20,22.63478260869565,20.9,24.2,23,1.2145364606421865,A607,2022,dez,354,dez,4,12,51,ter
2022-12-21,24.547826086956523,21.9,29.9,23,2.3200449770752667,A607,2022,dez,355,dez,6,12,51,qua
2022-12-22,23.421739130434784,21.3,26.6,23,1.6059425218229977,A607,2022,dez,356,dez,4,12,51,qui
2022-12-23,21.8375,20.1,23.9,24,1.3177096401150648,A607,2022,dez,357,dez,3,12,51,sex
2022-12-24,22.75,20.1,26.7,24,2.1272558358844256,A607,2022,dez,358,dez,0,12,51,sáb
2022-12-25,23.783333333333335,20.3,28,24,2.485202584108179,A607,2022,dez,359,dez,0,12,52,dom
2022-12-26,24.883333333333333,21.9,29.2,24,2.5121732608945635,A607,2022,dez,360,dez,6,12,52,seg
2022-12-27,25.079166666666666,22.5,29.4,24,2.291189014780159,A607,2022,dez,361,dez,8,12,52,ter
2022-12-28,25.75,22.7,30.4,24,2.7446390433462957,A607,2022,dez,362,dez,7,12,52,qua
2022-12-29,26.775,23.3,33.4,24,3.255663960866809,A607,2022,dez,363,dez,9,12,52,qui
2022-12-30,24.741666666666667,22.3,28.9,24,2.220441919717915,A607,2022,dez,364,dez,2,12,52,sex
2022-12-31,24.975,22.2,29.1,24,2.427424829803763,A607,2022,dez,365,dez,0,12,52,sáb
2023-01-01,25.795833333333334,23.1,30.1,24,2.0777243334468367,A607,2023,jan,1,jan,0,1,1,dom
2023-01-02,24.883333333333333,22.3,28.7,24,1.7758443592854063,A607,2023,jan,2,jan,7,1,1,seg
2023-01-03,25.583333333333332,20.8,31.4,24,3.649022104460396,A607,2023,jan,3,jan,9,1,1,ter
2023-01-04,26.420833333333334,22.7,33,24,3.703345041007336,A607,2023,jan,4,jan,4,1,1,qua
2023-01-05,25.7625,22.8,33,24,3.407512480439041,A607,2023,jan,5,jan,4,1,1,qui
2023-01-06,23.9125,22.5,27.5,24,1.4818650117481948,A607,2023,jan,6,jan,13,1,1,sex
2023-01-07,22.991666666666667,21,26.1,24,1.685982275080037,A607,2023,jan,7,jan,0,1,1,sáb
2023-01-08,23.220833333333335,21.2,25.7,24,1.692946792010815,A607,2023,jan,8,jan,0,1,2,dom
2023-01-09,25.15,21.7,30.7,24,2.958701242687112,A607,2023,jan,9,jan,17,1,2,seg
2023-01-10,25.304166666666667,22.6,28.7,24,1.6726649308855892,A607,2023,jan,10,jan,7,1,2,ter
2023-01-11,27.133333333333333,23.6,32.7,24,3.2464919751829875,A607,2023,jan,11,jan,11,1,2,qua
2023-01-12,25.920833333333334,23.1,33.2,24,3.291884509394035,A607,2023,jan,12,jan,15,1,2,qui
2023-01-13,26.8125,23,33.5,24,3.747383144913609,A607,2023,jan,13,jan,7,1,2,sex
2023-01-14,27.020833333333332,23.4,32.7,24,3.087982198454359,A607,2023,jan,14,jan,0,1,2,sáb
2023-01-15,26.891666666666666,24.4,30.9,24,2.4284395896500515,A607,2023,jan,15,jan,0,1,3,dom
2023-01-16,26.4875,22.6,30.6,24,2.771330319382811,A607,2023,jan,16,jan,20,1,3,seg
2023-01-17,26.954166666666666,23.2,31.9,24,2.7580678754876757,A607,2023,jan,17,jan,10,1,3,ter
2023-01-18,26.570833333333333,22.9,31.1,24,2.7149312052564727,A607,2023,jan,18,jan,11,1,3,qua
2023-01-19,26.1,23.1,29.8,24,2.263894297732195,A607,2023,jan,19,jan,18,1,3,qui
2023-01-20,25.208333333333332,22.6,31.3,24,2.449829926069699,A607,2023,jan,20,jan,12,1,3,sex
2023-01-21,23.59583333333333,22.7,25.5,24,0.7898701966375438,A607,2023,jan,21,jan,0,1,3,sáb
2023-01-22,26.079166666666666,21.5,32.7,24,3.8924653154375135,A607,2023,jan,22,jan,1,1,4,dom
2023-01-23,27.120833333333337,23.1,34.6,24,3.780036710963517,A607,2023,jan,23,jan,21,1,4,seg
2023-01-24,25.8,23.4,29.8,24,2.364593907593033,A607,2023,jan,24,jan,16,1,4,ter
2023-01-25,24.841666666666665,22.4,29.1,24,2.218482965151337,A607,2023,jan,25,jan,6,1,4,qua
2023-01-26,25.3625,23,28.5,24,1.9241740181630955,A607,2023,jan,26,jan,11,1,4,qui
2023-01-27,25.804166666666667,22.3,30.1,24,2.8789308351579392,A607,2023,jan,27,jan,12,1,4,sex
2023-01-28,27.3,23.8,33.3,24,3.2498829410356898,A607,2023,jan,28,jan,0,1,4,sáb
2023-01-29,27.141666666666666,23.9,32.5,24,2.922761747369097,A607,2023,jan,29,jan,0,1,5,dom
2023-01-30,26.45,23.3,31.4,24,2.733209611904783,A607,2023,jan,30,jan,18,1,5,seg
2023-01-31,26.8875,23,31.8,24,2.8962213012970808,A607,2023,jan,31,jan,18,1,5,ter
2023-02-01,26.991666666666667,22.5,34,24,3.513194590665888,A607,2023,fev,32,fev,10,2,5,qua
2023-02-02,27.054166666666667,22.8,34.2,24,3.866014593942929,A607,2023,fev,33,fev,16,2,5,qui
2023-02-03,27.358333333333334,22.6,34.2,24,4.082403029191707,A607,2023,fev,34,fev,26,2,5,sex
2023-02-04,28.191666666666663,22.7,36.3,24,4.769369356421351,A607,2023,fev,35,fev,0,2,5,sáb
2023-02-05,28.358333333333334,23.3,37.5,24,5.065734563384334,A607,2023,fev,36,fev,0,2,6,dom
2023-02-06,26.775,23.1,34.4,24,3.6697648307546182,A607,2023,fev,37,fev,29,2,6,seg
2023-02-07,26.820833333333333,23.5,32.3,24,3.038732454089407,A607,2023,fev,38,fev,17,2,6,ter
2023-02-08,24.991666666666667,21.9,29.1,24,2.7794144936544156,A607,2023,fev,39,fev,24,2,6,qua
2023-02-09,25.3875,21.5,31.9,24,3.881540763105828,A607,2023,fev,40,fev,21,2,6,qui
2023-02-10,26.670833333333334,22.6,32.4,24,3.371295605248969,A607,2023,fev,41,fev,23,2,6,sex
2023-02-11,27.283333333333335,23.6,32.2,24,2.8621467568891386,A607,2023,fev,42,fev,0,2,6,sáb
2023-02-12,27.03333333333333,23.9,32.5,24,3.06589467283655,A607,2023,fev,43,fev,0,2,7,dom
2023-02-13,27.541666666666668,23.7,33.6,24,3.462207974395966,A607,2023,fev,44,fev,33,2,7,seg
2023-02-14,27.233333333333334,23.2,33.7,24,3.442277641666756,A607,2023,fev,45,fev,34,2,7,ter
2023-02-15,26.954166666666666,22.7,33.1,24,3.5657768428147074,A607,2023,fev,46,fev,21,2,7,qua
2023-02-16,27.058333333333337,24,31.7,24,2.5629325368424736,A607,2023,fev,47,fev,19,2,7,qui
2023-02-17,27.779166666666665,24.5,34,24,3.1985022536597763,A607,2023,fev,48,fev,3,2,7,sex
2023-02-18,27.1375,23.1,31.6,24,3.020770489101429,A607,2023,fev,49,fev,0,2,7,sáb
2023-02-19,27.229166666666668,23.7,31,24,2.6024201389687533,A607,2023,fev,50,fev,0,2,8,dom
2023-02-20,26.995833333333337,23.4,31.8,24,2.898947210201702,A607,2023,fev,51,fev,0,2,8,seg
2023-02-21,27.5625,23.2,34.3,24,3.3385511697506565,A607,2023,fev,52,fev,1,2,8,ter
2023-02-22,26.966666666666665,23.1,32.4,24,3.1928815752581845,A607,2023,fev,53,fev,0,2,8,qua
2023-02-23,27.0375,23.6,31.7,24,2.957203805595091,A607,2023,fev,54,fev,39,2,8,qui
2023-02-24,26.558333333333337,23.1,32,24,3.084451422815756,A607,2023,fev,55,fev,38,2,8,sex
2023-02-25,27.4125,22.7,34.5,24,3.698097336880612,A607,2023,fev,56,fev,0,2,8,sáb
2023-02-26,27.970833333333335,22.8,35,24,3.9914560018234897,A607,2023,fev,57,fev,0,2,9,dom
2023-02-27,27.804166666666667,23.2,35.3,24,3.870454323030653,A607,2023,fev,58,fev,56,2,9,seg
2023-02-28,27.52916666666667,23.4,33.6,24,3.266493821218398,A607,2023,fev,59,fev,44,2,9,ter
2023-03-01,27.0625,22.4,33.2,24,3.6017885050045075,A607,2023,mar,60,mar,32,3,9,qua
2023-03-02,27.2375,23,32.9,24,3.4414118058423786,A607,2023,mar,61,mar,45,3,9,qui
2023-03-03,27.47083333333333,23.4,33.6,24,3.4585092499347256,A607,2023,mar,62,mar,27,3,9,sex
2023-03-04,27.441666666666663,22.6,33.4,24,3.4107141502173337,A607,2023,mar,63,mar,2,3,9,sáb
2023-03-05,26.95,22.6,32.9,24,3.601328257378283,A607,2023,mar,64,mar,0,3,10,dom
2023-03-06,27.666666666666668,22.4,36.9,24,4.389975405166982,A607,2023,mar,65,mar,48,3,10,seg
2023-03-07,27.466666666666665,23.1,32.4,24,3.339964418798586,A607,2023,mar,66,mar,33,3,10,ter
2023-03-08,27.070833333333333,23.1,32.5,24,3.062888543823307,A607,2023,mar,67,mar,35,3,10,qua
2023-03-09,27.116666666666667,23,32.6,24,3.105068320562741,A607,2023,mar,68,mar,34,3,10,qui
2023-03-10,27.191666666666663,22.1,33.8,24,3.5815853505379995,A607,2023,mar,69,mar,53,3,10,sex
2023-03-11,26.979166666666668,22.4,33.1,24,3.5921386589227784,A607,2023,mar,70,mar,0,3,10,sáb
2023-03-12,26.754166666666663,24.4,30.6,24,2.2936546054877933,A607,2023,mar,71,mar,0,3,11,dom
2023-03-13,26.5625,22.8,31.1,24,2.7699964683700604,A607,2023,mar,72,mar,62,3,11,seg
2023-03-14,26.2875,22.6,30.7,24,2.485840335563216,A607,2023,mar,73,mar,50,3,11,ter
2023-03-15,25.166666666666668,22.5,30.4,24,2.2998424646742306,A607,2023,mar,74,mar,52,3,11,qua
2023-03-16,25.7375,22.8,29.4,24,2.4106308934276575,A607,2023,mar,75,mar,35,3,11,qui
2023-03-17,24.7625,21.5,29.2,24,2.538882414182169,A607,2023,mar,76,mar,65,3,11,sex
2023-03-18,25.633333333333333,21.3,31.4,24,3.302392632842024,A607,2023,mar,77,mar,2,3,11,sáb
2023-03-19,26.275,21.6,32.8,24,3.9009753518385857,A607,2023,mar,78,mar,1,3,12,dom
2023-03-20,27.004166666666663,22.2,34.5,24,3.930978323485153,A607,2023,mar,79,mar,71,3,12,seg
2023-03-21,27.2625,22.5,36,24,3.927695695730624,A607,2023,mar,80,mar,60,3,12,ter
2023-03-22,27.358333333333334,23.7,32.6,24,2.9793370529972467,A607,2023,mar,81,mar,59,3,12,qua
2023-03-23,26.35,21.6,32.5,24,3.2427846326749856,A607,2023,mar,82,mar,35,3,12,qui
2023-03-24,26.604166666666668,22.2,33.4,24,3.897321172143832,A607,2023,mar,83,mar,146,3,12,sex
2023-03-25,26.645833333333332,22,32.6,24,3.673640436674636,A607,2023,mar,84,mar,0,3,12,sáb
2023-03-26,27.4625,22.6,35.2,24,4.260007399462853,A607,2023,mar,85,mar,0,3,13,dom
2023-03-27,26.6625,23.4,31.1,24,2.698761793376975,A607,2023,mar,86,mar,138,3,13,seg
2023-03-28,26.416666666666668,23,30.8,24,2.6417495300861025,A607,2023,mar,87,mar,43,3,13,ter
2023-03-29,26.491666666666667,22.7,31.2,24,3.01804956692328,A607,2023,mar,88,mar,152,3,13,qua
2023-03-30,27.366666666666667,23,35.3,24,3.874629482052239,A607,2023,mar,89,mar,97,3,13,qui
2023-03-31,28.15,22.1,36.8,24,5.219778439409257,A607,2023,mar,90,mar,107,3,13,sex
2023-04-01,27.054166666666667,22.8,34.9,24,3.853398180337958,A607,2023,abr,91,abr,0,4,13,sáb
2023-04-02,25.7875,22,30.6,24,2.512804167182293,A607,2023,abr,92,abr,0,4,14,dom
2023-04-03,24.858333333333334,22.7,27.9,24,1.8289737361526628,A607,2023,abr,93,abr,110,4,14,seg
2023-04-04,24.09166666666667,19.9,29.8,24,3.380881884781038,A607,2023,abr,94,abr,113,4,14,ter
2023-04-05,24.96666666666667,20.2,32.6,24,4.038582044175435,A607,2023,abr,95,abr,47,4,14,qua
2023-04-06,24.954166666666666,22.2,29.4,24,2.438456241268174,A607,2023,abr,96,abr,37,4,14,qui
2023-04-07,25.5375,21.8,30.5,24,2.8910374999447788,A607,2023,abr,97,abr,0,4,14,sex
2023-04-08,25.75,22.8,32.8,24,3.2220706277849933,A607,2023,abr,98,abr,0,4,14,sáb
2023-04-09,22.72083333333333,20.8,24.3,24,0.9440795686191168,A607,2023,abr,99,abr,0,4,15,dom
2023-04-10,23.3125,20.6,27.2,24,2.454155747865772,A607,2023,abr,100,abr,95,4,15,seg
2023-04-11,23.445833333333333,20.3,28,24,2.2389786426669733,A607,2023,abr,101,abr,55,4,15,ter
2023-04-12,24.004166666666663,22.2,27.2,24,1.8005987329500843,A607,2023,abr,102,abr,59,4,15,qua
2023-04-13,25.704166666666666,21.4,31.7,24,3.8355861370190545,A607,2023,abr,103,abr,43,4,15,qui
2023-04-14,26.816666666666663,23,34.2,24,4.106798887387752,A607,2023,abr,104,abr,35,4,15,sex
2023-04-15,25.354166666666668,22.1,32.2,24,3.6371248997294394,A607,2023,abr,105,abr,2,4,15,sáb
2023-04-16,24.233333333333334,20.8,28.2,24,2.6997047610991554,A607,2023,abr,106,abr,0,4,16,dom
2023-04-17,25.0375,20.6,31.8,24,3.809463330912272,A607,2023,abr,107,abr,78,4,16,seg
2023-04-18,26.5875,22.9,31.6,24,3.3358803674722743,A607,2023,abr,108,abr,65,4,16,ter
2023-04-19,26.6375,24.1,30.4,24,1.924851772949306,A607,2023,abr,109,abr,74,4,16,qua
2023-04-20,24.354166666666668,22.1,28.8,24,2.261776748039252,A607,2023,abr,110,abr,48,4,16,qui
2023-04-21,23.054166666666667,19.4,26.6,24,2.2904298375151577,A607,2023,abr,111,abr,1,4,16,sex
2023-04-22,22.045833333333334,20.3,26.6,24,1.477653594360849,A607,2023,abr,112,abr,0,4,16,sáb
2023-04-23,22.3,19.6,26.9,24,2.5620983248280997,A607,2023,abr,113,abr,0,4,17,dom
2023-04-24,21.916666666666668,17.2,27.4,24,3.7125716701226255,A607,2023,abr,114,abr,88,4,17,seg
2023-04-25,22.841666666666665,19.2,26.7,24,2.5527336867292516,A607,2023,abr,115,abr,66,4,17,ter
2023-04-26,24.516666666666666,20.9,29.6,24,2.9514427815483097,A607,2023,abr,116,abr,69,4,17,qua
2023-04-27,25.745833333333337,22.9,31.9,24,3.1451797718256818,A607,2023,abr,117,abr,38,4,17,qui
2023-04-28,22.670833333333334,21,25.2,24,1.2460299272931386,A607,2023,abr,118,abr,38,4,17,sex
2023-04-29,23.475,21.9,27.2,24,1.6989126957634073,A607,2023,abr,119,abr,2,4,17,sáb
2023-04-30,22.675,19.9,25.8,24,1.5604486534327238,A607,2023,abr,120,abr,0,4,18,dom
2023-05-01,22.645833333333332,18,28.7,24,3.769093901799172,A607,2023,mai,121,mai,1,5,18,seg
2023-05-02,23.054166666666667,19.7,27.8,24,2.6340544325475106,A607,2023,mai,122,mai,74,5,18,ter
2023-05-03,23.320833333333333,19.1,29.5,24,3.827359081172275,A607,2023,mai,123,mai,99,5,18,qua
2023-05-04,23.879166666666663,19.5,29.8,24,3.3583095083126553,A607,2023,mai,124,mai,45,5,18,qui
2023-05-05,24.4875,21.3,29.5,24,3.0222813870665144,A607,2023,mai,125,mai,66,5,18,sex
2023-05-06,24.333333333333332,20.3,29.4,24,2.7795318133544136,A607,2023,mai,126,mai,1,5,18,sáb
2023-05-07,24.325,21.7,29.1,24,2.5198774987478365,A607,2023,mai,127,mai,2,5,19,dom
2023-05-08,23.270833333333332,21,27.8,24,2.2605269040774476,A607,2023,mai,128,mai,70,5,19,seg
2023-05-09,24.170833333333334,21,29.1,24,2.849787050269556,A607,2023,mai,129,mai,107,5,19,ter
2023-05-10,24.1875,21.1,28.6,24,2.738186086349549,A607,2023,mai,130,mai,74,5,19,qua
2023-05-11,22.45,20.9,25.5,24,1.5628847352419095,A607,2023,mai,131,mai,48,5,19,qui
2023-05-12,21.27916666666667,18.5,25.2,24,2.230028107966094,A607,2023,mai,132,mai,44,5,19,sex
2023-05-13,20.716666666666665,17.5,23.4,24,1.795324039218854,A607,2023,mai,133,mai,0,5,19,sáb
2023-05-14,21.491666666666667,18,24.7,24,2.4147943771795504,A607,2023,mai,134,mai,0,5,20,dom
2023-05-15,22.6625,19.2,27.9,24,2.835920600470668,A607,2023,mai,135,mai,71,5,20,seg
2023-05-16,21.758333333333333,17.6,27.5,24,3.4536580061129976,A607,2023,mai,136,mai,92,5,20,ter
2023-05-17,20.366666666666667,15.7,26.7,24,3.3938136387392803,A607,2023,mai,137,mai,118,5,20,qua
2023-05-18,20.75,17.7,24.7,24,2.0855611277043176,A607,2023,mai,138,mai,52,5,20,qui
2023-05-19,20.083333333333332,16.3,23.9,24,2.7208800792752887,A607,2023,mai,139,mai,34,5,20,sex
2023-05-20,20.1125,14.4,26.9,24,4.401315267843979,A607,2023,mai,140,mai,1,5,20,sáb
2023-05-21,20.316666666666663,17.5,25.1,24,2.3704093696469695,A607,2023,mai,141,mai,60,5,21,dom
2023-05-22,21.2875,17.1,26.9,24,3.436417813843996,A607,2023,mai,142,mai,44,5,21,seg
2023-05-23,21.0375,18.1,26.3,24,2.625926337587325,A607,2023,mai,143,mai,33,5,21,ter
2023-05-24,22.020833333333332,18.2,26.7,24,2.8943692211612873,A607,2023,mai,144,mai,23,5,21,qua
2023-05-25,21.6375,17.7,26.4,24,2.809736565092427,A607,2023,mai,145,mai,30,5,21,qui
2023-05-26,22.158333333333335,19.1,27.1,24,2.698456348853297,A607,2023,mai,146,mai,46,5,21,sex
2023-05-27,21.7125,16.8,28.5,24,3.942445996431988,A607,2023,mai,147,mai,0,5,21,sáb
2023-05-28,22.7375,18.4,30.9,24,4.427464923878439,A607,2023,mai,148,mai,3,5,22,dom
2023-05-29,20.454166666666666,18.2,23.4,24,1.5348074986691376,A607,2023,mai,149,mai,29,5,22,seg
2023-05-30,21.316666666666663,19.1,24.8,24,2.0200444822193715,A607,2023,mai,150,mai,34,5,22,ter
2023-05-31,20.441666666666663,17.5,23.6,24,2.072578034754042,A607,2023,mai,151,mai,87,5,22,qua
2023-06-01,23.270833333333332,20.3,27.8,24,2.5994111652059018,A607,2023,jun,152,jun,33,6,22,qui
2023-06-02,21.525,18.4,24.9,24,2.0285462775100793,A607,2023,jun,153,jun,20,6,22,sex
2023-06-03,20.883333333333333,17.7,26.1,24,3.138216977377672,A607,2023,jun,154,jun,0,6,22,sáb
2023-06-04,20.308333333333337,15.9,26.9,24,4.022103782920041,A607,2023,jun,155,jun,1,6,23,dom
2023-06-05,21.233333333333334,15.4,28.4,24,4.514292921345506,A607,2023,jun,156,jun,35,6,23,seg
2023-06-06,21.2375,17.3,27.2,24,3.444316364300948,A607,2023,jun,157,jun,24,6,23,ter
2023-06-07,20.025,14.2,27.6,24,4.865249446216818,A607,2023,jun,158,jun,38,6,23,qua
2023-06-08,20.608333333333334,15.7,27.7,24,4.313368165081232,A607,2023,jun,159,jun,0,6,23,qui
2023-06-09,20.96666666666667,16,28.7,24,4.249467144771537,A607,2023,jun,160,jun,5,6,23,sex
2023-06-10,22.345833333333335,17.3,29.8,24,4.648981110127126,A607,2023,jun,161,jun,1,6,23,sáb
2023-06-11,23.516666666666666,17.7,31.3,24,4.7228092843382825,A607,2023,jun,162,jun,1,6,24,dom
2023-06-12,23.558333333333337,18.1,31.7,24,4.641393781170055,A607,2023,jun,163,jun,39,6,24,seg
2023-06-13,23.416666666666668,20.6,28.1,24,2.209400207151778,A607,2023,jun,164,jun,29,6,24,ter
2023-06-14,23.3375,19.2,28.9,24,2.9858816336946084,A607,2023,jun,165,jun,36,6,24,qua
2023-06-15,22.883333333333333,19.7,27.2,24,2.729973190928513,A607,2023,jun,166,jun,26,6,24,qui
2023-06-16,23.9125,20.9,29.5,24,2.9278739132985065,A607,2023,jun,167,jun,32,6,24,sex
2023-06-17,21.916666666666668,20.2,24.2,24,1.0503277611284496,A607,2023,jun,168,jun,0,6,24,sáb
2023-06-18,20.2875,16.1,25.4,24,3.0870434004920853,A607,2023,jun,169,jun,3,6,25,dom
2023-06-19,20.7875,17.9,25.9,24,2.4846157081913707,A607,2023,jun,170,jun,43,6,25,seg
2023-06-20,19.579166666666666,15.2,25.4,24,3.5723551075575832,A607,2023,jun,171,jun,47,6,25,ter
2023-06-21,18.441666666666663,13.7,25.1,24,4.083148472597508,A607,2023,jun,172,jun,79,6,25,qua
2023-06-22,19.6625,14.2,26.9,24,4.398795536725143,A607,2023,jun,173,jun,28,6,25,qui
2023-06-23,20.108333333333334,15,27.7,24,4.3336817028306625,A607,2023,jun,174,jun,34,6,25,sex
2023-06-24,21.729166666666668,17.2,29.1,24,4.103495770222249,A607,2023,jun,175,jun,0,6,25,sáb
2023-06-25,21.658333333333335,17.2,29,24,3.713069358087863,A607,2023,jun,176,jun,1,6,26,dom
2023-06-26,22.358333333333334,18,29.2,24,3.5616211094859924,A607,2023,jun,177,jun,44,6,26,seg
2023-06-27,22.34166666666667,17.7,28.6,24,3.661422468488664,A607,2023,jun,178,jun,39,6,26,ter
2023-06-28,22.495833333333337,17.8,30.8,24,4.347060892809888,A607,2023,jun,179,jun,35,6,26,qua
2023-06-29,21.475,16.3,28.2,24,4.238154848721214,A607,2023,jun,180,jun,28,6,26,qui
2023-06-30,20.883333333333333,18.9,24,24,1.463369152115186,A607,2023,jun,181,jun,42,6,26,sex
2023-07-01,19.425,16.1,24,24,2.589149600191907,A607,2023,jul,182,jul,1,7,26,sáb
2023-07-02,19.9125,15.9,25.7,24,3.5855158503405726,A607,2023,jul,183,jul,1,7,27,dom
2023-07-03,18.875,16.9,20.8,24,1.2567210613684157,A607,2023,jul,184,jul,35,7,27,seg
2023-07-04,16.920833333333334,13.4,20.7,24,2.1711505999207494,A607,2023,jul,185,jul,26,7,27,ter
2023-07-05,18.258333333333333,14.1,23.2,24,3.1356181925220676,A607,2023,jul,186,jul,14,7,27,qua
2023-07-06,19.029166666666665,14.1,26.5,24,4.300099004589936,A607,2023,jul,187,jul,17,7,27,qui
2023-07-07,20.008333333333333,14.2,27.5,24,4.81663030927555,A607,2023,jul,188,jul,20,7,27,sex
2023-07-08,20.495833333333337,14.5,29.8,24,5.144053482603389,A607,2023,jul,189,jul,1,7,27,sáb
2023-07-09,22.2625,18.6,26.9,24,2.895845975366003,A607,2023,jul,190,jul,1,7,28,dom
2023-07-10,21.958333333333332,19.6,26.8,24,2.2646463716010494,A607,2023,jul,191,jul,50,7,28,seg
2023-07-11,23.420833333333334,18.9,32.1,24,4.620086500852805,A607,2023,jul,192,jul,29,7,28,ter
2023-07-12,22.854166666666668,19.3,29.9,24,3.503784186160501,A607,2023,jul,193,jul,39,7,28,qua
2023-07-13,25.72083333333333,19.7,34.8,24,5.7709903578281025,A607,2023,jul,194,jul,34,7,28,qui
2023-07-14,21.095833333333335,18.4,26.3,24,1.9516947299310363,A607,2023,jul,195,jul,35,7,28,sex
2023-07-15,19.041666666666668,16.1,22.8,24,2.518611879012217,A607,2023,jul,196,jul,2,7,28,sáb
2023-07-16,21.25,16,28.3,24,4.248273306527786,A607,2023,jul,197,jul,1,7,29,dom
2023-07-17,21.945833333333333,17.7,27.4,24,3.4372611906507227,A607,2023,jul,198,jul,23,7,29,seg
2023-07-18,22.229166666666668,17.5,30,24,3.7954754719232495,A607,2023,jul,199,jul,10,7,29,ter
2023-07-19,21.02916666666667,19.4,23.7,24,1.3569400251610453,A607,2023,jul,200,jul,25,7,29,qua
2023-07-20,19.079166666666666,17.6,20.6,24,0.9850972879196584,A607,2023,jul,201,jul,11,7,29,qui
2023-07-21,19.895833333333332,17.4,23.7,24,2.0554231906723306,A607,2023,jul,202,jul,7,7,29,sex
2023-07-22,19.5625,16.2,23.3,24,2.2305804469767017,A607,2023,jul,203,jul,2,7,29,sáb
2023-07-23,20.8625,19.3,23.1,24,1.316719408226369,A607,2023,jul,204,jul,1,7,30,dom
2023-07-24,22.075,18,27.4,24,2.8888466180482295,A607,2023,jul,205,jul,21,7,30,seg
2023-07-25,21.5125,17.4,27.5,24,3.5183138871760224,A607,2023,jul,206,jul,16,7,30,ter
2023-07-26,21.995833333333337,19.5,25.6,24,1.8317203048943689,A607,2023,jul,207,jul,11,7,30,qua
2023-07-27,22.875,20,28.4,24,2.8230803404606912,A607,2023,jul,208,jul,13,7,30,qui
2023-07-28,22.420833333333334,18.9,27.6,24,3.0213701422089754,A607,2023,jul,209,jul,10,7,30,sex
2023-07-29,20.85,18.1,25.1,24,1.6587056242221183,A607,2023,jul,210,jul,0,7,30,sáb
2023-07-30,18.504166666666663,17.3,20.8,24,0.9443098085335944,A607,2023,jul,211,jul,0,7,31,dom
2023-07-31,19.933333333333337,17.2,24.6,24,2.479422560170827,A607,2023,jul,212,jul,20,7,31,seg
2023-08-01,20.65416666666667,17.1,26.3,24,3.100908585877857,A607,2023,ago,213,ago,42,8,31,ter
2023-08-02,20.620833333333337,16.6,26.9,24,3.526666015999502,A607,2023,ago,214,ago,179,8,31,qua
2023-08-03,21.875,16.1,31.6,24,5.547051704166426,A607,2023,ago,215,ago,13,8,31,qui
2023-08-04,20.6125,14.7,25.6,24,3.612696511880914,A607,2023,ago,216,ago,19,8,31,sex
2023-08-05,20.6125,16,27.8,24,4.002750413099125,A607,2023,ago,217,ago,1,8,31,sáb
2023-08-06,22.445833333333333,18.9,28,24,2.954139198784834,A607,2023,ago,218,ago,2,8,32,dom
2023-08-07,22.8875,17.6,30.1,24,4.364711504983935,A607,2023,ago,219,ago,82,8,32,seg
2023-08-08,21.895833333333332,17.5,27.8,24,3.3060523111496547,A607,2023,ago,220,ago,57,8,32,ter
2023-08-09,21.854166666666668,20.2,23.7,24,0.9999909419879616,A607,2023,ago,221,ago,82,8,32,qua
2023-08-10,22.545833333333334,19.7,26.7,24,2.1779486093403433,A607,2023,ago,222,ago,39,8,32,qui
2023-08-11,23.445833333333333,19.2,30.6,24,3.7463001071395263,A607,2023,ago,223,ago,12,8,32,sex
2023-08-12,23.6,18,31.6,24,4.241923271757548,A607,2023,ago,224,ago,0,8,32,sáb
2023-08-13,22.3625,18,26.6,24,2.5087347408604206,A607,2023,ago,225,ago,0,8,33,dom
2023-08-14,21.1875,20,23.5,24,0.8719356278593245,A607,2023,ago,226,ago,15,8,33,seg
2023-08-15,22.133333333333333,20.3,24.2,24,1.4067126855581222,A607,2023,ago,227,ago,43,8,33,ter
2023-08-16,22.34166666666667,20.6,25.2,24,1.5185567137099694,A607,2023,ago,228,ago,5,8,33,qua
2023-08-17,21.6875,17.7,27,24,3.015800780526805,A607,2023,ago,229,ago,13,8,33,qui
2023-08-18,22.633333333333333,17.3,30.9,24,4.573046426966208,A607,2023,ago,230,ago,13,8,33,sex
2023-08-19,24.329166666666666,18.9,32.2,24,4.521492555289263,A607,2023,ago,231,ago,0,8,33,sáb
2023-08-20,22.908333333333335,20.4,26.8,24,2.3854480331460968,A607,2023,ago,232,ago,0,8,34,dom
2023-08-21,23.1125,20.2,29,24,3.037349030064669,A607,2023,ago,233,ago,26,8,34,seg
2023-08-22,23.5125,17.3,31.8,24,4.8357646308745625,A607,2023,ago,234,ago,20,8,34,ter
2023-08-23,25.3625,20.4,34.1,24,4.7663505773376516,A607,2023,ago,235,ago,14,8,34,qua
2023-08-24,26.804166666666667,20.7,36,24,5.659964600186322,A607,2023,ago,236,ago,13,8,34,qui
2023-08-25,25.383333333333333,23,29.4,24,1.8681929577900225,A607,2023,ago,237,ago,10,8,34,sex
2023-08-26,20.495833333333337,17.5,23,24,1.7654853173552876,A607,2023,ago,238,ago,0,8,34,sáb
2023-08-27,17.2,16.7,18,24,0.3599516875794646,A607,2023,ago,239,ago,0,8,35,dom
2023-08-28,17.125,16.7,17.9,24,0.2893020085894896,A607,2023,ago,240,ago,9,8,35,seg
2023-08-29,19.558333333333337,17,22.9,24,2.2734606194974645,A607,2023,ago,241,ago,15,8,35,ter
2023-08-30,22.358333333333334,20.2,26.6,24,2.160699698802635,A607,2023,ago,242,ago,12,8,35,qua
2023-08-31,21.875,17.5,26.1,24,2.6022147757497716,A607,2023,ago,243,ago,12,8,35,qui
2023-09-01,21.7,17.8,26.8,24,2.865992505830792,A607,2023,set,244,set,5,9,35,sex
2023-09-02,22.96666666666667,20.6,26.3,24,1.7422291235198029,A607,2023,set,245,set,0,9,35,sáb
2023-09-03,23.545833333333334,19.3,28.8,24,2.8594586241434596,A607,2023,set,246,set,0,9,36,dom
2023-09-04,24.054166666666667,20.5,30.3,24,2.968088122251305,A607,2023,set,247,set,10,9,36,seg
2023-09-05,25.333333333333332,20.9,33,24,3.939837412962584,A607,2023,set,248,set,18,9,36,ter
2023-09-06,22.054166666666667,20.4,23.6,24,0.8086376985623611,A607,2023,set,249,set,11,9,36,qua
2023-09-07,21.329166666666666,19,25.1,24,2.251082670273528,A607,2023,set,250,set,0,9,36,qui
2023-09-08,21.995833333333337,17.8,27.3,24,3.260365299174001,A607,2023,set,251,set,0,9,36,sex
2023-09-09,23.1,17.3,30.7,24,4.178204315773443,A607,2023,set,252,set,0,9,36,sáb
2023-09-10,23.541666666666668,18.9,30.8,24,3.907397295283448,A607,2023,set,253,set,0,9,37,dom
2023-09-11,22.995833333333337,19.1,29.5,24,3.508682295289125,A607,2023,set,254,set,15,9,37,seg
2023-09-12,23.891666666666666,20.4,28.1,24,2.574611269377534,A607,2023,set,255,set,18,9,37,ter
2023-09-13,24.166666666666668,19.3,30.7,24,3.5458078942870555,A607,2023,set,256,set,10,9,37,qua
2023-09-14,26.025,20.9,33.5,24,4.654147285649836,A607,2023,set,257,set,18,9,37,qui
2023-09-15,19.895833333333332,18.8,23.9,24,1.0609590274704364,A607,2023,set,258,set,30,9,37,sex
2023-09-16,21.633333333333333,17.3,26.7,24,3.1476239025468176,A607,2023,set,259,set,0,9,37,sáb
2023-09-17,24.154166666666665,20.1,30,24,3.326439429083644,A607,2023,set,260,set,0,9,38,dom
2023-09-18,23.9375,20.8,29.9,24,3.0397100119126064,A607,2023,set,261,set,24,9,38,seg
2023-09-19,23.854166666666668,19.1,29.7,24,3.3705862174517,A607,2023,set,262,set,19,9,38,ter
2023-09-20,24.0375,19.7,29.8,24,3.114176909889186,A607,2023,set,263,set,8,9,38,qua
2023-09-21,24.1875,21.9,27.7,24,2.239237544926553,A607,2023,set,264,set,16,9,38,qui
2023-09-22,24.025,19.1,30.9,24,3.636559530296638,A607,2023,set,265,set,9,9,38,sex
2023-09-23,23.758333333333333,19.7,29.8,24,3.298473516072531,A607,2023,set,266,set,0,9,38,sáb
2023-09-24,26.108333333333334,20.7,34.9,24,4.747440195073246,A607,2023,set,267,set,0,9,39,dom
2023-09-25,25.09583333333333,21.3,30.7,24,3.289836677149618,A607,2023,set,268,set,21,9,39,seg
2023-09-26,25.254166666666663,22.6,30.7,24,2.66098693143641,A607,2023,set,269,set,15,9,39,ter
2023-09-27,27.454166666666666,22.8,35.1,24,4.287897951278659,A607,2023,set,270,set,14,9,39,qua
2023-09-28,23.983333333333334,21.4,26.8,24,1.431832716324163,A607,2023,set,271,set,11,9,39,qui
2023-09-29,21.1625,19.3,23.5,24,1.3755038602509326,A607,2023,set,272,set,5,9,39,sex
2023-09-30,20.925,18.9,22.9,24,1.3559049601168829,A607,2023,set,273,set,0,9,39,sáb
2023-10-01,21.53333333333333,19.9,23.3,24,0.9101680048768191,A607,2023,out,274,out,0,10,40,dom
2023-10-02,21.9875,19.4,25.7,24,1.9852307937234468,A607,2023,out,275,out,16,10,40,seg
2023-10-03,22.170833333333334,20.8,24.8,24,1.178606091465923,A607,2023,out,276,out,11,10,40,ter
2023-10-04,24.181818181818183,20.8,30.6,22,3.3062187240232994,A607,2023,out,277,out,15,10,40,qua
2023-10-05,24.516666666666666,23,26.8,24,1.227109245930971,A607,2023,out,278,out,10,10,40,qui
2023-10-06,26.208333333333332,23,32.7,24,3.106223299829843,A607,2023,out,279,out,42,10,40,sex
2023-10-07,26.429166666666667,23,32.5,24,3.5888085908068814,A607,2023,out,280,out,0,10,40,sáb
2023-10-08,26.25652173913043,23.6,32.6,23,3.0444922082876333,A607,2023,out,281,out,0,10,41,dom
2023-10-09,26.016666666666666,21.9,32.9,24,3.721928750418042,A607,2023,out,282,out,33,10,41,seg
2023-10-10,23.416666666666668,22,25.5,24,1.1169316146855448,A607,2023,out,283,out,11,10,41,ter
2023-10-11,23.6,19.9,28.5,24,2.661480464115708,A607,2023,out,284,out,17,10,41,qua
2023-10-12,25.454166666666666,21.2,32.1,24,3.8728687453670023,A607,2023,out,285,out,0,10,41,qui
2023-10-13,25.34166666666667,23.1,28.4,24,1.7505071728841444,A607,2023,out,286,out,2,10,41,sex
2023-10-14,22.156521739130437,20.6,25.1,23,1.2048485710044163,A607,2023,out,287,out,0,10,41,sáb
2023-10-15,22.491666666666667,20.3,25.2,24,1.9779032962395715,A607,2023,out,288,out,0,10,42,dom
2023-10-16,24.420833333333334,22.1,28.4,24,2.059543885061144,A607,2023,out,289,out,20,10,42,seg
2023-10-17,26.425,22.4,33.6,24,3.4574745747123883,A607,2023,out,290,out,27,10,42,ter
2023-10-18,25.258333333333333,22.9,28.6,24,1.937483052754306,A607,2023,out,291,out,15,10,42,qua
2023-10-19,22.583333333333332,20.5,25.5,24,1.340235756894275,A607,2023,out,292,out,16,10,42,qui
2023-10-20,20.958333333333332,19.3,23.1,24,1.0798215096735309,A607,2023,out,293,out,21,10,42,sex
2023-10-21,20.75,19.4,22.7,24,1.0737986209065782,A607,2023,out,294,out,0,10,42,sáb
2023-10-22,21.645833333333332,19.6,24,24,1.4989791212011934,A607,2023,out,295,out,0,10,43,dom
2023-10-23,23.154166666666665,20.2,27.5,24,2.3237861097910817,A607,2023,out,296,out,25,10,43,seg
2023-10-24,24.695833333333333,18.4,33.3,24,4.92230762131346,A607,2023,out,297,out,21,10,43,ter
2023-10-25,24.229166666666668,22.9,28.6,24,1.3744498240534575,A607,2023,out,298,out,18,10,43,qua
2023-10-26,24.0625,20.9,27.5,24,2.1825020543842117,A607,2023,out,299,out,19,10,43,qui
2023-10-27,23.15,21.7,25.4,24,1.1865184730784943,A607,2023,out,300,out,17,10,43,sex
2023-10-28,25.079166666666666,22.8,28.1,24,1.9938992095818224,A607,2023,out,301,out,0,10,43,sáb
2023-10-29,27.070833333333333,24,33.2,24,3.0647333619272894,A607,2023,out,302,out,0,10,44,dom
2023-10-30,27.420833333333334,23.6,35.2,24,3.822129973749177,A607,2023,out,303,out,32,10,44,seg
2023-10-31,27.158333333333335,23.2,34.5,24,3.7002839687347464,A607,2023,out,304,out,11,10,44,ter
2023-11-01,25.641666666666666,23.2,29.4,24,1.7648541426779538,A607,2023,nov,305,nov,16,11,44,qua
2023-11-02,24.0375,22.2,27,24,1.6735311535012218,A607,2023,nov,306,nov,0,11,44,qui
2023-11-03,25.770833333333332,21.8,31.2,24,3.397630781520592,A607,2023,nov,307,nov,2,11,44,sex
2023-11-04,26.075,23.4,30.6,24,2.3785728274854594,A607,2023,nov,308,nov,1,11,44,sáb
2023-11-05,24.2125,22.2,28.1,24,1.9744702096247624,A607,2023,nov,309,nov,2,11,45,dom
2023-11-06,23.09583333333333,19.2,27.7,24,2.694031917222677,A607,2023,nov,310,nov,82,11,45,seg
2023-11-07,22.791666666666668,18.4,27.9,24,2.9414454693696706,A607,2023,nov,311,nov,22,11,45,ter
2023-11-08,23.45,17.5,29.3,24,3.611936732076261,A607,2023,nov,312,nov,42,11,45,qua
2023-11-09,24.704166666666666,18.9,33.7,24,4.969863891642232,A607,2023,nov,313,nov,29,11,45,qui
2023-11-10,26.2375,20.7,33.5,24,4.79354751995711,A607,2023,nov,314,nov,14,11,45,sex
2023-11-11,26.383333333333333,22.1,33.9,24,4.01439439004697,A607,2023,nov,315,nov,1,11,45,sáb
2023-11-12,29.704166666666666,23.1,40,24,6.260120791074289,A607,2023,nov,316,nov,0,11,46,dom
2023-11-13,28.816666666666663,23.2,38.6,24,4.962701461613568,A607,2023,nov,317,nov,35,11,46,seg
2023-11-14,28.0375,23.3,35.4,24,4.186501341007891,A607,2023,nov,318,nov,19,11,46,ter
2023-11-15,27.491666666666667,24.4,33.8,24,3.1716017989360665,A607,2023,nov,319,nov,0,11,46,qua
2023-11-16,27.7,23.4,35.4,24,4.003259541488878,A607,2023,nov,320,nov,21,11,46,qui
2023-11-17,28.4625,23.4,35.8,24,4.637260482505667,A607,2023,nov,321,nov,18,11,46,sex
2023-11-18,28.045833333333334,23.5,34.5,24,4.058697495788377,A607,2023,nov,322,nov,0,11,46,sáb
2023-11-19,26.691666666666663,24.6,31.3,24,2.0233241410387377,A607,2023,nov,323,nov,0,11,47,dom
2023-11-20,24.991666666666667,22.8,28.1,24,1.581115914862628,A607,2023,nov,324,nov,1,11,47,seg
2023-11-21,25.8875,22.9,30.9,24,2.727526750357005,A607,2023,nov,325,nov,34,11,47,ter
2023-11-22,27.179166666666667,22.7,33.2,24,3.661904846039732,A607,2023,nov,326,nov,21,11,47,qua
2023-11-23,27.53333333333333,20.9,36.7,24,5.182551551090461,A607,2023,nov,327,nov,21,11,47,qui
2023-11-24,25.308333333333337,22.8,28.1,24,1.4960576211486984,A607,2023,nov,328,nov,18,11,47,sex
2023-11-25,23.316666666666663,21.1,27,24,1.8494809299219408,A607,2023,nov,329,nov,0,11,47,sáb
2023-11-26,22.641666666666666,19.7,25.5,24,2.1378405737661033,A607,2023,nov,330,nov,1,11,48,dom
2023-11-27,24.95,22,28.7,24,2.3867387245214826,A607,2023,nov,331,nov,58,11,48,seg
2023-11-28,26.091666666666665,23,30.1,24,2.288898855566688,A607,2023,nov,332,nov,36,11,48,ter
2023-11-29,26.758333333333333,23.8,32.3,24,2.7769104926262873,A607,2023,nov,333,nov,27,11,48,qua
2023-11-30,26.795833333333334,23.3,34.6,24,3.810452348665349,A607,2023,nov,334,nov,24,11,48,qui
2023-12-01,25.616666666666667,22.2,34.2,24,3.654498914877467,A607,2023,dez,335,dez,23,12,48,sex
2023-12-02,26.570833333333333,22.7,33,24,3.4597661603145915,A607,2023,dez,336,dez,0,12,48,sáb
2023-12-03,27.216666666666665,22.9,34.3,24,3.803392840800077,A607,2023,dez,337,dez,0,12,49,dom
2023-12-04,28.033333333333335,23.6,35,24,3.828232270753772,A607,2023,dez,338,dez,33,12,49,seg
2023-12-05,27.183333333333337,23.8,32.4,24,2.924509125167573,A607,2023,dez,339,dez,57,12,49,ter
2023-12-06,27.395833333333332,23.6,31.8,24,2.8005401911629195,A607,2023,dez,340,dez,30,12,49,qua
2023-12-07,28.054166666666667,23.1,34.5,24,3.987260055931039,A607,2023,dez,341,dez,30,12,49,qui
2023-12-08,27.775,23.6,33.9,24,3.906210217188722,A607,2023,dez,342,dez,23,12,49,sex
2023-12-09,24.5,22.8,25.8,24,0.8324923292504681,A607,2023,dez,343,dez,0,12,49,sáb
2023-12-10,23.520833333333332,21.1,27,24,1.765362179041005,A607,2023,dez,344,dez,3,12,50,dom
2023-12-11,25.125,20.6,31.6,24,3.7615040932422583,A607,2023,dez,345,dez,33,12,50,seg
2023-12-12,24.879166666666663,22.3,27.6,24,1.4467291945346372,A607,2023,dez,346,dez,33,12,50,ter
2023-12-13,24.504166666666663,19.2,29,24,3.120964060457388,A607,2023,dez,347,dez,26,12,50,qua
2023-12-14,26.52916666666667,22,32.2,24,3.5896565376050975,A607,2023,dez,348,dez,37,12,50,qui
2023-12-15,27.45,22.5,32.5,24,3.30111970463778,A607,2023,dez,349,dez,42,12,50,sex
2023-12-16,27.275,23.5,32.1,24,2.8346075566116733,A607,2023,dez,350,dez,1,12,50,sáb
2023-12-17,27.266666666666666,23.4,32.6,24,3.2772823665569204,A607,2023,dez,351,dez,0,12,51,dom
2023-12-18,26.933333333333337,22.9,31.5,24,2.7943524826158654,A607,2023,dez,352,dez,56,12,51,seg
2023-12-19,26.59166666666667,22.8,30.7,24,2.650170899602788,A607,2023,dez,353,dez,21,12,51,ter
2023-12-20,25.941666666666663,21.7,32.1,24,2.9610392809262773,A607,2023,dez,354,dez,28,12,51,qua
2023-12-21,27.008333333333333,22.6,34.6,24,3.953195368709774,A607,2023,dez,355,dez,19,12,51,qui
2023-12-22,29.041666666666668,23.5,37.4,24,4.864057768058937,A607,2023,dez,356,dez,14,12,51,sex
2023-12-23,27.241666666666667,23.2,35.6,24,3.960447566568232,A607,2023,dez,357,dez,0,12,51,sáb
2023-12-24,27.870833333333337,24,34.7,24,3.745893887244105,A607,2023,dez,358,dez,3,12,52,dom
2023-12-25,29.045833333333334,24.5,36.5,24,4.072813274754257,A607,2023,dez,359,dez,1,12,52,seg
2023-12-26,27.4875,23.9,35.7,24,3.724923401605205,A607,2023,dez,360,dez,47,12,52,ter
2023-12-27,23.945833333333333,22.1,25.6,24,0.8433778701650039,A607,2023,dez,361,dez,16,12,52,qua
2023-12-28,25.233333333333334,21.8,29.9,24,3.0531048582324054,A607,2023,dez,362,dez,17,12,52,qui
2023-12-29,26.829166666666666,22,33.6,24,4.22965505497292,A607,2023,dez,363,dez,24,12,52,sex
2023-12-30,28.129166666666663,24.4,35.1,24,3.489547020144177,A607,2023,dez,364,dez,2,12,52,sáb
2023-12-31,23.61428571428571,23,25.3,7,0.7690439333539872,A607,2023,dez,365,dez,1,12,1,dom
2024-01-01,22.020833333333332,20.7,23.5,24,0.7276998704474771,A607,2024,jan,1,jan,0,1,1,seg
2024-01-02,24.329166666666666,21.6,27.6,24,2.527153264681113,A607,2024,jan,2,jan,33,1,1,ter
2024-01-03,25.604166666666668,23.9,28.8,24,1.5195763616352356,A607,2024,jan,3,jan,27,1,1,qua
2024-01-04,24.429166666666667,23.8,25.1,24,0.3495079356773596,A607,2024,jan,4,jan,18,1,1,qui
2024-01-05,25.55,22.3,29.8,24,2.673216593641776,A607,2024,jan,5,jan,27,1,1,sex
2024-01-06,26.170833333333334,21.9,31.1,24,2.956860727582353,A607,2024,jan,6,jan,1,1,1,sáb
2024-01-07,26.59166666666667,23.6,31.3,24,2.7085880593701064,A607,2024,jan,7,jan,2,1,2,dom
2024-01-08,27.5625,23.4,33.8,24,3.710831677552949,A607,2024,jan,8,jan,68,1,2,seg
2024-01-09,27.84583333333333,23.9,35.9,24,4.1122277012182415,A607,2024,jan,9,jan,30,1,2,ter
2024-01-10,27.675,23.9,33.3,24,3.450425304597782,A607,2024,jan,10,jan,26,1,2,qua
2024-01-11,27.791666666666668,23.5,32.3,24,3.0642279212916237,A607,2024,jan,11,jan,23,1,2,qui
2024-01-12,28.429166666666667,24.3,34.5,24,3.7199204253605336,A607,2024,jan,12,jan,18,1,2,sex
2024-01-13,26.916666666666668,24.4,31.2,24,2.0230555165858415,A607,2024,jan,13,jan,0,1,2,sáb
2024-01-14,26.916666666666668,23.9,32.1,24,2.5008983893039693,A607,2024,jan,14,jan,2,1,3,dom
2024-01-15,27.941666666666663,23.7,35.1,24,3.748613270167431,A607,2024,jan,15,jan,5,1,3,seg
2024-01-16,28.558333333333337,24.3,35.1,24,3.899377505132868,A607,2024,jan,16,jan,46,1,3,ter
2024-01-17,28.45,23.8,35.1,24,3.931588903274073,A607,2024,jan,17,jan,40,1,3,qua
2024-01-18,27.858333333333334,22.8,34,24,3.926821556454009,A607,2024,jan,18,jan,25,1,3,qui
2024-01-19,27.854166666666668,23.7,33,24,2.951194182267455,A607,2024,jan,19,jan,43,1,3,sex
2024-01-20,30.4875,25.4,38.2,24,4.480907565292511,A607,2024,jan,20,jan,1,1,3,sáb
2024-01-21,26.525,24.5,31.5,24,1.8893868340537496,A607,2024,jan,21,jan,0,1,4,dom
2024-01-22,25.366666666666667,23,28.4,24,1.749451259722581,A607,2024,jan,22,jan,59,1,4,seg
2024-01-23,24.591666666666665,21.4,29.3,24,2.254062355270873,A607,2024,jan,23,jan,41,1,4,ter
2024-01-24,22.491666666666667,20,26,24,2.108351234385825,A607,2024,jan,24,jan,38,1,4,qua
2024-01-25,24.90416666666667,22.1,30.1,24,2.916591096329481,A607,2024,jan,25,jan,41,1,4,qui
2024-01-26,25.825,23.3,29.7,24,2.4117916847096854,A607,2024,jan,26,jan,45,1,4,sex
2024-01-27,25.495833333333337,23.1,29,24,2.011808437303561,A607,2024,jan,27,jan,5,1,4,sáb
2024-01-28,25.708333333333332,22.8,30.3,24,2.478940283172677,A607,2024,jan,28,jan,4,1,5,dom
2024-01-29,26.525,22,33.8,24,3.3518651524188736,A607,2024,jan,29,jan,96,1,5,seg
2024-01-30,28.05,23.6,35.5,24,3.967366884975474,A607,2024,jan,30,jan,39,1,5,ter
2024-01-31,27.0375,24.8,30.6,24,1.9555522960556937,A607,2024,jan,31,jan,84,1,5,qua
2024-02-01,26.833333333333332,23.1,32.6,24,2.9736036791374385,A607,2024,fev,32,fev,73,2,5,qui
2024-02-02,26.979166666666668,23.7,32,24,2.896621595353226,A607,2024,fev,33,fev,156,2,5,sex
2024-02-03,27.21666666666667,23.1,32.6,24,3.145136572228783,A607,2024,fev,34,fev,4,2,5,sáb
2024-02-04,27.425,24.7,31.5,24,2.2361165871448536,A607,2024,fev,35,fev,7,2,6,dom
2024-02-05,27.429166666666667,23.6,32.7,24,3.0073069227360603,A607,2024,fev,36,fev,130,2,6,seg
2024-02-06,27.28333333333333,22.9,33.7,24,3.232130360407307,A607,2024,fev,37,fev,130,2,6,ter
2024-02-07,26.629166666666663,22.8,33.8,24,3.621491305437902,A607,2024,fev,38,fev,144,2,6,qua
2024-02-08,27.175,24.2,33.3,24,2.836907379217881,A607,2024,fev,39,fev,346,2,6,qui
2024-02-09,27.3375,23.4,33.1,24,3.5296030691972935,A607,2024,fev,40,fev,101,2,6,sex
2024-02-10,25.945833333333333,22.8,30.3,24,2.454982363642782,A607,2024,fev,41,fev,28,2,6,sáb
2024-02-11,27.1,23,33.2,24,3.5989128793350194,A607,2024,fev,42,fev,21,2,7,dom
2024-02-12,28.15416666666667,23.8,34.7,24,3.3837179405868447,A607,2024,fev,43,fev,7,2,7,seg
2024-02-13,28.366666666666667,23.1,36.1,24,4.303958407212423,A607,2024,fev,44,fev,14,2,7,ter
2024-02-14,28.670833333333334,24,35.6,24,4.234175569532184,A607,2024,fev,45,fev,20,2,7,qua
2024-02-15,25.220833333333335,23.7,29.1,24,1.7123538761311723,A607,2024,fev,46,fev,275,2,7,qui
2024-02-16,26.6,23.2,32.7,24,3.2134229345857577,A607,2024,fev,47,fev,254,2,7,sex
2024-02-17,27.5125,23.9,32.9,24,3.141076041049018,A607,2024,fev,48,fev,61,2,7,sáb
2024-02-18,27.016666666666666,24.1,32.9,24,2.8383502046185156,A607,2024,fev,49,fev,21,2,8,dom
2024-02-19,25.491666666666667,22.6,33,24,3.3001866438215237,A607,2024,fev,50,fev,256,2,8,seg
2024-02-20,26.291666666666668,22.4,31.8,24,3.422929925569953,A607,2024,fev,51,fev,211,2,8,ter
2024-02-21,25.245833333333337,23.5,27.4,24,1.291436398362108,A607,2024,fev,52,fev,204,2,8,qua
2024-02-22,25.4125,23.9,27.9,24,1.307607340344088,A607,2024,fev,53,fev,191,2,8,qui
2024-02-23,27.229166666666668,24.2,32.8,24,2.8577095064384,A607,2024,fev,54,fev,175,2,8,sex
2024-02-24,27.925,24.3,34.2,24,3.4500472586555277,A607,2024,fev,55,fev,48,2,8,sáb
2024-02-25,27.1125,23.3,33.3,24,3.382089976434046,A607,2024,fev,56,fev,70,2,9,dom
2024-02-26,27.3125,24,32.1,24,3.0871842383860293,A607,2024,fev,57,fev,263,2,9,seg
2024-02-27,26.9,22.9,32.2,24,3.482877371170093,A607,2024,fev,58,fev,252,2,9,ter
2024-02-28,28.291666666666668,23.3,36.9,24,4.909699066901783,A607,2024,fev,59,fev,177,2,9,qua
2024-02-29,27.3875,24.6,34,24,2.9251997330542863,A607,2024,fev,60,fev,249,2,9,qui
2024-03-01,27.425,24.1,34,24,2.9745660991581397,A607,2024,mar,61,mar,192,3,9,sex
2024-03-02,26.1125,22.9,29.7,24,2.2668331673715323,A607,2024,mar,62,mar,117,3,9,sáb
2024-03-03,25.441666666666663,20.2,32.1,24,3.895807854679144,A607,2024,mar,63,mar,57,3,10,dom
2024-03-04,26.404166666666665,22.2,33,24,3.736014985384091,A607,2024,mar,64,mar,271,3,10,seg
2024-03-05,28.720833333333335,23.1,35.9,24,4.598296392159266,A607,2024,mar,65,mar,278,3,10,ter
2024-03-06,26.966666666666665,23.6,32.1,24,2.240470964982036,A607,2024,mar,66,mar,317,3,10,qua
2024-03-07,25.891666666666666,23.3,29.6,24,2.168934153523071,A607,2024,mar,67,mar,220,3,10,qui
2024-03-08,27.275,24.8,31.5,24,2.0995341098112386,A607,2024,mar,68,mar,202,3,10,sex
2024-03-09,27.3875,24.1,33,24,2.384061660276428,A607,2024,mar,69,mar,99,3,10,sáb
2024-03-10,26.854166666666668,24.9,31.6,24,1.93345358196756,A607,2024,mar,70,mar,56,3,11,dom
2024-03-11,27.254166666666663,23.6,31.8,24,2.5210382896677737,A607,2024,mar,71,mar,344,3,11,seg
2024-03-12,26.358333333333334,23.2,29.9,24,2.1130889540045947,A607,2024,mar,72,mar,226,3,11,ter
2024-03-13,26.0375,23,30.7,24,2.484528211709943,A607,2024,mar,73,mar,244,3,11,qua
2024-03-14,26.070833333333333,21.9,31.2,24,3.237481464330577,A607,2024,mar,74,mar,214,3,11,qui
2024-03-15,27.579166666666666,23.4,34.1,24,3.219502954706258,A607,2024,mar,75,mar,255,3,11,sex
2024-03-16,27.895833333333332,23.5,35,24,3.7392720945528226,A607,2024,mar,76,mar,80,3,11,sáb
2024-03-17,29.358333333333334,24.1,37.8,24,4.952199043083672,A607,2024,mar,77,mar,16,3,12,dom
2024-03-18,28.554166666666667,24,34.7,24,3.3991020766573383,A607,2024,mar,78,mar,458,3,12,seg
2024-03-19,28.395833333333332,25.1,34.5,24,3.010341475165475,A607,2024,mar,79,mar,318,3,12,ter
2024-03-20,27.883333333333333,24,34,24,3.238983558580318,A607,2024,mar,80,mar,254,3,12,qua
2024-03-21,29.05,24.5,36.3,24,3.97885716604983,A607,2024,mar,81,mar,185,3,12,qui
2024-03-22,27.745833333333337,24.5,32.2,24,2.239561130661768,A607,2024,mar,82,mar,218,3,12,sex
2024-03-23,23.0375,22.1,25.6,24,0.875170790785135,A607,2024,mar,83,mar,47,3,12,sáb
2024-03-24,23.133333333333333,21.7,25.7,24,1.144615624363145,A607,2024,mar,84,mar,37,3,13,dom
2024-03-25,24.891666666666666,23.2,28,24,1.8696469479944409,A607,2024,mar,85,mar,271,3,13,seg
2024-03-26,24.1375,23.1,26,24,0.8899499253133383,A607,2024,mar,86,mar,220,3,13,ter
2024-03-27,24.325,22.1,27.7,24,1.8507930145234224,A607,2024,mar,87,mar,155,3,13,qua
2024-03-28,24.895833333333332,22.5,29.4,24,2.1728520961823556,A607,2024,mar,88,mar,160,3,13,qui
2024-03-29,26.3125,24.1,30.2,24,2.2729625372302493,A607,2024,mar,89,mar,30,3,13,sex
2024-03-30,26.4,23.6,30.8,24,2.073015027525808,A607,2024,mar,90,mar,107,3,13,sáb
2024-03-31,25.595833333333335,23.2,29.6,24,2.4381887729939256,A607,2024,mar,91,mar,19,3,14,dom
2024-04-01,25.5875,21.5,30.8,24,3.0905624224332575,A607,2024,abr,92,abr,257,4,14,seg
2024-04-02,25.608333333333334,20.4,32.3,24,4.254298763722935,A607,2024,abr,93,abr,186,4,14,ter
2024-04-03,26.908333333333335,23.5,32.4,24,3.181866647475793,A607,2024,abr,94,abr,214,4,14,qua
2024-04-04,26.5375,22.7,32.7,24,3.1763819313667314,A607,2024,abr,95,abr,211,4,14,qui
2024-04-05,25.895833333333332,21.1,31.7,24,3.2792468868518476,A607,2024,abr,96,abr,304,4,14,sex
2024-04-06,26.029166666666665,22.4,31.6,24,2.899846947485432,A607,2024,abr,97,abr,86,4,14,sáb
2024-04-07,24.716666666666665,20.5,30,24,3.4283557558114937,A607,2024,abr,98,abr,60,4,15,dom
2024-04-08,24.854166666666668,20.3,30.3,24,3.656201303404189,A607,2024,abr,99,abr,261,4,15,seg
2024-04-09,26.21666666666667,22.6,31.8,24,3.1426472732487767,A607,2024,abr,100,abr,217,4,15,ter
2024-04-10,26.395833333333332,22.7,31,24,2.8488715029954776,A607,2024,abr,101,abr,249,4,15,qua
2024-04-11,26.845833333333335,22.8,32.2,24,3.076697716802824,A607,2024,abr,102,abr,218,4,15,qui
2024-04-12,25.929166666666667,23.4,29.3,24,1.9134487795297943,A607,2024,abr,103,abr,224,4,15,sex
2024-04-13,25.533333333333335,21.7,30.6,24,2.938894596489531,A607,2024,abr,104,abr,74,4,15,sáb
2024-04-14,24.120833333333337,21.5,26.6,24,1.757215971647905,A607,2024,abr,105,abr,53,4,16,dom
2024-04-15,25.65,22.1,29.8,24,2.732732348210582,A607,2024,abr,106,abr,292,4,16,seg
2024-04-16,24.816666666666663,22.2,28.5,24,2.0488950716161027,A607,2024,abr,107,abr,292,4,16,ter
2024-04-17,25.579166666666666,21.6,31.7,24,3.5352853850323296,A607,2024,abr,108,abr,190,4,16,qua
2024-04-18,23.6,20.6,27.3,24,1.7881250807333997,A607,2024,abr,109,abr,216,4,16,qui
2024-04-19,23.0375,20.7,26.9,24,1.889976420372809,A607,2024,abr,110,abr,115,4,16,sex
2024-04-20,24.066666666666663,21.1,28.2,24,2.492888435855722,A607,2024,abr,111,abr,60,4,16,sáb
2024-04-21,23.195833333333333,19,29.1,24,3.4134617347339282,A607,2024,abr,112,abr,29,4,17,dom
2024-04-22,23.533333333333335,18.1,31.1,24,4.567623934366434,A607,2024,abr,113,abr,191,4,17,seg
2024-04-23,25.65,22.1,31.7,24,3.489362717447563,A607,2024,abr,114,abr,73,4,17,ter
2024-04-24,26.866666666666667,21.7,34.2,24,4.550840024384096,A607,2024,abr,115,abr,243,4,17,qua
2024-04-25,26.0375,23.2,31,24,2.694731171556176,A607,2024,abr,116,abr,184,4,17,qui
2024-04-26,25.120833333333337,23.6,27.5,24,1.2590469710707055,A607,2024,abr,117,abr,219,4,17,sex
2024-04-27,24.758333333333333,22.2,28.7,24,2.3359043806119972,A607,2024,abr,118,abr,58,4,17,sáb
2024-04-28,26.15833333333333,21.2,33.8,24,4.883683273804781,A607,2024,abr,119,abr,39,4,18,dom
2024-04-29,25.804166666666667,21.3,31.8,24,3.937498562226561,A607,2024,abr,120,abr,237,4,18,seg
2024-04-30,25.425,21.8,31.2,24,3.412795615480581,A607,2024,abr,121,abr,291,4,18,ter
2024-05-01,25.245833333333337,21.8,31.4,24,3.330097160962316,A607,2024,mai,122,mai,67,5,18,qua
2024-05-02,26.245833333333337,21.2,34.8,24,4.893383213622485,A607,2024,mai,123,mai,159,5,18,qui
2024-05-03,27.1875,22,36,24,4.891368840154541,A607,2024,mai,124,mai,232,5,18,sex
2024-05-04,25.591666666666665,21.9,32,24,3.5522089473730425,A607,2024,mai,125,mai,56,5,18,sáb
2024-05-05,25.175,21.1,31.6,24,3.6265026870430463,A607,2024,mai,126,mai,18,5,19,dom
2024-05-06,25.404166666666665,21.8,29.8,24,2.927453139515298,A607,2024,mai,127,mai,184,5,19,seg
2024-05-07,24.875,19.7,31.4,24,3.904206204461609,A607,2024,mai,128,mai,150,5,19,ter
2024-05-08,26.245833333333337,22.5,31.9,24,3.0759910621607394,A607,2024,mai,129,mai,131,5,19,qua
2024-05-09,26.358333333333334,22.2,33.4,24,3.737345799252245,A607,2024,mai,130,mai,144,5,19,qui
2024-05-10,25.233333333333334,22,29.9,24,2.708868954839409,A607,2024,mai,131,mai,134,5,19,sex
2024-05-11,26.008333333333333,20.8,33.6,24,4.696429417691947,A607,2024,mai,132,mai,58,5,19,sáb
2024-05-12,26.841666666666665,21.7,35.1,24,4.758326036188217,A607,2024,mai,133,mai,53,5,20,dom
2024-05-13,27.6875,22.1,35.6,24,5.084701051449209,A607,2024,mai,134,mai,175,5,20,seg
2024-05-14,25.2625,20.9,29.4,24,2.863383905679493,A607,2024,mai,135,mai,156,5,20,ter
2024-05-15,24.208333333333332,21.4,27.4,24,1.7665777937722629,A607,2024,mai,136,mai,137,5,20,qua
2024-05-16,24.3625,21.7,29.7,24,2.5573104927876353,A607,2024,mai,137,mai,133,5,20,qui
2024-05-17,26.1875,22,33.5,24,4.194023957552191,A607,2024,mai,138,mai,101,5,20,sex
2024-05-18,26.433333333333337,22.2,34.2,24,4.283097890106166,A607,2024,mai,139,mai,56,5,20,sáb
2024-05-19,24.65416666666667,21.4,29.7,24,2.8676576059438363,A607,2024,mai,140,mai,36,5,21,dom
2024-05-20,25.004166666666663,20.2,32,24,3.8016562942630863,A607,2024,mai,141,mai,194,5,21,seg
2024-05-21,24.7,22.2,27.7,24,1.757963248366898,A607,2024,mai,142,mai,123,5,21,ter
2024-05-22,22.8875,18.9,27.1,24,2.79942734827337,A607,2024,mai,143,mai,132,5,21,qua
2024-05-23,24.095833333333335,19.7,31.5,24,3.7042254564057058,A607,2024,mai,144,mai,155,5,21,qui
2024-05-24,25.504166666666663,20.8,33.3,24,4.484512398162743,A607,2024,mai,145,mai,128,5,21,sex
2024-05-25,24.229166666666668,20.6,29.5,24,2.70691211316618,A607,2024,mai,146,mai,74,5,21,sáb
2024-05-26,22.416666666666668,19.9,25.1,24,1.630861779835292,A607,2024,mai,147,mai,44,5,22,dom
2024-05-27,21.9,19.4,25.5,24,2.0996894180268453,A607,2024,mai,148,mai,206,5,22,seg
2024-05-28,24.3,20.6,30.4,24,3.488615023560022,A607,2024,mai,149,mai,105,5,22,ter
2024-05-29,22.954166666666666,21.2,25.9,24,1.1492830153079625,A607,2024,mai,150,mai,108,5,22,qua
2024-05-30,20.679166666666667,19.3,22,24,0.8526068295510544,A607,2024,mai,151,mai,45,5,22,qui
2024-05-31,19.633333333333333,14.1,26,24,3.959431960430102,A607,2024,mai,152,mai,88,5,22,sex
2024-06-01,21.65,19.3,25.4,24,2.1574945211276093,A607,2024,jun,153,jun,54,6,22,sáb
2024-06-02,21.025,16.5,27.6,24,4.082225522602997,A607,2024,jun,154,jun,43,6,23,dom
2024-06-03,22,17.1,28.6,24,4.300556081333629,A607,2024,jun,155,jun,177,6,23,seg
2024-06-04,22.35,18.2,28.2,24,3.3580532662735463,A607,2024,jun,156,jun,183,6,23,ter
2024-06-05,21.875,20.1,25.4,24,1.4715416346840802,A607,2024,jun,157,jun,124,6,23,qua
2024-06-06,21.375,17.9,26.2,24,2.8971125055070295,A607,2024,jun,158,jun,157,6,23,qui
2024-06-07,21.991666666666667,17.7,28.1,24,3.6484560959477057,A607,2024,jun,159,jun,83,6,23,sex
2024-06-08,22.179166666666667,18.2,27.1,24,2.93923668982962,A607,2024,jun,160,jun,94,6,23,sáb
2024-06-09,21.920833333333334,18,27.8,24,3.558575578082829,A607,2024,jun,161,jun,28,6,24,dom
2024-06-10,23.0125,18.3,30.7,24,4.505775279523515,A607,2024,jun,162,jun,244,6,24,seg
2024-06-11,22.408333333333335,17,30.7,24,4.930024840458335,A607,2024,jun,163,jun,164,6,24,ter
2024-06-12,21.329166666666666,15.5,28.2,24,4.292711635831807,A607,2024,jun,164,jun,73,6,24,qua
2024-06-13,22.191666666666663,17.1,29.9,24,4.33659019193117,A607,2024,jun,165,jun,101,6,24,qui
2024-06-14,23.3375,18,30.3,24,4.161501871450613,A607,2024,jun,166,jun,74,6,24,sex
2024-06-15,23,17,30.9,24,4.505552130427524,A607,2024,jun,167,jun,39,6,24,sáb
2024-06-16,23.029166666666665,18,30.4,24,3.9585327943643422,A607,2024,jun,168,jun,49,6,25,dom
2024-06-17,23.666666666666668,18.6,31.1,24,4.066583510672732,A607,2024,jun,169,jun,117,6,25,seg
2024-06-18,23.341666666666665,18.7,31,24,4.237915470633161,A607,2024,jun,170,jun,101,6,25,ter
2024-06-19,24.333333333333332,20.4,31.5,24,3.85200869865227,A607,2024,jun,171,jun,95,6,25,qua
2024-06-20,24.616666666666667,19.7,32.1,24,4.115576632076331,A607,2024,jun,172,jun,131,6,25,qui
2024-06-21,22.620833333333337,17.5,29.9,24,4.06469199503391,A607,2024,jun,173,jun,69,6,25,sex
2024-06-22,22.745833333333337,17.8,27.9,24,3.3712311216174897,A607,2024,jun,174,jun,39,6,25,sáb
2024-06-23,24.408333333333335,19.9,30.8,24,3.651553173611216,A607,2024,jun,175,jun,42,6,26,dom
2024-06-24,24.575,19.7,32,24,4.357726770771161,A607,2024,jun,176,jun,115,6,26,seg
2024-06-25,23.379166666666663,18.4,30.2,24,3.814272871234029,A607,2024,jun,177,jun,167,6,26,ter
2024-06-26,24.354166666666668,20.1,31.6,24,3.5073809337585153,A607,2024,jun,178,jun,152,6,26,qua
2024-06-27,23.729166666666668,20.2,29.3,24,3.0314982902944165,A607,2024,jun,179,jun,63,6,26,qui
2024-06-28,24.716666666666665,21.3,31.2,24,3.340615234493122,A607,2024,jun,180,jun,56,6,26,sex
2024-06-29,24.791666666666668,19.6,33.9,24,4.736253946873559,A607,2024,jun,181,jun,44,6,26,sáb
2024-06-30,21.716666666666665,19.8,23.1,24,0.8810402283993453,A607,2024,jun,182,jun,21,6,27,dom
2024-07-01,19.8,18.3,22.4,24,1.287397104372938,A607,2024,jul,183,jul,138,7,27,seg
2024-07-02,21.325,18.3,25.6,24,2.620197470155388,A607,2024,jul,184,jul,138,7,27,ter
2024-07-03,22.4625,18.2,29.5,24,4.291327199181482,A607,2024,jul,185,jul,44,7,27,qua
2024-07-04,23.420833333333334,17.6,32.3,24,5.229762582246604,A607,2024,jul,186,jul,64,7,27,qui
2024-07-05,21.820833333333333,16,30,24,4.834745545812481,A607,2024,jul,187,jul,49,7,27,sex
2024-07-06,21.466666666666665,16,27.5,24,3.973024985603776,A607,2024,jul,188,jul,24,7,27,sáb
2024-07-07,21.775,16.8,30.2,24,4.326988108021158,A607,2024,jul,189,jul,20,7,28,dom
2024-07-08,21.916666666666668,18,27.1,24,2.7542325794037943,A607,2024,jul,190,jul,94,7,28,seg
2024-07-09,23.370833333333337,20.3,27.8,24,2.5721720083578603,A607,2024,jul,191,jul,96,7,28,ter
2024-07-10,23.7375,18.9,30.8,24,3.2746473424464053,A607,2024,jul,192,jul,69,7,28,qua
2024-07-11,23.120833333333337,20.3,28,24,2.77441402613341,A607,2024,jul,193,jul,53,7,28,qui
2024-07-12,23.270833333333332,20.2,27.9,24,2.4100296167522894,A607,2024,jul,194,jul,32,7,28,sex
2024-07-13,23.133333333333333,19.7,27,24,2.231526415915244,A607,2024,jul,195,jul,17,7,28,sáb
2024-07-14,23.1125,18.8,29.7,24,3.3093165588919597,A607,2024,jul,196,jul,21,7,29,dom
2024-07-15,21.633333333333333,17.5,26,24,2.6905093532099356,A607,2024,jul,197,jul,50,7,29,seg
2024-07-16,21.8,17.2,27.5,24,3.26669624358098,A607,2024,jul,198,jul,46,7,29,ter
2024-07-17,21.341666666666665,18.3,26.8,24,2.9033588744113583,A607,2024,jul,199,jul,88,7,29,qua
2024-07-18,22.883333333333333,18.5,31.2,24,4.227823642682271,A607,2024,jul,200,jul,58,7,29,qui
2024-07-19,20.7375,16.4,25.1,24,2.856238404980746,A607,2024,jul,201,jul,59,7,29,sex
2024-07-20,19.775,14.6,26.2,24,3.926858463365385,A607,2024,jul,202,jul,23,7,29,sáb
2024-07-21,20.65,16.4,26.8,24,3.7063986974349943,A607,2024,jul,203,jul,31,7,30,dom
2024-07-22,21.5625,16.2,30.3,24,5.080894520695621,A607,2024,jul,204,jul,67,7,30,seg
2024-07-23,21.016666666666666,15.9,26.6,24,3.440256141458159,A607,2024,jul,205,jul,76,7,30,ter
2024-07-24,20.304166666666667,14.7,27.1,24,4.512155482853985,A607,2024,jul,206,jul,62,7,30,qua
2024-07-25,21.3625,16,29.2,24,4.778740283343736,A607,2024,jul,207,jul,40,7,30,qui
2024-07-26,22.429166666666667,15.8,31.1,24,5.61995506454778,A607,2024,jul,208,jul,37,7,30,sex
2024-07-27,22.925,15.8,31.7,24,5.609018359438819,A607,2024,jul,209,jul,39,7,30,sáb
2024-07-28,23.929166666666667,17.6,32.3,24,4.727760676524643,A607,2024,jul,210,jul,23,7,31,dom
2024-07-29,24.683333333333337,19.5,34.2,24,5.12128267447561,A607,2024,jul,211,jul,68,7,31,seg
2024-07-30,21.6625,18.5,25,24,2.085313551650123,A607,2024,jul,212,jul,40,7,31,ter
2024-07-31,19.995833333333337,17.7,25.2,24,1.987237358455345,A607,2024,jul,213,jul,30,7,31,qua
2024-08-01,20.808333333333337,17.3,24.8,24,2.6601596334359936,A607,2024,ago,214,ago,49,8,31,qui
2024-08-02,19.825,15,25.8,24,3.8952870073417207,A607,2024,ago,215,ago,28,8,31,sex
2024-08-03,20.854166666666668,18.9,23.8,24,1.5753479026845956,A607,2024,ago,216,ago,25,8,31,sáb
2024-08-04,22.720833333333335,18.9,28.3,24,3.229615560197013,A607,2024,ago,217,ago,23,8,32,dom
2024-08-05,23.220833333333335,19.2,29.6,24,3.3103236629706148,A607,2024,ago,218,ago,28,8,32,seg
2024-08-06,23.204166666666666,18.4,30.1,24,3.888945220433972,A607,2024,ago,219,ago,21,8,32,ter
2024-08-07,23.354166666666668,18.6,30.1,24,3.5449877864101453,A607,2024,ago,220,ago,56,8,32,qua
2024-08-08,24.345833333333335,18.7,33.7,24,5.145363397540899,A607,2024,ago,221,ago,41,8,32,qui
2024-08-09,23.166666666666668,19.2,28.8,24,3.2360290570344104,A607,2024,ago,222,ago,36,8,32,sex
2024-08-10,20.004166666666663,16.2,23.1,24,2.046307207729523,A607,2024,ago,223,ago,15,8,32,sáb
2024-08-11,18.729166666666668,13.8,23.6,24,3.4326411642230887,A607,2024,ago,224,ago,20,8,33,dom
2024-08-12,20.508333333333333,15.8,29,24,4.316592523564479,A607,2024,ago,225,ago,36,8,33,seg
2024-08-13,19.0375,15.6,23.4,24,2.711298822400037,A607,2024,ago,226,ago,34,8,33,ter
2024-08-14,18.204166666666666,12.1,26,24,4.5119627625917405,A607,2024,ago,227,ago,36,8,33,qua
2024-08-15,21.020833333333332,16,28.1,24,4.193471029512702,A607,2024,ago,228,ago,29,8,33,qui
2024-08-16,22.241666666666667,16.3,30.3,24,4.713340610452944,A607,2024,ago,229,ago,15,8,33,sex
2024-08-17,23.179166666666667,16.8,33.1,24,4.880215530403182,A607,2024,ago,230,ago,18,8,33,sáb
2024-08-18,22.204166666666666,16.9,28.4,24,3.9889498636223486,A607,2024,ago,231,ago,25,8,34,dom
2024-08-19,23.45,18.1,31,24,4.046039394594262,A607,2024,ago,232,ago,45,8,34,seg
2024-08-20,25.075,18.9,35.3,24,5.72236269233336,A607,2024,ago,233,ago,26,8,34,ter
2024-08-21,22.825,18.9,28.3,24,3.2312670822019243,A607,2024,ago,234,ago,34,8,34,qua
2024-08-22,23.420833333333334,18.5,32.2,24,4.174766764291376,A607,2024,ago,235,ago,15,8,34,qui
2024-08-23,24.6125,19.1,33.1,24,4.484302330497393,A607,2024,ago,236,ago,62,8,34,sex
2024-08-24,23.433333333333337,19.9,29.5,24,2.756599459426441,A607,2024,ago,237,ago,4,8,34,sáb
2024-08-25,22.8625,20,27.9,24,2.519284318662915,A607,2024,ago,238,ago,15,8,35,dom
2024-08-26,17.3,15.8,20.3,24,1.5154279062794225,A607,2024,ago,239,ago,40,8,35,seg
2024-08-27,18.445833333333333,16.1,21.6,24,1.9108339100727871,A607,2024,ago,240,ago,52,8,35,ter
2024-08-28,20.175,16.4,26.5,24,3.399776207468598,A607,2024,ago,241,ago,55,8,35,qua
2024-08-29,20.254166666666663,15.3,26.6,24,3.7392139567685554,A607,2024,ago,242,ago,45,8,35,qui
2024-08-30,21.545833333333334,15.8,30.1,24,5.077056590504817,A607,2024,ago,243,ago,27,8,35,sex
2024-08-31,22.1875,15.8,32.1,24,5.291856951959303,A607,2024,ago,244,ago,11,8,35,sáb
2024-09-01,22.845833333333335,17.8,29.8,24,3.822357474997161,A607,2024,set,245,set,23,9,36,dom
2024-09-02,23.991666666666667,18.6,35.6,24,5.0665069578184925,A607,2024,set,246,set,73,9,36,seg
2024-09-03,22.916666666666668,20.6,28.1,24,2.0857001048895385,A607,2024,set,247,set,78,9,36,ter
2024-09-04,24.629166666666663,21.5,31.6,24,3.348910162330772,A607,2024,set,248,set,55,9,36,qua
2024-09-05,25.216666666666665,21.7,33.3,24,3.663173566691885,A607,2024,set,249,set,19,9,36,qui
2024-09-06,24.208333333333332,21.9,28.6,24,2.3768661623287057,A607,2024,set,250,set,45,9,36,sex
2024-09-07,24.21666666666667,20.8,31.2,24,3.4807129038230915,A607,2024,set,251,set,19,9,36,sáb
2024-09-08,24.45,19.9,29.6,24,3.1302173837555145,A607,2024,set,252,set,8,9,37,dom
2024-09-09,24.641666666666666,22.4,29.1,24,2.430587094343341,A607,2024,set,253,set,52,9,37,seg
2024-09-10,24.620833333333337,18.8,31.9,24,4.103336835845407,A607,2024,set,254,set,26,9,37,ter
2024-09-11,24.829166666666666,19.2,33.1,24,4.45328204973509,A607,2024,set,255,set,33,9,37,qua
2024-09-12,24.804166666666667,20,31.8,24,3.7470543986799374,A607,2024,set,256,set,36,9,37,qui
2024-09-13,24.845833333333335,19.8,31.5,24,3.615543637836702,A607,2024,set,257,set,30,9,37,sex
2024-09-14,25.333333333333332,20.4,33,24,4.027046243746819,A607,2024,set,258,set,10,9,37,sáb
2024-09-15,24.204166666666666,20.4,28.8,24,2.955242823344223,A607,2024,set,259,set,16,9,38,dom
2024-09-16,24.995833333333337,21,32.5,24,3.721790028264995,A607,2024,set,260,set,34,9,38,seg
2024-09-17,22.216666666666665,20,23.4,24,0.932349377818659,A607,2024,set,261,set,20,9,38,ter
2024-09-18,21.433333333333337,17.7,24.9,24,2.210580617545234,A607,2024,set,262,set,33,9,38,qua
2024-09-19,22.683333333333337,19.8,26.4,24,2.432509290686341,A607,2024,set,263,set,32,9,38,qui
2024-09-20,24.541666666666668,22,28.8,24,2.167731065195702,A607,2024,set,264,set,12,9,38,sex
2024-09-21,25.358333333333334,22,31.7,24,3.1113979336383952,A607,2024,set,265,set,7,9,38,sáb
2024-09-22,25.308333333333337,22.2,29.6,24,2.5481308864524115,A607,2024,set,266,set,18,9,39,dom
2024-09-23,25.370833333333337,20.7,31,24,3.2834869014333004,A607,2024,set,267,set,21,9,39,seg
2024-09-24,25.170833333333334,20.3,30.4,24,3.1498073325021103,A607,2024,set,268,set,24,9,39,ter
2024-09-25,25.495833333333337,21.2,31.6,24,3.0679945534029467,A607,2024,set,269,set,17,9,39,qua
2024-09-26,25.7625,21.9,31.1,24,3.188950011196953,A607,2024,set,270,set,26,9,39,qui
2024-09-27,26.4,21.2,35.5,24,4.568321925761286,A607,2024,set,271,set,11,9,39,sex
2024-09-28,24.366666666666667,22.3,28.6,24,1.7521829035623626,A607,2024,set,272,set,1,9,39,sáb
2024-09-29,23.666666666666664,20.7,27.5,24,2.2319160547301773,A607,2024,set,273,set,2,9,40,dom
2024-09-30,22.645833333333332,18.8,26.7,24,3.0381600791707255,A607,2024,set,274,set,14,9,40,seg
2024-10-01,25.141666666666666,20.6,30.9,24,3.555022982456949,A607,2024,out,275,out,26,10,40,ter
2024-10-02,26.133333333333333,20.2,35,24,4.772900555233152,A607,2024,out,276,out,11,10,40,qua
2024-10-03,25.2875,21.7,32.2,24,3.2336965655826257,A607,2024,out,277,out,27,10,40,qui
2024-10-04,23.6625,20,28,24,1.9504319476999692,A607,2024,out,278,out,12,10,40,sex
2024-10-05,21.545833333333334,19.6,25.2,24,1.8784774516165703,A607,2024,out,279,out,0,10,40,sáb
2024-10-06,20.991666666666667,16.4,25.9,24,3.2641553493863515,A607,2024,out,280,out,5,10,41,dom
2024-10-07,23.079166666666666,19.4,29.2,24,3.6032568802303753,A607,2024,out,281,out,24,10,41,seg
2024-10-08,22.708333333333332,17.9,28.3,24,3.6828529426385535,A607,2024,out,282,out,17,10,41,ter
2024-10-09,25.558333333333337,22.6,29.8,24,2.2306007509513948,A607,2024,out,283,out,7,10,41,qua
2024-10-10,22.325,21.1,24,24,0.8109307588519342,A607,2024,out,284,out,37,10,41,qui
2024-10-11,22.3125,20.9,24.1,24,1.208417038579991,A607,2024,out,285,out,13,10,41,sex
2024-10-12,24.979166666666668,23,29,24,2.0698622442435455,A607,2024,out,286,out,5,10,41,sáb
2024-10-13,24.2125,22,27.7,24,1.889401216396808,A607,2024,out,287,out,8,10,42,dom
2024-10-14,23.09583333333333,20.9,26.4,24,1.7424318754487105,A607,2024,out,288,out,10,10,42,seg
2024-10-15,22.479166666666668,18.6,27.1,24,2.818414473587506,A607,2024,out,289,out,9,10,42,ter
2024-10-16,23.970833333333335,20,30.6,24,3.713603566520713,A607,2024,out,290,out,13,10,42,qua
2024-10-17,25.395833333333332,21.8,30.2,24,2.831112727420496,A607,2024,out,291,out,6,10,42,qui
2024-10-18,25.445833333333333,22.7,31.1,24,2.827040112396966,A607,2024,out,292,out,6,10,42,sex
2024-10-19,22.6625,21.6,24.4,24,0.8676868299004017,A607,2024,out,293,out,0,10,42,sáb
2024-10-20,22.225,20.9,23.9,24,1.040171390559811,A607,2024,out,294,out,1,10,43,dom
2024-10-21,23.7375,21.4,27.4,24,1.795601509970599,A607,2024,out,295,out,27,10,43,seg
2024-10-22,25.208333333333332,20.9,30.8,24,3.1635033780902475,A607,2024,out,296,out,18,10,43,ter
2024-10-23,27.195833333333333,22.6,34.7,24,3.849729427721728,A607,2024,out,297,out,14,10,43,qua
2024-10-24,27.020833333333332,22.9,32.4,24,3.5047767610687464,A607,2024,out,298,out,21,10,43,qui
2024-10-25,26.6,23.5,32.8,24,2.8593097373165155,A607,2024,out,299,out,11,10,43,sex
2024-10-26,29.65,25.1,37.5,24,4.1837158437051585,A607,2024,out,300,out,4,10,43,sáb
2024-10-27,24.195833333333333,22,26.4,24,1.5453940447740788,A607,2024,out,301,out,6,10,44,dom
2024-10-28,21.9,20.8,23.3,24,0.7205070678227997,A607,2024,out,302,out,5,10,44,seg
2024-10-29,21.070833333333333,20.4,22.5,24,0.4786567860592595,A607,2024,out,303,out,14,10,44,ter
2024-10-30,23.279166666666665,20.7,27.5,24,2.535140707297546,A607,2024,out,304,out,13,10,44,qua
2024-10-31,23.675,19.6,28.4,24,3.0104528043064422,A607,2024,out,305,out,13,10,44,qui
2024-11-01,23.9125,19.5,28.7,24,3.4474076586933244,A607,2024,nov,306,nov,92,11,44,sex
2024-11-02,25.02916666666667,21.9,28.9,24,2.2624494549562613,A607,2024,nov,307,nov,0,11,44,sáb
2024-11-03,25.4375,22.7,28.6,24,2.0670946845228473,A607,2024,nov,308,nov,0,11,45,dom
2024-11-04,25.445833333333333,22.8,28.6,24,1.9457823209649407,A607,2024,nov,309,nov,29,11,45,seg
2024-11-05,24.120833333333337,22.6,26.4,24,1.100189377637626,A607,2024,nov,310,nov,54,11,45,ter
2024-11-06,25.808333333333337,22.9,30,24,2.6762915072697253,A607,2024,nov,311,nov,12,11,45,qua
2024-11-07,25.97083333333333,22.4,30.2,24,2.732808583421676,A607,2024,nov,312,nov,8,11,45,qui
2024-11-08,26.47083333333333,23.5,30.9,24,2.459847850838617,A607,2024,nov,313,nov,10,11,45,sex
2024-11-09,22.8875,21.9,25.8,24,1.1444810861354324,A607,2024,nov,314,nov,5,11,45,sáb
2024-11-10,23.370833333333337,20.8,26.8,24,2.0037962160265494,A607,2024,nov,315,nov,5,11,46,dom
2024-11-11,23.345833333333335,19,28.9,24,3.488238519799713,A607,2024,nov,316,nov,17,11,46,seg
2024-11-12,26.083333333333332,20.1,34.8,24,5.218501089698881,A607,2024,nov,317,nov,16,11,46,ter
2024-11-13,24.104166666666668,21.5,28.4,24,2.232463869256618,A607,2024,nov,318,nov,16,11,46,qua
2024-11-14,21.45,19.4,23.8,24,1.3510060663462429,A607,2024,nov,319,nov,20,11,46,qui
2024-11-15,24.241666666666667,20.4,29.8,24,3.379981562422914,A607,2024,nov,320,nov,7,11,46,sex
2024-11-16,25.266666666666666,22.2,28.9,24,2.1261654945335104,A607,2024,nov,321,nov,5,11,46,sáb
2024-11-17,25.025,23.2,27.7,24,1.5039802265120144,A607,2024,nov,322,nov,0,11,47,dom
2024-11-18,25.625,21.3,31.1,24,3.2245323220045683,A607,2024,nov,323,nov,8,11,47,seg
2024-11-19,26.6625,22.4,33.8,24,3.584121079573551,A607,2024,nov,324,nov,14,11,47,ter
2024-11-20,26.533333333333335,22.8,33.9,24,3.362021476105871,A607,2024,nov,325,nov,9,11,47,qua
2024-11-21,25.0875,24.1,26.7,24,0.6159563084448796,A607,2024,nov,326,nov,12,11,47,qui
2024-11-22,23.85,22.2,26.7,24,1.497824509370028,A607,2024,nov,327,nov,13,11,47,sex
2024-11-23,21.920833333333334,19.3,24.8,24,1.6394535586635235,A607,2024,nov,328,nov,3,11,47,sáb
2024-11-24,20.6625,17.5,24.3,24,1.9688470472975224,A607,2024,nov,329,nov,2,11,48,dom
2024-11-25,22.070833333333333,18.1,25.6,24,2.524743493930606,A607,2024,nov,330,nov,28,11,48,seg
2024-11-26,23.725,19,29.1,24,3.554452198972805,A607,2024,nov,331,nov,6,11,48,ter
2024-11-27,25.895833333333332,19.5,34.4,24,4.9399418379489894,A607,2024,nov,332,nov,15,11,48,qua
2024-11-28,27.275,22.1,35.5,24,4.481095557037849,A607,2024,nov,333,nov,17,11,48,qui
2024-11-29,27.3625,23.5,36.3,24,4.1668268085167535,A607,2024,nov,334,nov,10,11,48,sex
2024-11-30,27.004166666666663,24.1,33,24,2.936498827229264,A607,2024,nov,335,nov,8,11,48,sáb
2024-12-01,26.708333333333332,24,30.9,24,2.498680811368561,A607,2024,dez,336,dez,6,12,49,dom
2024-12-02,27.870833333333337,23.1,35.9,24,4.218744833598554,A607,2024,dez,337,dez,35,12,49,seg
2024-12-03,27.116666666666667,24.3,34,24,2.8668520331035827,A607,2024,dez,338,dez,11,12,49,ter
2024-12-04,26.0625,23.7,30.6,24,2.277262372464683,A607,2024,dez,339,dez,16,12,49,qua
2024-12-05,26.2875,22.9,30.9,24,2.9471153914352906,A607,2024,dez,340,dez,11,12,49,qui
2024-12-06,27.1,22.2,34.4,24,4.032261206169884,A607,2024,dez,341,dez,14,12,49,sex
2024-12-07,28.404166666666665,22.2,36.9,24,5.306147309994542,A607,2024,dez,342,dez,5,12,49,sáb
2024-12-08,27.55,22.9,35.7,24,4.33218490913725,A607,2024,dez,343,dez,4,12,50,dom
2024-12-09,27.854166666666668,24.3,33.8,24,3.2785175821141914,A607,2024,dez,344,dez,27,12,50,seg
2024-12-10,28.1125,24.5,33,24,2.893968615556514,A607,2024,dez,345,dez,17,12,50,ter
2024-12-11,24.141666666666666,22.2,26.3,24,1.2826320312296244,A607,2024,dez,346,dez,17,12,50,qua
2024-12-12,23.4625,19.7,26.6,24,2.373735361243412,A607,2024,dez,347,dez,20,12,50,qui
2024-12-13,24.179166666666667,21.4,26.8,24,1.9374970780716632,A607,2024,dez,348,dez,16,12,50,sex
2024-12-14,26.358333333333334,22.8,32.1,24,3.121025008142241,A607,2024,dez,349,dez,16,12,50,sáb
2024-12-15,24.9875,22.1,27.6,24,1.7855245240788369,A607,2024,dez,350,dez,10,12,51,dom
2024-12-16,27.154166666666665,24.7,31.3,24,2.503385388987701,A607,2024,dez,351,dez,27,12,51,seg
2024-12-17,26.0375,23.1,33.1,24,3.210690363254553,A607,2024,dez,352,dez,17,12,51,ter
2024-12-18,24.7875,20.8,29.2,24,2.9011710529130936,A607,2024,dez,353,dez,20,12,51,qua
2024-12-19,25.65,22.1,30.2,24,2.7719087757120664,A607,2024,dez,354,dez,19,12,51,qui
2024-12-20,27.170833333333334,22,34.1,24,3.9510570040528856,A607,2024,dez,355,dez,7,12,51,sex
2024-12-21,26.254166666666663,24.1,29.4,24,1.937497078071663,A607,2024,dez,356,dez,0,12,51,sáb
2024-12-22,26.320833333333333,24,30.4,24,2.1388699101987534,A607,2024,dez,357,dez,0,12,52,dom
2024-12-23,24.8375,23.3,27.1,24,1.132067174224446,A607,2024,dez,358,dez,7,12,52,seg
2024-12-24,24.366666666666667,23.2,26.4,24,0.9351431727939784,A607,2024,dez,359,dez,0,12,52,ter
2024-12-25,26.154166666666665,23.1,30.4,24,2.585238895136683,A607,2024,dez,360,dez,1,12,52,qua
2024-12-26,27.254166666666663,24.2,31.9,24,2.869476420453082,A607,2024,dez,361,dez,13,12,52,qui
2024-12-27,26.804166666666667,23.5,32.9,24,3.1849481828651833,A607,2024,dez,362,dez,11,12,52,sex
2024-12-28,25.866666666666667,23.6,31.1,24,2.5562653918603973,A607,2024,dez,363,dez,0,12,52,sáb
2024-12-29,24.6875,21.9,29.6,24,2.0100427207227303,A607,2024,dez,364,dez,0,12,1,dom
2024-12-30,23.2375,21.7,26,24,1.2679365297514942,A607,2024,dez,365,dez,7,12,1,seg
2024-12-31,25.145833333333332,21.5,31.4,24,3.0750014728404627,A607,2024,dez,366,dez,1,12,1,ter
2025-01-01,25.229166666666668,21,28.9,24,2.327805304623195,A607,2025,jan,1,jan,6,1,1,qua
2025-01-02,25.808333333333337,20.8,33.4,24,4.359788254398189,A607,2025,jan,2,jan,25,1,1,qui
2025-01-03,26.479166666666668,22.9,32.6,24,3.000721531589516,A607,2025,jan,3,jan,13,1,1,sex
2025-01-04,26.21666666666667,22.6,33.7,24,3.764902754869399,A607,2025,jan,4,jan,0,1,1,sáb
2025-01-05,24.866666666666667,22.1,29.7,24,2.7702874857355844,A607,2025,jan,5,jan,7,1,2,dom
2025-01-06,25.65833333333333,21.8,31.2,24,3.286324320001281,A607,2025,jan,6,jan,25,1,2,seg
2025-01-07,26.7,22.7,32.8,24,2.713252500309321,A607,2025,jan,7,jan,21,1,2,ter
2025-01-08,24.945833333333333,22.5,29.7,24,2.313660597909477,A607,2025,jan,8,jan,12,1,2,qua
2025-01-09,24.733333333333334,22,29.3,24,2.2309418300967336,A607,2025,jan,9,jan,12,1,2,qui
2025-01-10,25.083333333333332,21.4,29.8,24,2.721678936223753,A607,2025,jan,10,jan,9,1,2,sex
2025-01-11,25.65,22.5,29.9,24,2.5174175864063204,A607,2025,jan,11,jan,1,1,2,sáb
2025-01-12,24.5625,20.9,28.4,24,2.4167553706858973,A607,2025,jan,12,jan,1,1,3,dom
2025-01-13,24.420833333333334,22.7,27.2,24,1.4560157568027796,A607,2025,jan,13,jan,8,1,3,seg
2025-01-14,23.558333333333337,22.5,26.4,24,1.2541814121141936,A607,2025,jan,14,jan,13,1,3,ter
2025-01-15,24.4375,21.5,27.9,24,2.61081571460955,A607,2025,jan,15,jan,0,1,3,qua
2025-01-16,25.666666666666668,23.1,29.1,24,2.018968024525889,A607,2025,jan,16,jan,16,1,3,qui
2025-01-17,27.9,24.7,32.8,24,2.821038969877094,A607,2025,jan,17,jan,12,1,3,sex
2025-01-18,28.195833333333333,24.1,35.3,24,3.593046323672709,A607,2025,jan,18,jan,0,1,3,sáb
2025-01-19,28.2375,23.7,35.6,24,4.049885935055026,A607,2025,jan,19,jan,0,1,4,dom
2025-01-20,28.7875,23.6,36.7,24,4.657328260036985,A607,2025,jan,20,jan,16,1,4,seg
2025-01-21,29.2875,24.2,37.7,24,4.670845049695062,A607,2025,jan,21,jan,12,1,4,ter
2025-01-22,28.708333333333332,25,35.1,24,3.527397940675826,A607,2025,jan,22,jan,12,1,4,qua
2025-01-23,28.279166666666665,25.2,33.4,24,2.825040079233454,A607,2025,jan,23,jan,16,1,4,qui
2025-01-24,27.5125,24.5,31.7,24,2.5095145035401294,A607,2025,jan,24,jan,13,1,4,sex
2025-01-25,27.704166666666666,24.4,32.8,24,3.0316417085921223,A607,2025,jan,25,jan,0,1,4,sáb
2025-01-26,27.904166666666665,23,35.4,24,4.236741894906742,A607,2025,jan,26,jan,0,1,5,dom
2025-01-27,26.575,23.4,32.2,24,3.2508527309401254,A607,2025,jan,27,jan,19,1,5,seg
2025-01-28,26.65,24.1,30.2,24,1.9820937546377344,A607,2025,jan,28,jan,15,1,5,ter
2025-01-29,26.6125,23.3,29.9,24,2.160779348129824,A607,2025,jan,29,jan,13,1,5,qua
2025-01-30,27.329166666666666,24.5,31.9,24,2.62818819501302,A607,2025,jan,30,jan,6,1,5,qui
2025-01-31,27.508333333333333,23.4,33,24,3.4051006071667747,A607,2025,jan,31,jan,18,1,5,sex
2025-02-01,27.820833333333333,23.4,34.6,24,3.470118299783561,A607,2025,fev,32,fev,0,2,5,sáb
2025-02-02,27.85,23.7,34.1,24,3.305989294808939,A607,2025,fev,33,fev,0,2,6,dom
2025-02-03,27.945833333333333,23.2,35.4,24,4.243458307300439,A607,2025,fev,34,fev,21,2,6,seg
2025-02-04,27.75,23.7,35,24,3.3762598292759707,A607,2025,fev,35,fev,10,2,6,ter
2025-02-05,27.483333333333334,22.7,33.8,24,3.828005118649372,A607,2025,fev,36,fev,6,2,6,qua
2025-02-06,27.22083333333333,22.6,33.8,24,3.630065176881235,A607,2025,fev,37,fev,17,2,6,qui
2025-02-07,27.316666666666663,22.7,33.5,24,3.789191340443599,A607,2025,fev,38,fev,7,2,6,sex
2025-02-08,27.391666666666666,23.2,32.4,24,3.3428595760108646,A607,2025,fev,39,fev,1,2,6,sáb
2025-02-09,27.379166666666663,24.3,32.4,24,2.859306569427457,A607,2025,fev,40,fev,0,2,7,dom
2025-02-10,27.266666666666666,23.4,33.8,24,3.3874020655397836,A607,2025,fev,41,fev,25,2,7,seg
2025-02-11,27.083333333333332,23.7,32.5,24,2.996616449418833,A607,2025,fev,42,fev,18,2,7,ter
2025-02-12,27.6875,22.9,33.6,24,3.5533587907291566,A607,2025,fev,43,fev,12,2,7,qua
2025-02-13,27.7625,23.3,33.4,24,3.321447104736912,A607,2025,fev,44,fev,16,2,7,qui
2025-02-14,27.841666666666665,22.8,36.3,24,4.194190253679245,A607,2025,fev,45,fev,10,2,7,sex
2025-02-15,27.958333333333332,23.5,35.4,24,4.0405463111754605,A607,2025,fev,46,fev,0,2,7,sáb
2025-02-16,27.754166666666663,22.5,34,24,3.881279390889675,A607,2025,fev,47,fev,1,2,8,dom
2025-02-17,28.5625,23.1,36.5,24,4.606027478254421,A607,2025,fev,48,fev,13,2,8,seg
2025-02-18,28.1,22.7,35.5,24,4.385053665825986,A607,2025,fev,49,fev,11,2,8,ter
2025-02-19,27.141666666666666,22.2,33.1,24,3.9190634048219346,A607,2025,fev,50,fev,16,2,8,qua
2025-02-20,28.1625,24.1,32.9,24,2.9780081612876166,A607,2025,fev,51,fev,16,2,8,qui
2025-02-21,28.029166666666665,24.2,33,24,3.1202674309391667,A607,2025,fev,52,fev,15,2,8,sex
2025-02-22,27.420833333333334,23,32.8,24,3.5678490861370906,A607,2025,fev,53,fev,2,2,8,sáb
2025-02-23,27.716666666666665,24.2,33,24,3.0558093877879147,A607,2025,fev,54,fev,0,2,9,dom
2025-02-24,27.833333333333332,24.1,32.9,24,3.124470969713066,A607,2025,fev,55,fev,18,2,9,seg
2025-02-25,28.1625,24.6,33.7,24,2.6499897456733517,A607,2025,fev,56,fev,17,2,9,ter
2025-02-26,27.295833333333334,22.9,33,24,3.464412763673152,A607,2025,fev,57,fev,14,2,9,qua
2025-02-27,28.0125,24.1,32.5,24,3.096605785582715,A607,2025,fev,58,fev,12,2,9,qui
2025-02-28,27.545833333333334,23.2,32.9,24,3.1433821672325117,A607,2025,fev,59,fev,2,2,9,sex
2025-03-01,26.954166666666666,23.7,31.8,24,2.776763703786598,A607,2025,mar,60,mar,0,3,9,sáb
2025-03-02,27.108333333333334,23.7,32.7,24,3.2116522453291134,A607,2025,mar,61,mar,0,3,10,dom
2025-03-03,26.4,23.3,30.5,24,2.2253480431257215,A607,2025,mar,62,mar,0,3,10,seg
2025-03-04,25.879166666666663,22.3,30.9,24,2.915025418140603,A607,2025,mar,63,mar,0,3,10,ter
2025-03-05,26.5,22.7,31.6,24,3.174490715744468,A607,2025,mar,64,mar,1,3,10,qua
2025-03-06,26.65416666666667,22.8,31.7,24,3.1788676089705774,A607,2025,mar,65,mar,12,3,10,qui
2025-03-07,26.620833333333337,24.4,29.8,24,1.7776337879490172,A607,2025,mar,66,mar,31,3,10,sex
2025-03-08,27.05,23.2,32.9,24,3.162690104270758,A607,2025,mar,67,mar,0,3,10,sáb
2025-03-09,27.28333333333333,23.7,32.8,24,3.2934277989150855,A607,2025,mar,68,mar,1,3,11,dom
2025-03-10,27.783333333333335,23.3,35.1,24,3.7790804801382993,A607,2025,mar,69,mar,17,3,11,seg
2025-03-11,27.829166666666666,24.2,34.1,24,3.222405146398608,A607,2025,mar,70,mar,12,3,11,ter
2025-03-12,27.945833333333333,24,33.5,24,3.1189434061897456,A607,2025,mar,71,mar,14,3,11,qua
2025-03-13,28.1,23.5,35.3,24,3.589477375062692,A607,2025,mar,72,mar,18,3,11,qui
2025-03-14,27.991666666666667,24.2,34.1,24,3.294912635467339,A607,2025,mar,73,mar,16,3,11,sex
2025-03-15,27.354166666666668,25.3,31,24,1.8756979377349616,A607,2025,mar,74,mar,0,3,11,sáb
2025-03-16,25.625,24.1,30.7,24,1.7637041061110683,A607,2025,mar,75,mar,0,3,12,dom
2025-03-17,24.954166666666666,22.6,29.9,24,2.1388699101987534,A607,2025,mar,76,mar,7,3,12,seg
2025-03-18,25.9,21.7,32.4,24,3.693707928473713,A607,2025,mar,77,mar,10,3,12,ter
2025-03-19,25.275,23.5,28.1,24,1.299247273716928,A607,2025,mar,78,mar,10,3,12,qua
2025-03-20,25.333333333333332,22.5,29,24,2.4316154348885854,A607,2025,mar,79,mar,10,3,12,qui
2025-03-21,25.34166666666667,22.1,29.5,24,2.389636440724944,A607,2025,mar,80,mar,8,3,12,sex
2025-03-22,25.983333333333334,22.6,30,24,2.5873717849631097,A607,2025,mar,81,mar,1,3,12,sáb
2025-03-23,26.145833333333332,23.1,30.4,24,2.2378132118240996,A607,2025,mar,82,mar,1,3,13,dom
2025-03-24,26.783333333333335,22.5,33.1,24,3.1325315039418844,A607,2025,mar,83,mar,10,3,13,seg
2025-03-25,26,22.6,33.5,24,3.819628937133986,A607,2025,mar,84,mar,10,3,13,ter
2025-03-26,26.391666666666666,23.6,30.9,24,2.6133298210564977,A607,2025,mar,85,mar,6,3,13,qua
2025-03-27,26.179166666666667,23.5,31.5,24,2.537540604372781,A607,2025,mar,86,mar,10,3,13,qui
2025-03-28,26.170833333333334,21.4,32.3,24,3.3383775240007862,A607,2025,mar,87,mar,0,3,13,sex
2025-03-29,26.383333333333333,22.3,31.9,24,3.383806278074475,A607,2025,mar,88,mar,1,3,13,sáb
2025-03-30,26.9875,23.6,32.5,24,2.9459349294741135,A607,2025,mar,89,mar,0,3,14,dom
2025-03-31,27.316666666666663,24.5,31.3,24,2.3254109812856862,A607,2025,mar,90,mar,18,3,14,seg
2025-04-01,27.1875,24.4,32.2,24,2.690128896216847,A607,2025,abr,91,abr,14,4,14,ter
2025-04-02,27.104166666666668,24.2,31,24,2.3621064966358474,A607,2025,abr,92,abr,8,4,14,qua
2025-04-03,27.216666666666665,22.7,33.9,24,3.60828354552792,A607,2025,abr,93,abr,5,4,14,qui
2025-04-04,26.258333333333333,24.1,32.4,24,2.3132729808775205,A607,2025,abr,94,abr,9,4,14,sex
2025-04-05,24.241666666666667,21.9,27.8,24,1.7064880454533993,A607,2025,abr,95,abr,0,4,14,sáb
2025-04-06,21.879166666666663,20.8,24,24,0.7956289099315337,A607,2025,abr,96,abr,0,4,15,dom
2025-04-07,22.95,19.6,26.9,24,2.4314962292883524,A607,2025,abr,97,abr,19,4,15,seg
2025-04-08,23.220833333333335,18.4,28.1,24,3.2742711325232925,A607,2025,abr,98,abr,11,4,15,ter
2025-04-09,25.020833333333332,20.8,31.6,24,3.630903488792774,A607,2025,abr,99,abr,8,4,15,qua
2025-04-10,25.045833333333334,21.5,30.9,24,2.866292737661493,A607,2025,abr,100,abr,6,4,15,qui
2025-04-11,23.366666666666667,19.1,27.8,24,3.017725412735007,A607,2025,abr,101,abr,9,4,15,sex
2025-04-12,23.979166666666668,20.6,28.3,24,2.487880041611588,A607,2025,abr,102,abr,0,4,15,sáb
2025-04-13,24.366666666666667,21,29.7,24,2.8819779842062077,A607,2025,abr,103,abr,0,4,16,dom
2025-04-14,24.895833333333332,22.3,31.5,24,3.0061500970172967,A607,2025,abr,104,abr,11,4,16,seg
2025-04-15,24.608333333333334,20.6,29.2,24,2.725231010019337,A607,2025,abr,105,abr,11,4,16,ter
2025-04-16,23.1125,21.4,25.3,24,1.2871648994052278,A607,2025,abr,106,abr,11,4,16,qua
2025-04-17,24.53333333333333,22.2,29.1,24,2.3698590430778728,A607,2025,abr,107,abr,11,4,16,qui
2025-04-18,24.683333333333337,21.2,28.7,24,2.536801592328533,A607,2025,abr,108,abr,0,4,16,sex
2025-04-19,25.683333333333337,23.5,29.7,24,2.055462852068089,A607,2025,abr,109,abr,0,4,16,sáb
2025-04-20,24.6875,20.7,30.4,24,2.929358514137153,A607,2025,abr,110,abr,0,4,17,dom
2025-04-21,22.341666666666665,20.7,24.3,24,1.0025691634676543,A607,2025,abr,111,abr,0,4,17,seg
2025-04-22,23.1875,20.8,26.9,24,2.3279609476778265,A607,2025,abr,112,abr,5,4,17,ter
2025-04-23,23.166666666666668,19.4,28.3,24,2.7815645685972066,A607,2025,abr,113,abr,0,4,17,qua
2025-04-24,24.041666666666668,21.8,28,24,2.070059160395237,A607,2025,abr,114,abr,15,4,17,qui
2025-04-25,24.229166666666668,22.3,28,24,1.8005987329500843,A607,2025,abr,115,abr,6,4,17,sex
2025-04-26,23.0875,20.9,26.2,24,1.8288301083527116,A607,2025,abr,116,abr,0,4,17,sáb
2025-04-27,24.391666666666666,21.2,29.2,24,2.7036073593669605,A607,2025,abr,117,abr,0,4,18,dom
2025-04-28,26.333333333333332,21.9,32.8,24,4.040734615374295,A607,2025,abr,118,abr,13,4,18,seg
2025-04-29,23.291666666666668,21.4,25.6,24,1.2710545661555712,A607,2025,abr,119,abr,7,4,18,ter
2025-04-30,23.095833333333335,20.8,26.8,24,1.9411962171875328,A607,2025,abr,120,abr,8,4,18,qua
2025-05-01,23.216666666666665,19.9,27.3,24,2.283335977994871,A607,2025,mai,121,mai,0,5,18,qui
2025-05-02,22.241666666666667,17.6,27.9,24,3.4333298156728844,A607,2025,mai,122,mai,2,5,18,sex
2025-05-03,21.354166666666668,16.2,28.4,24,4.23925538648995,A607,2025,mai,123,mai,0,5,18,sáb
2025-05-04,22.108333333333334,18.7,26.4,24,2.6792141395933813,A607,2025,mai,124,mai,1,5,19,dom
2025-05-05,22.55,18,27.8,24,3.2212608927453292,A607,2025,mai,125,mai,23,5,19,seg
2025-05-06,23.3,18.5,28.3,24,3.1426933892969,A607,2025,mai,126,mai,21,5,19,ter
2025-05-07,23.520833333333332,21,27.8,24,2.4530334666297966,A607,2025,mai,127,mai,7,5,19,qua
2025-05-08,23.2625,21,26.7,24,1.961989340927479,A607,2025,mai,128,mai,11,5,19,qui
2025-05-09,25.745833333333337,21.9,31.7,24,3.0931873481919085,A607,2025,mai,129,mai,7,5,19,sex
2025-05-10,26.59583333333333,22,33.6,24,4.096390687747771,A607,2025,mai,130,mai,0,5,19,sáb
2025-05-11,23.920833333333334,19.7,27.5,24,2.087015586422635,A607,2025,mai,131,mai,0,5,20,dom
2025-05-12,21.7625,19.8,24.9,24,1.4475804400567114,A607,2025,mai,132,mai,14,5,20,seg
2025-05-13,21.233333333333334,19.1,25.6,24,1.724167515988051,A607,2025,mai,133,mai,17,5,20,ter
2025-05-14,20.195833333333333,17.9,23.7,24,1.5083763705926712,A607,2025,mai,134,mai,2,5,20,qua
2025-05-15,20.90833333333333,17.4,25.3,24,2.681971479060274,A607,2025,mai,135,mai,8,5,20,qui
2025-05-16,22.079166666666666,18,27.3,24,3.15111838899291,A607,2025,mai,136,mai,8,5,20,sex
2025-05-17,22.179166666666667,19,27,24,2.7596438281001068,A607,2025,mai,137,mai,2,5,20,sáb
2025-05-18,22.645833333333332,19.5,27.2,24,3.010269259467125,A607,2025,mai,138,mai,0,5,21,dom
2025-05-19,22.758333333333333,18.5,29.1,24,3.492341517572747,A607,2025,mai,139,mai,10,5,21,seg
2025-05-20,23.104166666666668,18.3,30.1,24,4.113126301369129,A607,2025,mai,140,mai,5,5,21,ter
2025-05-21,23.445833333333333,17.6,30.9,24,4.774750543601539,A607,2025,mai,141,mai,6,5,21,qua
2025-05-22,22.5,17.2,30.2,24,4.296813784148922,A607,2025,mai,142,mai,6,5,21,qui
2025-05-23,23.095833333333335,20.4,28.2,24,2.5211245190548817,A607,2025,mai,143,mai,5,5,21,sex
2025-05-24,21.383333333333333,20,23.8,24,0.886451973571764,A607,2025,mai,144,mai,0,5,21,sáb
2025-05-25,22.008333333333333,18.9,26.4,24,2.736058203466005,A607,2025,mai,145,mai,0,5,22,dom
2025-05-26,21.020833333333332,18.4,23.8,24,1.926469888652314,A607,2025,mai,146,mai,0,5,22,seg
2025-05-27,23.083333333333332,20.7,28.4,24,2.5829990433546457,A607,2025,mai,147,mai,1,5,22,ter
2025-05-28,24.079166666666666,21,29.7,24,2.9272303524375873,A607,2025,mai,148,mai,0,5,22,qua
2025-05-29,25.041666666666668,22.9,29.5,24,1.9600170067289384,A607,2025,mai,149,mai,4,5,22,qui
2025-05-30,20.941666666666663,19.9,22.6,24,0.7563738819362832,A607,2025,mai,150,mai,0,5,22,sex
2025-05-31,21.941666666666663,19.4,26.9,24,2.4547941854162896,A607,2025,mai,151,mai,0,5,22,sáb
2025-06-01,23.683333333333337,20.4,29.7,24,3.2771496982786026,A607,2025,jun,152,jun,0,6,23,dom
2025-06-02,22.020833333333332,19.6,25.2,24,1.6199783054550227,A607,2025,jun,153,jun,3,6,23,seg
2025-06-03,21.841666666666665,20,24.5,24,1.5219885923890226,A607,2025,jun,154,jun,1,6,23,ter
2025-06-04,23.495833333333337,18.9,30.4,24,4.224512234943628,A607,2025,jun,155,jun,22,6,23,qua
2025-06-05,24.3,19.3,32.2,24,4.807421798409839,A607,2025,jun,156,jun,1,6,23,qui
2025-06-06,23.641666666666666,19.4,29,24,2.8880438191705604,A607,2025,jun,157,jun,5,6,23,sex
2025-06-07,22.941666666666663,21.3,26,24,1.5466419913074134,A607,2025,jun,158,jun,0,6,23,sáb
2025-06-08,23.395833333333332,20.4,27.6,24,2.4760556232191884,A607,2025,jun,159,jun,0,6,24,dom
2025-06-09,21.429166666666667,20.2,23.6,24,0.9134165041999888,A607,2025,jun,160,jun,2,6,24,seg
2025-06-10,20.425,19,23.1,24,1.268429360854699,A607,2025,jun,161,jun,0,6,24,ter
2025-06-11,20,17.2,24.3,24,2.300661530573515,A607,2025,jun,162,jun,3,6,24,qua
2025-06-12,18.395833333333332,15.3,22.3,24,2.2330480566231454,A607,2025,jun,163,jun,2,6,24,qui
2025-06-13,17.925,14.1,23.8,24,3.321504373675854,A607,2025,jun,164,jun,2,6,24,sex
2025-06-14,17.766666666666666,11.8,24,24,4.267232752301992,A607,2025,jun,165,jun,0,6,24,sáb
2025-06-15,19.395833333333332,15.5,25.4,24,3.3754199953379924,A607,2025,jun,166,jun,0,6,25,dom
2025-06-16,20.420833333333334,15.5,27.8,24,4.183090096283272,A607,2025,jun,167,jun,1,6,25,seg
2025-06-17,20.279166666666665,16.2,26.9,24,3.7198619851287225,A607,2025,jun,168,jun,2,6,25,ter
2025-06-18,20.8875,16.6,27.3,24,3.7513258525718496,A607,2025,jun,169,jun,0,6,25,qua
2025-06-19,21.483333333333334,16.2,29.3,24,4.374000921121418,A607,2025,jun,170,jun,1,6,25,qui
2025-06-20,21.566666666666663,16.1,28.9,24,4.242811482420862,A607,2025,jun,171,jun,2,6,25,sex
2025-06-21,22.925,17.2,30.3,24,4.637957758961701,A607,2025,jun,172,jun,0,6,25,sáb
2025-06-22,22.47083333333333,17.7,30.7,24,4.023569599104827,A607,2025,jun,173,jun,0,6,26,dom
2025-06-23,23.179166666666667,18.6,30.4,24,4.0020624212008995,A607,2025,jun,174,jun,1,6,26,seg
2025-06-24,22.716666666666665,19.3,29,24,2.9570353347592064,A607,2025,jun,175,jun,1,6,26,ter
2025-06-25,19.308333333333337,16.5,22.6,24,1.7898060780714344,A607,2025,jun,176,jun,1,6,26,qua
2025-06-26,19.283333333333335,13.7,28.1,24,5.243519119219762,A607,2025,jun,177,jun,1,6,26,qui
2025-06-27,22.741666666666667,17.7,31.7,24,4.9593930788096365,A607,2025,jun,178,jun,2,6,26,sex
2025-06-28,23.066666666666663,19.9,27.6,24,2.46923094287986,A607,2025,jun,179,jun,0,6,26,sáb
2025-06-29,22.879166666666663,18.6,30.1,24,4.022218635731179,A607,2025,jun,180,jun,1,6,27,dom
2025-06-30,22.591666666666665,17.4,31.3,24,4.626099555937947,A607,2025,jun,181,jun,0,6,27,seg
2025-07-01,23.5,20.7,28.4,24,2.543021140639442,A607,2025,jul,182,jul,1,7,27,ter
2025-07-02,20.2,18.2,22.7,24,1.322711312944478,A607,2025,jul,183,jul,2,7,27,qua
2025-07-03,19.270833333333332,17.2,22,24,1.4522783200339318,A607,2025,jul,184,jul,0,7,27,qui
2025-07-04,17.695833333333333,16,19.4,24,0.8569303998254044,A607,2025,jul,185,jul,0,7,27,sex
2025-07-05,17.4125,12.5,23.5,24,3.8872492230032183,A607,2025,jul,186,jul,2,7,27,sáb
2025-07-06,17.7,12.9,23.4,24,3.6324623341055657,A607,2025,jul,187,jul,1,7,28,dom
2025-07-07,18.529166666666665,12.9,25,24,4.151843924211807,A607,2025,jul,188,jul,2,7,28,seg
2025-07-08,18.4375,13.6,24.4,24,3.825408474921338,A607,2025,jul,189,jul,2,7,28,ter
2025-07-09,19.170833333333334,15,24.4,24,3.135418863449565,A607,2025,jul,190,jul,0,7,28,qua
2025-07-10,20.079166666666666,15.2,24.7,24,2.8966215953532255,A607,2025,jul,191,jul,3,7,28,qui
2025-07-11,21.275,19,24.3,24,1.9825872424468596,A607,2025,jul,192,jul,1,7,28,sex
2025-07-12,20.15833333333333,17.8,23.8,24,1.9633415762234383,A607,2025,jul,193,jul,0,7,28,sáb
2025-07-13,18.3375,13.4,24.1,24,3.6821322390819913,A607,2025,jul,194,jul,1,7,29,dom
2025-07-14,18.575,13.6,26,24,4.144168244024681,A607,2025,jul,195,jul,4,7,29,seg
2025-07-15,19.4875,13.7,27.2,24,4.256893386537631,A607,2025,jul,196,jul,2,7,29,ter
2025-07-16,19.795833333333334,15,26.1,24,3.756325582808014,A607,2025,jul,197,jul,0,7,29,qua
2025-07-17,19.791666666666668,14.5,27.7,24,4.350004164582381,A607,2025,jul,198,jul,2,7,29,qui
2025-07-18,21.520833333333332,16.1,29.4,24,5.042944202733564,A607,2025,jul,199,jul,1,7,29,sex
2025-07-19,20.7,18.2,24.5,24,2.0872282431805185,A607,2025,jul,200,jul,0,7,29,sáb
2025-07-20,19.604166666666668,14.4,26.6,24,4.121574115360028,A607,2025,jul,201,jul,0,7,30,dom
2025-07-21,20.420833333333334,16.9,26.2,24,3.1901995530696503,A607,2025,jul,202,jul,2,7,30,seg
2025-07-22,21.554166666666667,16.3,29.9,24,4.369556655121757,A607,2025,jul,203,jul,1,7,30,ter
2025-07-23,21.258333333333333,16.9,27.6,24,3.207181705602853,A607,2025,jul,204,jul,0,7,30,qua
2025-07-24,20.304166666666667,16.8,24.9,24,2.511794641056585,A607,2025,jul,205,jul,1,7,30,qui
2025-07-25,22.3,18.8,28.3,24,3.1139238492825148,A607,2025,jul,206,jul,0,7,30,sex
2025-07-26,20.958333333333332,17.3,27.3,24,3.401012210794165,A607,2025,jul,207,jul,0,7,30,sáb
2025-07-27,22.683333333333337,19.6,28.7,24,3.2162179607443417,A607,2025,jul,208,jul,0,7,31,dom
2025-07-28,22.841666666666665,18.4,30.2,24,3.9117344831502385,A607,2025,jul,209,jul,1,7,31,seg
2025-07-29,22.7,18.1,26.6,24,2.257932875345327,A607,2025,jul,210,jul,1,7,31,ter
2025-07-30,19.225,16.1,24.4,24,2.6215246144844464,A607,2025,jul,211,jul,1,7,31,qua
2025-07-31,17.520833333333332,12,23.7,24,4.1858954853761885,A607,2025,jul,212,jul,0,7,31,qui
2025-08-01,17.704166666666666,12.9,23.4,24,3.8471309656244697,A607,2025,ago,213,ago,16,8,31,sex
2025-08-02,18.079166666666666,13.1,24.6,24,3.835416100850945,A607,2025,ago,214,ago,0,8,31,sáb
2025-08-03,20.02916666666667,14.7,26.4,24,4.0990432782664605,A607,2025,ago,215,ago,0,8,32,dom
2025-08-04,21.391666666666666,15.6,29.1,24,4.330871653069659,A607,2025,ago,216,ago,4,8,32,seg
2025-08-05,20.3625,16.8,24.1,24,2.058030400755728,A607,2025,ago,217,ago,2,8,32,ter
2025-08-06,21.125,17.7,26,24,2.9942335885178855,A607,2025,ago,218,ago,0,8,32,qua
2025-08-07,20.545833333333334,15.4,27.5,24,4.04055303647653,A607,2025,ago,219,ago,0,8,32,qui
2025-08-08,22.795833333333334,19.2,30.2,24,3.719686658924339,A607,2025,ago,220,ago,0,8,32,sex
2025-08-09,21.916666666666668,18.8,25.8,24,2.0896570691543306,A607,2025,ago,221,ago,0,8,32,sáb
2025-08-10,19.508333333333333,17.1,23.8,24,2.11411748813144,A607,2025,ago,222,ago,0,8,33,dom
2025-08-11,18.616666666666667,14.4,23.6,24,3.0162843059785915,A607,2025,ago,223,ago,2,8,33,seg
2025-08-12,19.05,15.8,22.7,24,2.48491098607086,A607,2025,ago,224,ago,0,8,33,ter
2025-08-13,19.3625,14.4,26,24,4.0488122251819245,A607,2025,ago,225,ago,0,8,33,qua
2025-08-14,20.558333333333337,15.5,27.1,24,3.986707987765111,A607,2025,ago,226,ago,0,8,33,qui
2025-08-15,20.920833333333334,19,24.5,24,1.9065058333909244,A607,2025,ago,227,ago,0,8,33,sex
2025-08-16,19.829166666666666,16.7,24.2,24,2.3047171224453455,A607,2025,ago,228,ago,0,8,33,sáb
2025-08-17,20.316666666666663,17.6,24.2,24,2.196373823149077,A607,2025,ago,229,ago,0,8,34,dom
2025-08-18,20.7125,18,24.2,24,1.8783231420836397,A607,2025,ago,230,ago,1,8,34,seg
2025-08-19,20.629166666666663,16.9,24.7,24,2.589355999617206,A607,2025,ago,231,ago,0,8,34,ter
2025-08-20,20.6375,15.5,28.3,24,4.4231419582247975,A607,2025,ago,232,ago,5,8,34,qua
2025-08-21,22.275,17.3,30.8,24,4.331306660963219,A607,2025,ago,233,ago,0,8,34,qui
2025-08-22,22.5375,18.2,27.1,24,2.9594083574402092,A607,2025,ago,234,ago,0,8,34,sex
2025-08-23,23.1375,17.9,31,24,3.825294816714472,A607,2025,ago,235,ago,0,8,34,sáb
2025-08-24,23.783333333333335,18.8,33.1,24,4.397594863071193,A607,2025,ago,236,ago,0,8,35,dom
2025-08-25,23.479166666666668,20,29.9,24,3.122147973913871,A607,2025,ago,237,ago,0,8,35,seg
2025-08-26,22.7375,18.3,28.1,24,3.174054121343458,A607,2025,ago,238,ago,0,8,35,ter
2025-08-27,21.65,17.4,28.2,24,3.538606947717531,A607,2025,ago,239,ago,0,8,35,qua
2025-08-28,22.379166666666663,18.5,27.8,24,3.3798609653249847,A607,2025,ago,240,ago,0,8,35,qui
2025-08-29,22.633333333333333,18.4,27.2,24,2.6718608833002784,A607,2025,ago,241,ago,2,8,35,sex
2025-08-30,20.883333333333333,19.4,21.9,24,0.6812180054978678,A607,2025,ago,242,ago,0,8,35,sáb
2025-08-31,21.695833333333333,18.7,26.6,24,2.466026405350125,A607,2025,ago,243,ago,0,8,36,dom
2025-09-01,21.625,19.7,24.9,24,1.5537472235800165,A607,2025,set,244,set,10,9,36,seg
2025-09-02,21.566666666666663,19.5,24.1,24,1.6724537211161816,A607,2025,set,245,set,0,9,36,ter
2025-09-03,20.191666666666663,15.4,25.1,24,3.290158799744509,A607,2025,set,246,set,1,9,36,qua
2025-09-04,21.133333333333333,16.7,26.5,24,3.2233747730501694,A607,2025,set,247,set,0,9,36,qui
2025-09-05,22.433333333333337,17,29,24,3.976197294845445,A607,2025,set,248,set,1,9,36,sex
2025-09-06,21.895833333333332,18.1,26.6,24,3.0094747724141335,A607,2025,set,249,set,0,9,36,sáb
2025-09-07,21.554166666666667,20.1,23.6,24,1.0878695440757298,A607,2025,set,250,set,0,9,37,dom
2025-09-08,21.9,20.5,24.1,24,1.1135528725660049,A607,2025,set,251,set,0,9,37,seg
2025-09-09,24.116666666666667,19.8,32.2,24,4.208445614802884,A607,2025,set,252,set,5,9,37,ter
2025-09-10,23.1375,20.1,27.6,24,1.9870914947972709,A607,2025,set,253,set,1,9,37,qua
2025-09-11,22.725,19.9,27.3,24,2.5023901617731656,A607,2025,set,254,set,1,9,37,qui
2025-09-12,22.4375,20.4,24.9,24,1.2907067494374846,A607,2025,set,255,set,0,9,37,sex
2025-09-13,19.7875,18.1,21.9,24,1.1276418256505574,A607,2025,set,256,set,0,9,37,sáb
2025-09-14,20.383333333333333,17.9,23.8,24,2.3872244510540153,A607,2025,set,257,set,0,9,38,dom
2025-09-15,21.629166666666663,17.4,27.5,24,3.311308577096617,A607,2025,set,258,set,0,9,38,seg
2025-09-16,23.15,18.5,30.1,24,3.5057716386850837,A607,2025,set,259,set,7,9,38,ter
2025-09-17,23.320833333333333,20.7,27,24,1.991717451296017,A607,2025,set,260,set,2,9,38,qua
2025-09-18,22.15714285714286,19,27.8,21,2.7882918478113856,A607,2025,set,261,set,1,9,38,qui
2025-09-19,23.5375,19.3,28.2,24,2.898097201838535,A607,2025,set,262,set,0,9,38,sex
2025-09-20,24.495833333333337,21,30.5,24,3.0316417085921223,A607,2025,set,263,set,0,9,38,sáb
2025-09-21,25.570833333333333,20.5,33.5,24,4.4968084495433045,A607,2025,set,264,set,0,9,39,dom
2025-09-22,26.420833333333334,22.6,33.1,24,3.56845834045127,A607,2025,set,265,set,0,9,39,seg
2025-09-23,22.21666666666667,21,23.4,24,0.5723078121815721,A607,2025,set,266,set,0,9,39,ter
2025-09-24,21.095833333333335,19.5,23.7,24,1.3591810727073113,A607,2025,set,267,set,2,9,39,qua
2025-09-25,18.716666666666665,17.5,20.7,24,0.9356079942158358,A607,2025,set,268,set,1,9,39,qui
2025-09-26,19.079166666666666,15.6,23.7,24,2.699755088194461,A607,2025,set,269,set,1,9,39,sex
2025-09-27,19.625,16.4,24.5,24,2.738176162275206,A607,2025,set,270,set,0,9,39,sáb
2025-09-28,18.5625,12.6,24.5,24,4.229689319457214,A607,2025,set,271,set,0,9,40,dom
2025-09-29,20.691666666666663,15.6,28.7,24,4.53353846509465,A607,2025,set,272,set,0,9,40,seg
2025-09-30,22.133333333333333,17.5,26.5,24,2.901373987353708,A607,2025,set,273,set,3,9,40,ter
2025-10-01,22.908333333333335,18.6,27.9,24,2.8294901471384595,A607,2025,out,274,out,0,10,40,qua
2025-10-02,22.916666666666668,20.1,27.3,24,2.454395642722357,A607,2025,out,275,out,9,10,40,qui
2025-10-03,22.34583333333333,18.8,26.2,24,2.463292100221671,A607,2025,out,276,out,3,10,40,sex
2025-10-04,23.170833333333334,20.7,27.8,24,2.222900409798887,A607,2025,out,277,out,0,10,40,sáb
2025-10-05,23.229166666666668,19.3,28.4,24,2.861510571992211,A607,2025,out,278,out,0,10,41,dom
2025-10-06,24.2625,19.3,30.3,24,3.4882177459955477,A607,2025,out,279,out,2,10,41,seg
2025-10-07,25.208333333333332,20.4,33.6,24,4.307315987304943,A607,2025,out,280,out,2,10,41,ter
2025-10-08,23.329166666666666,19.7,26.4,24,1.9073038486341112,A607,2025,out,281,out,1,10,41,qua
2025-10-09,20.133333333333333,18.7,22.3,24,1.1969768682762445,A607,2025,out,282,out,0,10,41,qui
2025-10-10,21.458333333333332,19.3,25.2,24,1.939277468917039,A607,2025,out,283,out,5,10,41,sex
2025-10-11,23.525,21,29.2,24,2.7190551427959706,A607,2025,out,284,out,0,10,41,sáb
2025-10-12,24.8125,22.5,29,24,2.1879735512271545,A607,2025,out,285,out,0,10,42,dom
2025-10-13,24.304166666666667,21.6,27.9,24,2.0720666362179414,A607,2025,out,286,out,3,10,42,seg
2025-10-14,24.5625,22.8,28.8,24,1.8513948912855571,A607,2025,out,287,out,1,10,42,ter
2025-10-15,23.304166666666667,21,26.9,24,1.838590945987352,A607,2025,out,288,out,0,10,42,qua
2025-10-16,22.708333333333332,17,29.6,24,4.0752611723898635,A607,2025,out,289,out,0,10,42,qui
2025-10-17,25.191666666666663,21.9,30.9,24,2.9886621504069946,A607,2025,out,290,out,1,10,42,sex
2025-10-18,25.0875,21,32.3,24,3.4267886475215548,A607,2025,out,291,out,0,10,42,sáb
2025-10-19,20.983333333333334,17.8,23.7,24,1.4278797497374016,A607,2025,out,292,out,0,10,43,dom
2025-10-20,19.108333333333334,16.5,23.4,24,2.1817258160071087,A607,2025,out,293,out,4,10,43,seg
2025-10-21,18.570833333333333,15.4,22.4,24,2.26648150351974,A607,2025,out,294,out,0,10,43,ter
2025-10-22,18.970833333333335,15.3,23.2,24,2.593885647753807,A607,2025,out,295,out,2,10,43,qua
2025-10-23,20.220833333333335,15.9,25.8,24,3.1147585804509395,A607,2025,out,296,out,1,10,43,qui
2025-10-24,20.325,15,24.9,24,3.4294441177137935,A607,2025,out,297,out,0,10,43,sex
2025-10-25,21.616666666666667,18.2,24.9,24,1.8867194134071803,A607,2025,out,298,out,0,10,43,sáb
2025-10-26,23.066666666666663,18.2,28.6,24,4.053196984739509,A607,2025,out,299,out,0,10,44,dom
2025-10-27,24.995833333333337,20.4,31.7,24,3.794444356030866,A607,2025,out,300,out,0,10,44,seg
2025-10-28,24.616666666666667,20.7,30.3,24,3.1250275361105664,A607,2025,out,301,out,2,10,44,ter
2025-10-29,25.604166666666668,21.1,32.9,24,3.4403588243931345,A607,2025,out,302,out,4,10,44,qua
2025-10-30,23.604166666666668,19.7,28,24,2.400449082380513,A607,2025,out,303,out,1,10,44,qui
2025-10-31,21.095833333333335,19.4,24.1,24,1.5875820188786047,A607,2025,out,304,out,1,10,44,sex
2025-11-01,22.641666666666666,19.2,28.1,24,2.9344900551983426,A607,2025,nov,305,nov,0,11,44,sáb
2025-11-02,25.258333333333333,22,30.4,24,2.887441573535248,A607,2025,nov,306,nov,0,11,45,dom
2025-11-03,25.6625,22.7,31.7,24,3.0322631094971606,A607,2025,nov,307,nov,14,11,45,seg
2025-11-04,24.729166666666668,22.5,29.9,24,2.560821737453525,A607,2025,nov,308,nov,2,11,45,ter
2025-11-05,26.004166666666663,21.2,33.9,24,4.458258498626981,A607,2025,nov,309,nov,0,11,45,qua
2025-11-06,24.554166666666667,22.1,27.1,24,1.135582274187685,A607,2025,nov,310,nov,0,11,45,qui
2025-11-07,21.070833333333333,18.9,22.5,24,1.1929062671974024,A607,2025,nov,311,nov,1,11,45,sex
2025-11-08,22.204166666666666,19.4,26.4,24,2.2414046773254115,A607,2025,nov,312,nov,0,11,45,sáb
2025-11-09,22.825,19.5,25.9,24,1.396968768129923,A607,2025,nov,313,nov,0,11,46,dom
2025-11-10,20.84166666666667,16.8,26.2,24,2.8012290263330866,A607,2025,nov,314,nov,0,11,46,seg
2025-11-11,21.379166666666663,16.8,25.9,24,3.009258057723035,A607,2025,nov,315,nov,1,11,46,ter
2025-11-12,21.4875,15.3,27.1,24,4.150150599677077,A607,2025,nov,316,nov,2,11,46,qua
2025-11-13,23.129166666666663,16.8,29.8,24,4.163451658197189,A607,2025,nov,317,nov,1,11,46,qui
2025-11-14,24.695833333333333,18.8,31.7,24,4.148596322766938,A607,2025,nov,318,nov,2,11,46,sex
2025-11-15,24.520833333333332,22.3,29.3,24,1.8916243690604089,A607,2025,nov,319,nov,0,11,46,sáb
2025-11-16,24.120833333333337,21.2,29.6,24,2.4455779376816764,A607,2025,nov,320,nov,0,11,47,dom
2025-11-17,27.058333333333337,22.9,33.3,24,3.954624883729744,A607,2025,nov,321,nov,0,11,47,seg
2025-11-18,27.829166666666666,23.4,34.9,24,3.9416923276426714,A607,2025,nov,322,nov,3,11,47,ter
2025-11-19,25.575,22.3,30,24,2.3594859425399166,A607,2025,nov,323,nov,1,11,47,qua
2025-11-20,22.2875,17.1,26.5,24,2.9491800629121068,A607,2025,nov,324,nov,0,11,47,qui
2025-11-21,22.175,16.7,27.8,24,3.8124795081416503,A607,2025,nov,325,nov,6,11,47,sex
2025-11-22,25.116666666666667,19.3,34.2,24,5.292050368377958,A607,2025,nov,326,nov,1,11,47,sáb
2025-11-23,24.941666666666663,22,30.3,24,2.8729498045928588,A607,2025,nov,327,nov,1,11,48,dom
2025-11-24,22.354166666666668,21,25.3,24,1.3928323244590397,A607,2025,nov,328,nov,3,11,48,seg
2025-11-25,24.0875,20,31.3,24,3.776622887552133,A607,2025,nov,329,nov,4,11,48,ter
2025-11-26,23.154166666666665,19.5,27.2,24,2.418583697424854,A607,2025,nov,330,nov,1,11,48,qua
2025-11-27,22.9,19.5,27.5,24,2.554790895893269,A607,2025,nov,331,nov,0,11,48,qui
2025-11-28,24.0125,20.5,28.4,24,2.522819764711184,A607,2025,nov,332,nov,1,11,48,sex
2025-11-29,26.516666666666666,21.2,34.6,24,4.014719294607377,A607,2025,nov,333,nov,0,11,48,sáb
2025-11-30,25.975,19.8,35,24,4.794675488860353,A607,2025,nov,334,nov,0,11,49,dom
2025-12-01,24.991666666666667,19.8,30.7,24,3.7287271014518417,A607,2025,dez,335,dez,10,12,49,seg
2025-12-02,27.5625,23.1,33.7,24,3.3863938110441705,A607,2025,dez,336,dez,0,12,49,ter
2025-12-03,24.958333333333332,22.3,31.4,24,2.810062147953728,A607,2025,dez,337,dez,2,12,49,qua
2025-12-04,24.170833333333334,22.3,27.9,24,1.5900448904427789,A607,2025,dez,338,dez,0,12,49,qui
2025-12-05,22.858333333333334,20.8,26.2,24,1.648692938602304,A607,2025,dez,339,dez,0,12,49,sex
2025-12-06,23.770833333333332,19.9,28,24,2.744239685099566,A607,2025,dez,340,dez,1,12,49,sáb
2025-12-07,25.541666666666668,21.5,31.6,24,3.3321773357823337,A607,2025,dez,341,dez,0,12,50,dom
2025-12-08,27.3375,23.5,34.2,24,3.503887592499161,A607,2025,dez,342,dez,2,12,50,seg
2025-12-09,26.575,22.9,31.9,24,3.144664217921885,A607,2025,dez,343,dez,1,12,50,ter
2025-12-10,25.879166666666663,23.1,29.9,24,2.345389402482104,A607,2025,dez,344,dez,0,12,50,qua
2025-12-11,28.975,24,36,24,4.396663754929759,A607,2025,dez,345,dez,3,12,50,qui
2025-12-12,26.8375,21.1,34.5,24,4.2452851084672645,A607,2025,dez,346,dez,2,12,50,sex
2025-12-13,27.004166666666663,24.3,34.5,24,2.7118867436058105,A607,2025,dez,347,dez,0,12,50,sáb
2025-12-14,27.045833333333334,23.8,33,24,2.9867794443640063,A607,2025,dez,348,dez,0,12,51,dom
2025-12-15,27.270833333333332,24,33.5,24,3.061326675559594,A607,2025,dez,349,dez,1,12,51,seg
2025-12-16,27.5625,24.5,34.5,24,3.181169117875021,A607,2025,dez,350,dez,5,12,51,ter
2025-12-17,23.225,21.4,26.2,24,1.6030541502693072,A607,2025,dez,351,dez,1,12,51,qua
2025-12-18,22.025,19.9,25.2,24,1.743621917533829,A607,2025,dez,352,dez,2,12,51,qui
2025-12-19,21.704166666666666,20.4,24.4,24,1.304000255623697,A607,2025,dez,353,dez,0,12,51,sex
2025-12-20,24.016666666666666,21.3,29.2,24,2.4300056658847287,A607,2025,dez,354,dez,0,12,51,sáb
2025-12-21,25.258333333333333,22,29.6,24,2.6971670591432666,A607,2025,dez,355,dez,0,12,52,dom
2025-12-22,25.078260869565216,22.1,29.1,23,2.7162736041293996,A607,2025,dez,356,dez,2,12,52,seg
2025-12-23,26.5,23,30.9,23,2.7296353402806552,A607,2025,dez,357,dez,0,12,52,ter
2025-12-24,26.608333333333334,22.2,32.5,24,3.4624591244382654,A607,2025,dez,358,dez,0,12,52,qua
2025-12-25,26.7,21.7,33.1,24,4.111912704199413,A607,2025,dez,359,dez,0,12,52,qui
2025-12-26,26.90416666666667,21.4,33.6,24,4.323794545924023,A607,2025,dez,360,dez,2,12,52,sex
2025-12-27,26.579166666666666,21.7,33.4,24,3.830197993141695,A607,2025,dez,361,dez,0,12,52,sáb
2025-12-28,27,21.6,36.3,24,4.613590509711969,A607,2025,dez,362,dez,0,12,53,dom
2025-12-29,27.979166666666668,21.2,36.5,24,5.403620297433988,A607,2025,dez,363,dez,2,12,53,seg
2025-12-30,27.52916666666667,23.2,35.5,24,4.051782127138267,A607,2025,dez,364,dez,2,12,53,ter
