date,temp_media,temp_min,temp_max,temp_sd,n_obs,estacoes,ano,mes,dia_ano,mes_nome
2020-01-01,26.5375,21.9,31.8,3.1680212587121597,24,A607,2020,1,1,jan
2020-01-02,27.22083333333333,22.5,35.5,4.343608914922831,24,A607,2020,1,2,jan
2020-01-03,25.875,22.9,31.5,3.0075629307811163,24,A607,2020,1,3,jan
2020-01-04,25.6,22.4,29.5,2.3089617467221255,24,A607,2020,1,4,jan
2020-01-05,26.358333333333334,23.5,30.4,2.444855586855737,24,A607,2020,1,5,jan
2020-01-06,27.5125,23.9,33.5,3.35057587522685,24,A607,2020,1,6,jan
2020-01-07,28.358333333333334,24.3,34.7,3.8014775922077946,24,A607,2020,1,7,jan
2020-01-08,27.954166666666666,24,35.1,4.0545175198586305,24,A607,2020,1,8,jan
2020-01-09,27.483333333333334,23.6,33.9,3.568542104784976,24,A607,2020,1,9,jan
2020-01-10,27.879166666666666,23.4,34.5,3.9480296865394893,24,A607,2020,1,10,jan
2020-01-11,28.345833333333335,22.5,36.2,4.9145727548098055,24,A607,2020,1,11,jan
2020-01-12,28.4375,23.6,34.7,4.0550357849704985,24,A607,2020,1,12,jan
2020-01-13,27.166666666666668,25.1,30.5,1.7137973769601125,24,A607,2020,1,13,jan
2020-01-14,25.4125,23.4,28.1,1.6254263654700627,24,A607,2020,1,14,jan
2020-01-15,25.195833333333333,21,29.9,3.3084186642520037,24,A607,2020,1,15,jan
2020-01-16,27.641666666666666,22.2,35,4.650564871409537,24,A607,2020,1,16,jan
2020-01-17,26.5375,22.5,30.7,2.006687189937901,24,A607,2020,1,17,jan
2020-01-18,24.0625,21.7,27.5,1.989496877626843,24,A607,2020,1,18,jan
2020-01-19,24.7375,22.1,27.9,2.1997653036868154,24,A607,2020,1,19,jan
2020-01-20,22.675,21.1,26,1.4812597458861188,24,A607,2020,1,20,jan
2020-01-21,23.6,21.6,26.1,1.6550318531021113,24,A607,2020,1,21,jan
2020-01-22,24.833333333333332,20.1,30.2,3.541636402257733,24,A607,2020,1,22,jan
2020-01-23,24.479166666666668,21.2,29.6,2.5978216906154055,24,A607,2020,1,23,jan
2020-01-24,22.4,21,24.6,1.205783166028727,24,A607,2020,1,24,jan
2020-01-25,23.116666666666667,22.3,24.7,0.706286471419455,24,A607,2020,1,25,jan
2020-01-26,24.404166666666665,21.2,28.3,2.654852680210936,24,A607,2020,1,26,jan
2020-01-27,24.975,22.2,29.2,2.3073135140621686,24,A607,2020,1,27,jan
2020-01-28,27.645833333333332,23,34.6,4.280489525709664,24,A607,2020,1,28,jan
2020-01-29,28.583333333333332,24.3,34.6,3.6302672876401463,24,A607,2020,1,29,jan
2020-01-30,28.154166666666665,24.1,34.8,3.658578860071533,24,A607,2020,1,30,jan
2020-01-31,28.225,24.5,35.1,3.629977841590053,24,A607,2020,1,31,jan
2020-02-01,28.683333333333334,24.2,36.5,4.249057866589156,24,A607,2020,2,32,fev
2020-02-02,27.858333333333334,24.6,32.5,2.724273603488949,24,A607,2020,2,33,fev
2020-02-03,27.4625,24.5,31.7,2.7558337332316314,24,A607,2020,2,34,fev
2020-02-04,27.15833333333333,23.3,33.3,2.988080184400311,24,A607,2020,2,35,fev
2020-02-05,27.179166666666667,24.6,32.2,2.432386404991692,24,A607,2020,2,36,fev
2020-02-06,26.5,24.6,29.3,1.520583412063764,24,A607,2020,2,37,fev
2020-02-07,25.033333333333335,22.9,27.1,1.2260458416377025,24,A607,2020,2,38,fev
2020-02-08,25.920833333333334,23,30.4,2.572087490341457,24,A607,2020,2,39,fev
2020-02-09,27.795833333333334,22.9,35.1,4.591625568610625,24,A607,2020,2,40,fev
2020-02-10,28.295833333333334,24.8,34.9,3.39827055332903,24,A607,2020,2,41,fev
2020-02-11,23.8125,22.1,25.6,0.9340479924361024,24,A607,2020,2,42,fev
2020-02-12,23.375,22,25.7,1.3309852512820848,24,A607,2020,2,43,fev
2020-02-13,22.8125,21.4,25.7,1.2386221306793672,24,A607,2020,2,44,fev
2020-02-14,25.383333333333333,21.2,32.4,3.7685964019220353,24,A607,2020,2,45,fev
2020-02-15,26.679166666666667,22.3,32.4,3.2822287187700434,24,A607,2020,2,46,fev
2020-02-16,27.479166666666668,23.7,31.9,2.5629431394847377,24,A607,2020,2,47,fev
2020-02-17,27.15,24.2,31.4,2.3774301068682293,24,A607,2020,2,48,fev
2020-02-18,27.120833333333334,22.8,31.5,2.9771563857022247,24,A607,2020,2,49,fev
2020-02-19,27.233333333333334,22.4,33.1,3.2854973373331453,24,A607,2020,2,50,fev
2020-02-20,27.6375,22.9,34.1,3.6920375545689983,24,A607,2020,2,51,fev
2020-02-21,28.09166666666667,23.4,35.6,4.09781666857796,24,A607,2020,2,52,fev
2020-02-22,25.291666666666668,21.5,29.3,2.088876683076684,24,A607,2020,2,53,fev
2020-02-23,23.40416666666667,20.7,26.8,1.9665638022718201,24,A607,2020,2,54,fev
2020-02-24,23.475,21.1,26.4,1.700958808897269,24,A607,2020,2,55,fev
2020-02-25,25.079166666666666,22.2,28.9,2.442553753877222,24,A607,2020,2,56,fev
2020-02-26,27.0375,24,34,3.2083874454311156,24,A607,2020,2,57,fev
2020-02-27,25.85,23.2,29.1,1.5056415648284724,24,A607,2020,2,58,fev
2020-02-28,22.208333333333332,21,24.1,0.9645529113742698,24,A607,2020,2,59,fev
2020-02-29,23.4875,21.6,26,1.6679361107564092,24,A607,2020,2,60,fev
2020-03-01,24.041666666666668,20.7,30.3,2.422344654087937,24,A607,2020,3,61,mar
2020-03-02,21.666666666666668,20.6,23,0.7916228058025279,24,A607,2020,3,62,mar
2020-03-03,24.283333333333335,21.6,28.7,2.6285500494224645,24,A607,2020,3,63,mar
2020-03-04,23.320833333333333,22,25.6,1.1405487491884612,24,A607,2020,3,64,mar
2020-03-05,24.0125,21.2,27.5,2.2901134393774885,24,A607,2020,3,65,mar
2020-03-06,23.4625,20.1,27.8,2.2276547425877986,24,A607,2020,3,66,mar
2020-03-07,23.933333333333334,21.4,28.4,2.303620339089466,24,A607,2020,3,67,mar
2020-03-08,24.09583333333333,20,30.1,3.2746030846987915,24,A607,2020,3,68,mar
2020-03-09,25.1125,21.1,30.2,3.3873566069442256,24,A607,2020,3,69,mar
2020-03-10,25.308333333333334,21.6,28.9,2.4876943518860584,24,A607,2020,3,70,mar
2020-03-11,25.291666666666668,21.2,29.8,2.939375364976696,24,A607,2020,3,71,mar
2020-03-12,24.1,20.8,28.9,2.520524445082981,24,A607,2020,3,72,mar
2020-03-13,25.479166666666668,22.7,29.8,2.4363156728903204,24,A607,2020,3,73,mar
2020-03-14,26.491666666666667,23.2,30.9,2.633053553289935,24,A607,2020,3,74,mar
2020-03-15,26.829166666666666,23,31.3,2.8081371152368995,24,A607,2020,3,75,mar
2020-03-16,27.029166666666665,23.1,32.7,3.2623649952632277,24,A607,2020,3,76,mar
2020-03-17,26.5875,22.9,33.2,3.0836613613210435,24,A607,2020,3,77,mar
2020-03-18,25.9875,22.4,31,3.114107102120648,24,A607,2020,3,78,mar
2020-03-19,26.59166666666667,22.5,32.7,3.694639673749063,24,A607,2020,3,79,mar
2020-03-20,28.1375,24.4,34.5,3.944485694143706,24,A607,2020,3,80,mar
2020-03-21,25.016666666666666,22.6,29.1,1.7795130420052183,24,A607,2020,3,81,mar
2020-03-22,24.483333333333334,22.9,27.4,1.6147867450174522,24,A607,2020,3,82,mar
2020-03-23,23.933333333333334,20.4,28,2.8120341804259885,24,A607,2020,3,83,mar
2020-03-24,22.96666666666667,19.5,26.6,2.5287334287392156,24,A607,2020,3,84,mar
2020-03-25,22.916666666666668,17.9,29.5,3.9058113521828703,24,A607,2020,3,85,mar
2020-03-26,22.8125,18.6,27.3,2.945049272489563,24,A607,2020,3,86,mar
2020-03-27,24.0125,18.9,29.7,3.6385989300708927,24,A607,2020,3,87,mar
2020-03-28,24.333333333333332,19.9,29.6,3.5937949745137905,24,A607,2020,3,88,mar
2020-03-29,25.858333333333334,21.5,31.4,3.53072435808201,24,A607,2020,3,89,mar
2020-03-30,25.808333333333334,22.8,29.2,2.2711645483753706,24,A607,2020,3,90,mar
2020-03-31,24.879166666666666,22.9,27.9,1.7174245548056182,24,A607,2020,3,91,mar
2020-04-01,24.408333333333335,22.6,26.7,1.2025034273354993,24,A607,2020,4,92,abr
2020-04-02,25.7375,22.7,31,2.8677839497787656,24,A607,2020,4,93,abr
2020-04-03,27.383333333333333,24,34.2,3.6289496224553517,24,A607,2020,4,94,abr
2020-04-04,24.85,21.2,29.6,2.577494570483043,24,A607,2020,4,95,abr
2020-04-05,24.004166666666666,21,27.7,2.062181024961229,24,A607,2020,4,96,abr
2020-04-06,24.65416666666667,21.6,29.1,2.565147536508957,24,A607,2020,4,97,abr
2020-04-07,25.9,21.6,32.9,3.976452428112711,24,A607,2020,4,98,abr
2020-04-08,22.483333333333334,20.3,24.9,1.0704191241982155,24,A607,2020,4,99,abr
2020-04-09,22.3,20.4,25.8,1.8141952342088454,24,A607,2020,4,100,abr
2020-04-10,23.175,20.4,26.6,2.0428560569862033,24,A607,2020,4,101,abr
2020-04-11,22.354166666666668,20.4,26.4,2.021617769460167,24,A607,2020,4,102,abr
2020-04-12,21.645833333333332,19.7,24.3,1.6399838723137725,24,A607,2020,4,103,abr
2020-04-13,22.908333333333335,19.3,27.1,2.319467080221637,24,A607,2020,4,104,abr
2020-04-14,23.683333333333334,20,27.7,2.6624060165762566,24,A607,2020,4,105,abr
2020-04-15,25.3875,20.4,31.5,3.8389664030150437,24,A607,2020,4,106,abr
2020-04-16,24.104166666666668,21.6,27.3,1.6760406674184787,24,A607,2020,4,107,abr
2020-04-17,23.333333333333336,22,25.1,1.0050596636698896,24,A607,2020,4,108,abr
2020-04-18,23.320833333333333,21.2,26,1.6164854970951148,24,A607,2020,4,109,abr
2020-04-19,22.579166666666666,18.7,27,2.7596438281001077,24,A607,2020,4,110,abr
2020-04-20,22.695833333333333,19.5,27.3,2.7195714442867116,24,A607,2020,4,111,abr
2020-04-21,23.045833333333334,17.7,28.9,3.7943870635987835,24,A607,2020,4,112,abr
2020-04-22,22.9625,17.9,28.9,3.7796724610795946,24,A607,2020,4,113,abr
2020-04-23,23.125,18.6,29.4,3.498477929912801,24,A607,2020,4,114,abr
2020-04-24,22.820833333333333,18.5,27.9,3.298218117957511,24,A607,2020,4,115,abr
2020-04-25,22.033333333333335,17.1,28.3,3.947114154027919,24,A607,2020,4,116,abr
2020-04-26,23.1875,18.6,29.4,3.574585716342281,24,A607,2020,4,117,abr
2020-04-27,22.95,18.2,28.8,3.4546754708214853,24,A607,2020,4,118,abr
2020-04-28,22.27916666666667,17.7,28.5,3.850463457894349,24,A607,2020,4,119,abr
2020-04-29,21.958333333333332,18.8,26.7,2.747792262679364,24,A607,2020,4,120,abr
2020-04-30,24.275,20.1,30.9,4.144378067360336,24,A607,2020,4,121,abr
2020-05-01,23.7875,18,30.8,4.40595570247522,24,A607,2020,5,122,mai
2020-05-02,24.920833333333334,19.9,31.2,4.05215768252643,24,A607,2020,5,123,mai
2020-05-03,21.675,19.4,24.2,1.6336808266850231,24,A607,2020,5,124,mai
2020-05-04,20.9125,15.4,26.8,3.804266769322824,24,A607,2020,5,125,mai
2020-05-05,21.96666666666667,17.4,27.8,4.102349980476903,24,A607,2020,5,126,mai
2020-05-06,24.4375,19.6,31.4,4.488227354157619,24,A607,2020,5,127,mai
2020-05-07,20.379166666666666,17.8,24,1.7978197343175006,24,A607,2020,5,128,mai
2020-05-08,20.71666666666667,18,25.1,2.665833203084294,24,A607,2020,5,129,mai
2020-05-09,20.158333333333335,15.3,25.3,3.2069105635048256,24,A607,2020,5,130,mai
2020-05-10,19.870833333333334,14.8,26.5,4.274034766869099,24,A607,2020,5,131,mai
2020-05-11,21.375,16.2,28.1,3.831250221646919,24,A607,2020,5,132,mai
2020-05-12,22.125,16.8,29.6,4.235486728356843,24,A607,2020,5,133,mai
2020-05-13,22.583333333333332,17.9,29.5,4.110502631559548,24,A607,2020,5,134,mai
2020-05-14,23.9625,19.1,31.6,4.063069358095632,24,A607,2020,5,135,mai
2020-05-15,20.8125,18.6,22.7,1.1692853633179392,24,A607,2020,5,136,mai
2020-05-16,20.1375,18.5,22.5,1.5330596006452042,24,A607,2020,5,137,mai
2020-05-17,21.958333333333332,17.8,28.3,3.0471535779373236,24,A607,2020,5,138,mai
2020-05-18,22.308333333333334,17.1,29.5,3.916177891179398,24,A607,2020,5,139,mai
2020-05-19,22.716666666666665,19.9,26.5,2.1654734730120433,24,A607,2020,5,140,mai
2020-05-20,21.25,18.1,25.7,2.803569153775237,24,A607,2020,5,141,mai
2020-05-21,21.78333333333333,17.3,27,3.2252626002512894,24,A607,2020,5,142,mai
2020-05-22,22.333333333333332,17.5,29.3,3.9492064878982935,24,A607,2020,5,143,mai
2020-05-23,23.983333333333334,19.3,31.1,4.083334812185476,24,A607,2020,5,144,mai
2020-05-24,23.7,20.2,28.1,2.4416672849581254,24,A607,2020,5,145,mai
2020-05-25,20.816666666666666,18.3,25.4,2.1068556143481074,24,A607,2020,5,146,mai
2020-05-26,22.054166666666667,17.2,26.4,2.6994329785710742,24,A607,2020,5,147,mai
2020-05-27,19.05,13.3,26.1,4.4503053143918505,24,A607,2020,5,148,mai
2020-05-28,18.604166666666668,12.8,24,3.556925781414725,24,A607,2020,5,149,mai
2020-05-29,19.316666666666666,14.4,25.8,4.028341623035968,24,A607,2020,5,150,mai
2020-05-30,19.766666666666666,15.3,26.8,4.261319112635212,24,A607,2020,5,151,mai
2020-05-31,21.15416666666667,16.3,27.8,4.198341201067358,24,A607,2020,5,152,mai
2020-06-01,20.7875,15.1,28.3,4.711439593529589,24,A607,2020,6,153,jun
2020-06-02,20.72083333333333,14.1,29,5.164088300079163,24,A607,2020,6,154,jun
2020-06-03,21.1625,15.6,28.2,4.35698464736695,24,A607,2020,6,155,jun
2020-06-04,21.758333333333333,17.3,27.1,2.889097446949655,24,A607,2020,6,156,jun
2020-06-05,20.879166666666666,18.7,23.1,1.3390389696789413,24,A607,2020,6,157,jun
2020-06-06,21.625,17.7,28.7,3.720244265005236,24,A607,2020,6,158,jun
2020-06-07,22.179166666666667,18.4,28.6,3.201355577912564,24,A607,2020,6,159,jun
2020-06-08,22.229166666666668,17.1,29.2,3.6262903750331374,24,A607,2020,6,160,jun
2020-06-09,23.304166666666667,19,30.6,3.6662359760228282,24,A607,2020,6,161,jun
2020-06-10,23.916666666666668,19.7,31.3,4.238197593385626,24,A607,2020,6,162,jun
2020-06-11,24.45,19.8,31.1,4.046469207034481,24,A607,2020,6,163,jun
2020-06-12,25.0625,20.4,32.7,4.575816629421131,24,A607,2020,6,164,jun
2020-06-13,23.783333333333335,19,32.5,4.677668191539982,24,A607,2020,6,165,jun
2020-06-14,22.266666666666666,17.8,27.9,3.2755572598137923,24,A607,2020,6,166,jun
2020-06-15,22.28333333333333,21.5,23.5,0.6069644117256376,24,A607,2020,6,167,jun
2020-06-16,21.166666666666668,19.5,23.8,1.3470310885882286,24,A607,2020,6,168,jun
2020-06-17,20.729166666666668,17.8,24.7,2.3436276538115317,24,A607,2020,6,169,jun
2020-06-18,20.375,16.9,26.7,3.440329862849984,24,A607,2020,6,170,jun
2020-06-19,21.404166666666665,16.9,27.3,3.9166843971229888,24,A607,2020,6,171,jun
2020-06-20,23.620833333333334,19.5,30.8,3.8618512306323027,24,A607,2020,6,172,jun
2020-06-21,23.475,19.8,29.6,3.450047258655528,24,A607,2020,6,173,jun
2020-06-22,23.28333333333333,18.7,31.5,4.750804661058612,24,A607,2020,6,174,jun
2020-06-23,20.016666666666666,14.6,27.5,4.52016416272363,24,A607,2020,6,175,jun
2020-06-24,20.316666666666666,14.3,28.3,4.775268411911219,24,A607,2020,6,176,jun
2020-06-25,20.691666666666666,14.8,28,4.804519309681401,24,A607,2020,6,177,jun
2020-06-26,22.179166666666667,17.2,29.7,4.507961957968673,24,A607,2020,6,178,jun
2020-06-27,22.40833333333333,17.7,29.2,3.8897766412534,24,A607,2020,6,179,jun
2020-06-28,21.125,18.6,23.9,1.609550301765385,24,A607,2020,6,180,jun
2020-06-29,19.6875,18.1,23.4,1.5025521766242464,24,A607,2020,6,181,jun
2020-06-30,20.820833333333333,17.6,25.1,2.9466235897566126,24,A607,2020,6,182,jun
2020-07-01,23.445833333333333,18,29.4,4.059661494419869,24,A607,2020,7,183,jul
2020-07-02,21.520833333333332,19.1,24,1.408970998765524,24,A607,2020,7,184,jul
2020-07-03,19.820833333333333,17.7,22.4,1.5767272562430414,24,A607,2020,7,185,jul
2020-07-04,20.28333333333333,18.3,22.9,1.5859893816922543,24,A607,2020,7,186,jul
2020-07-05,21.891666666666666,19.4,26.2,2.4847214289956416,24,A607,2020,7,187,jul
2020-07-06,22.4,17.6,30.5,4.874690625634838,24,A607,2020,7,188,jul
2020-07-07,21.625,17.3,28.4,3.4274150482606385,24,A607,2020,7,189,jul
2020-07-08,22.116666666666667,17.1,30.1,3.9894062614429955,24,A607,2020,7,190,jul
2020-07-09,22.570833333333333,17.1,31.5,4.764860431065765,24,A607,2020,7,191,jul
2020-07-10,21.179166666666667,19.8,23.2,1.0274405374380624,24,A607,2020,7,192,jul
2020-07-11,20.0625,15.2,26.7,3.912723114905148,24,A607,2020,7,193,jul
2020-07-12,21.733333333333334,15.9,30.2,4.709810913463481,24,A607,2020,7,194,jul
2020-07-13,23.65,17.1,32.2,5.44689780078293,24,A607,2020,7,195,jul
2020-07-14,21.879166666666666,18.3,26.2,2.7816134146221323,24,A607,2020,7,196,jul
2020-07-15,19.620833333333334,18.4,21.1,0.8667676919936844,24,A607,2020,7,197,jul
2020-07-16,19.6,17.6,22.6,1.8429654742100934,24,A607,2020,7,198,jul
2020-07-17,20.55,16.7,27.1,3.6098897971857937,24,A607,2020,7,199,jul
2020-07-18,20.7875,17.2,25.7,2.945344521074926,24,A607,2020,7,200,jul
2020-07-19,19.929166666666667,15.4,25.5,3.608501937353513,24,A607,2020,7,201,jul
2020-07-20,21.320833333333333,17.5,28.4,3.7795766000125357,24,A607,2020,7,202,jul
2020-07-21,21.845833333333335,17.1,29.3,3.8006840536096025,24,A607,2020,7,203,jul
2020-07-22,22.629166666666666,17.6,30.8,4.273627841487397,24,A607,2020,7,204,jul
2020-07-23,21.666666666666668,17.2,28,3.8236866647445016,24,A607,2020,7,205,jul
2020-07-24,20.8625,15.8,26.9,3.6510644665810044,24,A607,2020,7,206,jul
2020-07-25,21.858333333333334,15.8,29.7,4.482130381149481,24,A607,2020,7,207,jul
2020-07-26,21.458333333333332,16.6,27.5,3.5595452404542605,24,A607,2020,7,208,jul
2020-07-27,22.933333333333334,20.2,27.3,2.5463813483087123,24,A607,2020,7,209,jul
2020-07-28,22.370833333333334,17.3,29.9,4.168356903548725,24,A607,2020,7,210,jul
2020-07-29,22.304166666666667,17.7,28.9,3.6584005969188547,24,A607,2020,7,211,jul
2020-07-30,20.620833333333334,18.3,23,1.3190837289793131,24,A607,2020,7,212,jul
2020-07-31,19.083333333333332,17,23.3,1.7218964940529629,24,A607,2020,7,213,jul
2020-08-01,19.820833333333333,16.2,24.4,2.701043142560114,24,A607,2020,8,214,ago
2020-08-02,19.579166666666666,15,25.2,3.295184782925411,24,A607,2020,8,215,ago
2020-08-03,18.758333333333333,13.1,24.9,4.164228272015029,24,A607,2020,8,216,ago
2020-08-04,18.970833333333335,15,24.2,3.2595650772386215,24,A607,2020,8,217,ago
2020-08-05,18.9,13.4,24.8,4.204035328524044,24,A607,2020,8,218,ago
2020-08-06,19.829166666666666,14.8,25.1,3.256228702397735,24,A607,2020,8,219,ago
2020-08-07,20.2375,16.4,25.8,3.5789010336548355,24,A607,2020,8,220,ago
2020-08-08,20.554166666666667,16.2,27,3.8635396213572215,24,A607,2020,8,221,ago
2020-08-09,20.666666666666668,15.5,26.9,3.9584435530039883,24,A607,2020,8,222,ago
2020-08-10,20.96666666666667,15.3,28,4.118744708162245,24,A607,2020,8,223,ago
2020-08-11,22.34166666666667,16.8,29.2,4.062652449759422,24,A607,2020,8,224,ago
2020-08-12,23.266666666666666,18.6,29.7,3.649141252960479,24,A607,2020,8,225,ago
2020-08-13,23.84166666666667,19.4,30.4,3.3681263875215315,24,A607,2020,8,226,ago
2020-08-14,23.191666666666666,17.8,30.6,4.063294515395183,24,A607,2020,8,227,ago
2020-08-15,23.84166666666667,18.4,32.5,4.4411041191466625,24,A607,2020,8,228,ago
2020-08-16,23.4875,19.2,30.2,3.48166782872307,24,A607,2020,8,229,ago
2020-08-17,23.958333333333332,19.5,31,3.908621091968331,24,A607,2020,8,230,ago
2020-08-18,23.8,20.2,29.9,2.878858469420913,24,A607,2020,8,231,ago
2020-08-19,24.616666666666667,19.1,32.4,4.194786273942687,24,A607,2020,8,232,ago
2020-08-20,22.941666666666666,20.9,26.1,1.5449543870195706,24,A607,2020,8,233,ago
2020-08-21,20.229166666666668,18.4,22.2,1.0840660844073664,24,A607,2020,8,234,ago
2020-08-22,17.1125,16.2,18.4,0.47941313761904675,24,A607,2020,8,235,ago
2020-08-23,18.808333333333334,15.9,23.2,2.743992119817983,24,A607,2020,8,236,ago
2020-08-24,18.654166666666665,14.2,23.9,3.2528220746415504,24,A607,2020,8,237,ago
2020-08-25,19.2875,15.5,23.6,2.9807078966610248,24,A607,2020,8,238,ago
2020-08-26,20.358333333333334,16.9,25.3,2.750638924459847,24,A607,2020,8,239,ago
2020-08-27,21.433333333333334,18.1,25.7,2.611457475228639,24,A607,2020,8,240,ago
2020-08-28,21.695833333333333,18.1,26.9,3.0791697309313846,24,A607,2020,8,241,ago
2020-08-29,23.141666666666666,18.5,29.3,3.195637878307766,24,A607,2020,8,242,ago
2020-08-30,24.008333333333333,19,31.2,4.025237413107959,24,A607,2020,8,243,ago
2020-08-31,22.991666666666667,19.6,28,2.721399362966344,24,A607,2020,8,244,ago
2020-09-01,23.7875,20.5,28.5,2.5648650273836346,24,A607,2020,9,245,set
2020-09-02,23.083333333333332,20.7,27.5,2.4170889186332616,24,A607,2020,9,246,set
2020-09-03,23.175,18.4,30.2,3.8476701024634776,24,A607,2020,9,247,set
2020-09-04,23.954166666666666,18.3,32.7,4.704944592998775,24,A607,2020,9,248,set
2020-09-05,23.1875,19.2,28.7,3.4579854024385734,24,A607,2020,9,249,set
2020-09-06,23.65833333333333,19.7,31.3,3.982779962775255,24,A607,2020,9,250,set
2020-09-07,23.675,18.6,31.6,4.203337183507989,24,A607,2020,9,251,set
2020-09-08,24.729166666666668,20.5,32.4,3.4685517798175307,24,A607,2020,9,252,set
2020-09-09,24.03333333333333,21.4,28.7,2.6049562571086056,24,A607,2020,9,253,set
2020-09-10,23.6375,18.9,29.5,3.223664199256061,24,A607,2020,9,254,set
2020-09-11,24.429166666666667,19.3,31.5,4.262830164866148,24,A607,2020,9,255,set
2020-09-12,24.141666666666666,19.8,30.6,3.3924361730776598,24,A607,2020,9,256,set
2020-09-13,23.8375,18.2,29.8,3.4685935628649007,24,A607,2020,9,257,set
2020-09-14,24.05,18.7,31.5,3.9617738670844207,24,A607,2020,9,258,set
2020-09-15,23.066666666666666,18.3,28.7,3.603098505533773,24,A607,2020,9,259,set
2020-09-16,23.575,20.1,28.7,2.9035585363331395,24,A607,2020,9,260,set
2020-09-17,24.004166666666666,18.8,32.5,4.470432248983718,24,A607,2020,9,261,set
2020-09-18,24.2375,19.5,31.6,3.967346336850583,24,A607,2020,9,262,set
2020-09-19,25.125,20.1,33.5,4.166350712658449,24,A607,2020,9,263,set
2020-09-20,23.979166666666668,21.5,27.8,2.1615170129104815,24,A607,2020,9,264,set
2020-09-21,22.766666666666666,20,26.7,2.0679051922314935,24,A607,2020,9,265,set
2020-09-22,21.258333333333333,19.7,22.8,0.979758917403605,24,A607,2020,9,266,set
2020-09-23,19.108333333333334,17.7,21.4,1.0993739984217368,24,A607,2020,9,267,set
2020-09-24,21.133333333333333,18.7,24.6,2.1796821999442084,24,A607,2020,9,268,set
2020-09-25,23.333333333333332,19.7,28.6,3.0471179065195173,24,A607,2020,9,269,set
2020-09-26,24.079166666666666,19.1,31.7,4.108102192398383,24,A607,2020,9,270,set
2020-09-27,26.0125,20.8,35.7,5.268636693557039,24,A607,2020,9,271,set
2020-09-28,25.479166666666668,21.3,31.3,3.7417711647394154,24,A607,2020,9,272,set
2020-09-29,24.695833333333333,21.4,28.6,2.6613953788039164,24,A607,2020,9,273,set
2020-09-30,25.349999999999998,21.7,30.7,2.9685305983000205,24,A607,2020,9,274,set
2020-10-01,25.825,22.8,31.9,3.12914073495112,24,A607,2020,10,275,out
2020-10-02,26.213636363636365,21.9,34.3,4.30694847830865,22,A607,2020,10,276,out
2020-10-03,26.030434782608694,21.3,35.3,4.494687245931042,23,A607,2020,10,277,out
2020-10-04,24.745833333333334,21.9,27.7,1.4455265827542831,24,A607,2020,10,278,out
2020-10-05,23.454166666666666,21.5,26.6,1.5700953077320878,24,A607,2020,10,279,out
2020-10-06,26.176190476190477,22.3,35.3,3.6998519918916704,21,A607,2020,10,280,out
2020-10-07,25.4625,23.4,30.1,2.1642977573819864,24,A607,2020,10,281,out
2020-10-08,24.991666666666667,21.9,28.4,2.1900797417816364,24,A607,2020,10,282,out
2020-10-09,25.1125,23,29.7,1.9762310417647988,24,A607,2020,10,283,out
2020-10-10,23.766666666666666,22.4,25.8,0.8947512001360647,24,A607,2020,10,284,out
2020-10-11,21.4375,20.1,23.1,0.8781465164469001,24,A607,2020,10,285,out
2020-10-12,21.170833333333334,19,23.8,1.70663135436747,24,A607,2020,10,286,out
2020-10-13,23.55,20.7,28.1,2.6861966000114443,24,A607,2020,10,287,out
2020-10-14,25.85,21.5,33,3.691352998091857,24,A607,2020,10,288,out
2020-10-15,24.6375,22.2,28.5,1.957774357473968,24,A607,2020,10,289,out
2020-10-16,22.183333333333334,20.5,23.8,0.831795682827829,24,A607,2020,10,290,out
2020-10-17,21.195833333333333,18.5,25.1,2.183232379566684,24,A607,2020,10,291,out
2020-10-18,22.258333333333333,18.8,26,2.2725042051267668,24,A607,2020,10,292,out
2020-10-19,22.104166666666668,19,25,1.9186678273958881,24,A607,2020,10,293,out
2020-10-20,23.229166666666668,20.7,27.9,2.3439986583069814,24,A607,2020,10,294,out
2020-10-21,24.191666666666666,19.5,31.7,3.979612900845974,24,A607,2020,10,295,out
2020-10-22,24.041666666666668,21,28.1,2.067116594315075,24,A607,2020,10,296,out
2020-10-23,22.55,16.5,27.8,3.622514140159038,24,A607,2020,10,297,out
2020-10-24,22.3625,20.4,24.9,1.5824616212119318,24,A607,2020,10,298,out
2020-10-25,21.179166666666667,20.4,22.2,0.5710243782709371,24,A607,2020,10,299,out
2020-10-26,22.320833333333333,20.1,27.1,2.056374853044037,24,A607,2020,10,300,out
2020-10-27,24.25,19.9,31.4,3.714015757031499,24,A607,2020,10,301,out
2020-10-28,26.575,22.2,32.9,3.5935025907274945,24,A607,2020,10,302,out
2020-10-29,27.475,21.9,34.7,3.7384314311242077,24,A607,2020,10,303,out
2020-10-30,24.279166666666665,22.3,28.9,2.0097542931514236,24,A607,2020,10,304,out
2020-10-31,21.025,19.3,23,1.1471135799115062,24,A607,2020,10,305,out
2020-11-01,21.204166666666666,19.1,24.9,1.8005987329500843,24,A607,2020,11,306,nov
2020-11-02,20.679166666666667,17.6,23.9,2.192869703432441,24,A607,2020,11,307,nov
2020-11-03,20.6625,15.7,24.9,3.444695039193379,24,A607,2020,11,308,nov
2020-11-04,21.558333333333334,18.8,25.7,2.173339779487195,24,A607,2020,11,309,nov
2020-11-05,22.041666666666668,17.3,27.1,3.288969267199028,24,A607,2020,11,310,nov
2020-11-06,21.479166666666668,19.1,24.1,1.4867470082924892,24,A607,2020,11,311,nov
2020-11-07,22.9625,20.2,26.5,2.14958287156814,24,A607,2020,11,312,nov
2020-11-08,24.9,21.4,30.7,3.1498792247377967,24,A607,2020,11,313,nov
2020-11-09,25.820833333333333,24,30.3,2.0086723209009536,24,A607,2020,11,314,nov
2020-11-10,25.395833333333332,22,30.4,2.55453206242768,24,A607,2020,11,315,nov
2020-11-11,25.520833333333332,22.1,32,3.295712520001214,24,A607,2020,11,316,nov
2020-11-12,24.541666666666668,22.4,28.2,1.9232935218043274,24,A607,2020,11,317,nov
2020-11-13,25.329166666666666,22.9,29.7,2.239075734522514,24,A607,2020,11,318,nov
2020-11-14,25.479166666666668,23.1,30,2.2053254056777054,24,A607,2020,11,319,nov
2020-11-15,26.054166666666667,22.5,32.6,3.275466002911935,24,A607,2020,11,320,nov
2020-11-16,26.308333333333334,22,33.1,3.8574509117073523,24,A607,2020,11,321,nov
2020-11-17,26.883333333333333,22.9,35.1,4.156782479239219,24,A607,2020,11,322,nov
2020-11-18,24.558333333333334,22.1,28.5,1.81872307490404,24,A607,2020,11,323,nov
2020-11-19,24.870833333333334,22.1,30.6,2.50277744266969,24,A607,2020,11,324,nov
2020-11-20,22.725,20.1,25.2,1.6408507867407764,24,A607,2020,11,325,nov
2020-11-21,22.770833333333332,19.4,27.4,2.443176685964521,24,A607,2020,11,326,nov
2020-11-22,23.308333333333334,20.2,26.9,2.401976842857397,24,A607,2020,11,327,nov
2020-11-23,22.75,20.9,27,1.5866289119853532,24,A607,2020,11,328,nov
2020-11-24,23.204166666666666,21.6,25.6,1.3182594475347003,24,A607,2020,11,329,nov
2020-11-25,23.220833333333335,21.3,25.8,1.559258231302326,24,A607,2020,11,330,nov
2020-11-26,24.8625,21.7,28.8,2.6936015166380463,24,A607,2020,11,331,nov
2020-11-27,25.0875,21.4,29.8,2.913881693161054,24,A607,2020,11,332,nov
2020-11-28,25.041666666666668,22,29.5,2.547618950871692,24,A607,2020,11,333,nov
2020-11-29,24.933333333333334,21.6,29.4,2.698416067874322,24,A607,2020,11,334,nov
2020-11-30,25.525,20.9,30.6,3.2708528338752214,24,A607,2020,11,335,nov
2020-12-01,26.09166666666667,21.6,33.1,3.9003808806952116,24,A607,2020,12,336,dez
2020-12-02,25.891666666666666,22.9,31.1,2.7539563108950804,24,A607,2020,12,337,dez
2020-12-03,26.420833333333334,22.2,31.9,3.4595776528691884,24,A607,2020,12,338,dez
2020-12-04,27.4625,24,33.3,3.378038085094339,24,A607,2020,12,339,dez
2020-12-05,26.983333333333334,24.4,31.7,2.579630352128612,24,A607,2020,12,340,dez
2020-12-06,25.754166666666666,23.5,29.9,1.827323813351257,24,A607,2020,12,341,dez
2020-12-07,26.575,23.7,31.4,2.748161440735938,24,A607,2020,12,342,dez
2020-12-08,25.52916666666667,23.5,31.8,2.5245712794309325,24,A607,2020,12,343,dez
2020-12-09,24.708333333333332,22.5,28.7,1.6678329252855837,24,A607,2020,12,344,dez
2020-12-10,23.291666666666668,21.6,27,1.6094602569931882,24,A607,2020,12,345,dez
2020-12-11,24.166666666666668,20.3,29.6,3.222565365703524,24,A607,2020,12,346,dez
2020-12-12,26.108333333333334,22.5,33.2,3.4175908965573814,24,A607,2020,12,347,dez
2020-12-13,26.033333333333335,22.5,32,3.284438495676857,24,A607,2020,12,348,dez
2020-12-14,25.954166666666666,20.9,32.8,3.8665768667733302,24,A607,2020,12,349,dez
2020-12-15,25.933333333333334,21.2,32.6,4.07715444958823,24,A607,2020,12,350,dez
2020-12-16,26.025,21.7,31.9,3.6072692309207843,24,A607,2020,12,351,dez
2020-12-17,25.65833333333333,21.5,31.5,3.375218726138406,24,A607,2020,12,352,dez
2020-12-18,26.291666666666668,22.6,32.9,3.434849109611236,24,A607,2020,12,353,dez
2020-12-19,27.208333333333332,22.7,34.2,3.9810329298318794,24,A607,2020,12,354,dez
2020-12-20,27.416666666666668,22.7,35,4.074914420724917,24,A607,2020,12,355,dez
2020-12-21,27.495833333333334,23,35,4.037915860038892,24,A607,2020,12,356,dez
2020-12-22,25.28333333333333,21.6,32.3,3.227822885430696,24,A607,2020,12,357,dez
2020-12-23,23.34583333333333,21.4,24.6,0.9868611490661856,24,A607,2020,12,358,dez
2020-12-24,21.795833333333334,20.3,22.8,0.8179928598958428,24,A607,2020,12,359,dez
2020-12-25,23.65,21.4,28,2.172756213940577,24,A607,2020,12,360,dez
2020-12-26,24.858333333333334,21.1,30,3.2431756668113274,24,A607,2020,12,361,dez
2020-12-27,25.679166666666667,22.1,31.3,2.9522252722261917,24,A607,2020,12,362,dez
2020-12-28,25.84583333333333,22,30.5,2.788326468108357,24,A607,2020,12,363,dez
2020-12-29,25.9,21.4,31.1,3.4714988618500353,24,A607,2020,12,364,dez
2020-12-30,26.0625,21.3,32.8,3.6405700103143186,24,A607,2020,12,365,dez
2020-12-31,26.604166666666668,21.3,34,4.317756982776919,24,A607,2020,12,366,dez
2021-01-01,26.4375,21.5,34.3,4.029760215112599,24,A607,2021,1,1,jan
2021-01-02,24.933333333333334,22.3,28.6,2.0524993600945187,24,A607,2021,1,2,jan
2021-01-03,24.679166666666667,21.9,31.6,3.064662427919501,24,A607,2021,1,3,jan
2021-01-04,24.420833333333334,21.7,29.3,2.448775943852031,24,A607,2021,1,4,jan
2021-01-05,26.6625,22.3,32.8,3.76711312603535,24,A607,2021,1,5,jan
2021-01-06,26.8625,22.4,34.3,4.038705399549196,24,A607,2021,1,6,jan
2021-01-07,26.9875,22.6,34,4.012297671994895,24,A607,2021,1,7,jan
2021-01-08,27.525,23.7,33.5,3.4090990777240737,24,A607,2021,1,8,jan
2021-01-09,26.704166666666666,23,32.1,3.1891772370433356,24,A607,2021,1,9,jan
2021-01-10,26.90833333333333,23.4,32.2,2.938043813368917,24,A607,2021,1,10,jan
2021-01-11,26.941666666666666,23.3,31.4,2.8148544895076633,24,A607,2021,1,11,jan
2021-01-12,26.8,22.2,32,3.1869298296527386,24,A607,2021,1,12,jan
2021-01-13,26.666666666666668,23.5,31.1,2.7910831101090903,24,A607,2021,1,13,jan
2021-01-14,26.525,23.1,30.7,2.8563050013732014,24,A607,2021,1,14,jan
2021-01-15,26.15833333333333,22.2,31.5,3.0028850861429435,24,A607,2021,1,15,jan
2021-01-16,26.3375,22.6,31.3,3.0404250989966344,24,A607,2021,1,16,jan
2021-01-17,26.4,20.4,32.1,3.674944542616167,24,A607,2021,1,17,jan
2021-01-18,26.4625,20.3,33.3,4.205877099240186,24,A607,2021,1,18,jan
2021-01-19,27.075,22,33.8,3.875929061135732,24,A607,2021,1,19,jan
2021-01-20,26.691666666666666,21.3,33.3,3.6415377385727137,24,A607,2021,1,20,jan
2021-01-21,26.458333333333332,22.3,31.5,3.509356024991612,24,A607,2021,1,21,jan
2021-01-22,26.554166666666667,23,31.3,3.049016828944768,24,A607,2021,1,22,jan
2021-01-23,25.941666666666666,22.6,30.6,2.897062480253533,24,A607,2021,1,23,jan
2021-01-24,25.733333333333334,21.4,31.5,3.4738359535078884,24,A607,2021,1,24,jan
2021-01-25,26.120833333333334,21,31.7,3.8938054669555275,24,A607,2021,1,25,jan
2021-01-26,26.883333333333333,22.2,32.1,3.3129084380405955,24,A607,2021,1,26,jan
2021-01-27,26.916666666666668,21.3,33.6,3.9041412423962982,24,A607,2021,1,27,jan
2021-01-28,27.266666666666666,21.7,34.2,4.242504045927375,24,A607,2021,1,28,jan
2021-01-29,27.4,22.6,33.6,3.931035929403453,24,A607,2021,1,29,jan
2021-01-30,27.375,22.9,33.4,3.634765706222402,24,A607,2021,1,30,jan
2021-01-31,27.095833333333335,21.7,32.8,3.6248513212888165,24,A607,2021,1,31,jan
2021-02-01,26.9625,21.9,32.2,3.4925775332964277,24,A607,2021,2,32,fev
2021-02-02,26.329166666666666,22,32,3.148979015582624,24,A607,2021,2,33,fev
2021-02-03,26.9125,21.9,32.1,3.4676533225248156,24,A607,2021,2,34,fev
2021-02-04,27.575,22.4,34.3,3.899637664327736,24,A607,2021,2,35,fev
2021-02-05,26.070833333333333,23,29.5,2.042266253277315,24,A607,2021,2,36,fev
2021-02-06,23.5125,20.6,26.2,1.570741309340773,24,A607,2021,2,37,fev
2021-02-07,21.620833333333334,20,25.8,1.8175423364883518,24,A607,2021,2,38,fev
2021-02-08,22.004166666666666,20.2,25.5,1.6999946717734062,24,A607,2021,2,39,fev
2021-02-09,23.075,21,27.5,2.224419807109456,24,A607,2021,2,40,fev
2021-02-10,24.391666666666666,19,30.4,4.025453435616768,24,A607,2021,2,41,fev
2021-02-11,25.895833333333332,22.6,31.4,2.9941216563048374,24,A607,2021,2,42,fev
2021-02-12,26.145833333333332,23.1,31.4,2.5874242970092136,24,A607,2021,2,43,fev
2021-02-13,26.245833333333334,23.3,31.2,2.5184500351823824,24,A607,2021,2,44,fev
2021-02-14,25.816666666666666,22.8,31.8,2.9456920153463706,24,A607,2021,2,45,fev
2021-02-15,25.245833333333334,22.4,32.7,3.2992725372970204,24,A607,2021,2,46,fev
2021-02-16,26.320833333333333,21.3,34.5,4.460744641158378,24,A607,2021,2,47,fev
2021-02-17,26.5625,22.1,34.1,4.11442980359316,24,A607,2021,2,48,fev
2021-02-18,26.533333333333335,23,32.6,3.1908383342567386,24,A607,2021,2,49,fev
2021-02-19,24.575,21.3,28.6,1.86925932785759,24,A607,2021,2,50,fev
2021-02-20,25.445833333333333,22.8,29.6,2.0834710099435902,24,A607,2021,2,51,fev
2021-02-21,26.5125,22.7,33,3.5691080970875135,24,A607,2021,2,52,fev
2021-02-22,24.308333333333334,21.2,30,2.7296944671625742,24,A607,2021,2,53,fev
2021-02-23,25.004166666666666,21.9,29.4,2.9098751156030387,24,A607,2021,2,54,fev
2021-02-24,26.675,22.3,34.9,4.264336433419777,24,A607,2021,2,55,fev
2021-02-25,26.425,23,34,3.615576206408576,24,A607,2021,2,56,fev
2021-02-26,26.045833333333334,23.4,30.7,2.232171718239917,24,A607,2021,2,57,fev
2021-02-27,25.620833333333334,22.3,30.7,2.327151490120704,24,A607,2021,2,58,fev
2021-02-28,25.3625,22.4,29.2,2.253463517806968,24,A607,2021,2,59,fev
2021-03-01,25.008333333333333,21.9,29.4,2.400166057057152,24,A607,2021,3,60,mar
2021-03-02,25.7625,21.7,31.2,3.1208711855060183,24,A607,2021,3,61,mar
2021-03-03,26.2875,22.2,32,3.4802939031314457,24,A607,2021,3,62,mar
2021-03-04,26.583333333333332,21.8,33.1,3.7605118368863457,24,A607,2021,3,63,mar
2021-03-05,27.2625,22.1,34.8,4.705483618817148,24,A607,2021,3,64,mar
2021-03-06,27.208333333333332,23.6,33,3.140605960177343,24,A607,2021,3,65,mar
2021-03-07,23.791666666666668,21.8,27.6,2.1225326681905825,24,A607,2021,3,66,mar
2021-03-08,24.004166666666666,21.1,29.1,2.8575573586493435,24,A607,2021,3,67,mar
2021-03-09,24.033333333333335,21.5,29.9,3.0573740745751175,24,A607,2021,3,68,mar
2021-03-10,25.3,21.4,32.7,3.8806095442317576,24,A607,2021,3,69,mar
2021-03-11,25.945833333333333,22.5,30.6,2.759486273340316,24,A607,2021,3,70,mar
2021-03-12,27.029166666666665,22.7,34.5,3.8056570211093432,24,A607,2021,3,71,mar
2021-03-13,26.658333333333335,23.7,32.4,3.1817300006602465,24,A607,2021,3,72,mar
2021-03-14,26.208333333333332,21.6,32.6,3.5213530831531057,24,A607,2021,3,73,mar
2021-03-15,26.229166666666668,22,32.6,3.648642292649438,24,A607,2021,3,74,mar
2021-03-16,25.65416666666667,22.6,31.9,2.9177089235081075,24,A607,2021,3,75,mar
2021-03-17,26.325,21.4,32.5,3.4729075652141588,24,A607,2021,3,76,mar
2021-03-18,26.279166666666665,21.6,32,3.400636662471445,24,A607,2021,3,77,mar
2021-03-19,26.34166666666667,22,31.4,3.365285266888415,24,A607,2021,3,78,mar
2021-03-20,26.0625,22.4,30.9,3.1362969718526617,24,A607,2021,3,79,mar
2021-03-21,25.929166666666667,22.7,31.4,3.005860821023209,24,A607,2021,3,80,mar
2021-03-22,26.59583333333333,21.8,33.3,4.126950570880726,24,A607,2021,3,81,mar
2021-03-23,26.625,22.5,33,3.4896430613534353,24,A607,2021,3,82,mar
2021-03-24,26.858333333333334,21.8,34.2,4.12003763877559,24,A607,2021,3,83,mar
2021-03-25,26.725,22.3,32.9,3.7557202748086413,24,A607,2021,3,84,mar
2021-03-26,26.083333333333332,21.5,32.3,3.917371197812287,24,A607,2021,3,85,mar
2021-03-27,26.2375,21.4,34.2,4.3841426210536465,24,A607,2021,3,86,mar
2021-03-28,26.6875,22.3,33.7,3.713935273721299,24,A607,2021,3,87,mar
2021-03-29,27.425,22.5,35.8,4.628292012883558,24,A607,2021,3,88,mar
2021-03-30,25.708333333333332,21.9,34.5,3.5854678509428757,24,A607,2021,3,89,mar
2021-03-31,24.4875,21,30.7,3.702679699423343,24,A607,2021,3,90,mar
2021-04-01,24.441666666666666,19.8,31.8,3.9311373137694066,24,A607,2021,4,91,abr
2021-04-02,24.595833333333335,19.6,31.5,4.193211819395586,24,A607,2021,4,92,abr
2021-04-03,24.870833333333334,19.6,31.2,3.5931673283156966,24,A607,2021,4,93,abr
2021-04-04,24.22083333333333,20,29.7,3.4656048053213833,24,A607,2021,4,94,abr
2021-04-05,23.9375,19.7,29.7,3.1147353157140856,24,A607,2021,4,95,abr
2021-04-06,23.354166666666668,17.9,30.8,4.384357487672526,24,A607,2021,4,96,abr
2021-04-07,22.454166666666666,20.4,26.9,1.952919590647867,24,A607,2021,4,97,abr
2021-04-08,22.620833333333334,18.4,27.9,3.520496403568143,24,A607,2021,4,98,abr
2021-04-09,24.616666666666667,19.9,30.3,3.4599153880916833,24,A607,2021,4,99,abr
2021-04-10,23.266666666666666,18.2,31.5,4.614878270255388,24,A607,2021,4,100,abr
2021-04-11,24.045833333333334,17.7,32.5,5.4935518855145595,24,A607,2021,4,101,abr
2021-04-12,25.65833333333333,19.6,34.9,5.675723793465477,24,A607,2021,4,102,abr
2021-04-13,22.354166666666668,19.5,26.2,1.4616783583225161,24,A607,2021,4,103,abr
2021-04-14,23.229166666666668,19.4,29.1,3.1462163842037127,24,A607,2021,4,104,abr
2021-04-15,22.695833333333333,18.1,28.7,3.1741454401716247,24,A607,2021,4,105,abr
2021-04-16,22.325,17.6,29.2,4.037998858668573,24,A607,2021,4,106,abr
2021-04-17,23.7,20.1,28.8,2.7792710961845657,24,A607,2021,4,107,abr
2021-04-18,25.304166666666667,20.8,32.3,4.038669514738159,24,A607,2021,4,108,abr
2021-04-19,24.454166666666666,20.8,28.8,2.6174961760973137,24,A607,2021,4,109,abr
2021-04-20,24.47083333333333,19.8,31.2,4.157599554787716,24,A607,2021,4,110,abr
2021-04-21,23.1,18.1,28,3.610732793263415,24,A607,2021,4,111,abr
2021-04-22,22.925,18.4,28.2,3.299308227887885,24,A607,2021,4,112,abr
2021-04-23,23.333333333333332,17.1,30.8,4.694554353685783,24,A607,2021,4,113,abr
2021-04-24,23.520833333333332,17.2,31.6,4.850995340865775,24,A607,2021,4,114,abr
2021-04-25,24.7625,20.7,31.7,3.8094633309122714,24,A607,2021,4,115,abr
2021-04-26,25.120833333333334,21.5,30.8,3.1335462847771343,24,A607,2021,4,116,abr
2021-04-27,24.741666666666667,21.4,29.3,2.51930229586904,24,A607,2021,4,117,abr
2021-04-28,22.8875,20,27.6,2.6152250713682452,24,A607,2021,4,118,abr
2021-04-29,21.070833333333333,19.3,24.6,1.5635742683843397,24,A607,2021,4,119,abr
2021-04-30,21.2375,16.2,27,3.3710806550138632,24,A607,2021,4,120,abr
2021-05-01,20.633333333333333,16.9,26.3,3.031094889950504,24,A607,2021,5,121,mai
2021-05-02,21.679166666666667,17.7,26.4,3.290695600664377,24,A607,2021,5,122,mai
2021-05-03,22.845833333333335,18.8,29.5,3.4904813629251104,24,A607,2021,5,123,mai
2021-05-04,22.8375,18.7,29.5,3.932231637654872,24,A607,2021,5,124,mai
2021-05-05,23.8375,18.6,32.4,5.03887603927011,24,A607,2021,5,125,mai
2021-05-06,23.84583333333333,18.3,33.1,4.96570667212867,24,A607,2021,5,126,mai
2021-05-07,23.7125,19.5,30.1,3.484913135964423,24,A607,2021,5,127,mai
2021-05-08,21.03333333333333,19.1,24.9,1.7566437036147298,24,A607,2021,5,128,mai
2021-05-09,20.179166666666667,17.2,24.2,2.10485549781135,24,A607,2021,5,129,mai
2021-05-10,20.879166666666666,16.7,27.2,3.3187188684093494,24,A607,2021,5,130,mai
2021-05-11,20.4875,14.7,28.4,5.039436864674809,24,A607,2021,5,131,mai
2021-05-12,22.133333333333333,16.3,30.9,5.319747188065193,24,A607,2021,5,132,mai
2021-05-13,21.545833333333334,18.9,24.9,1.7378095074138509,24,A607,2021,5,133,mai
2021-05-14,21.241666666666667,17.8,27,2.9214226234708898,24,A607,2021,5,134,mai
2021-05-15,21.116666666666667,16,27.8,4.117266576015089,24,A607,2021,5,135,mai
2021-05-16,20.441666666666666,16.1,26.9,3.7154105240631,24,A607,2021,5,136,mai
2021-05-17,21.170833333333334,16.6,27.8,4.070410636977943,24,A607,2021,5,137,mai
2021-05-18,22.025,17.4,29.7,4.3382274480834155,24,A607,2021,5,138,mai
2021-05-19,22.1125,18.1,27.4,2.967843969296054,24,A607,2021,5,139,mai
2021-05-20,23.05,17.4,30.6,4.1952353926806065,24,A607,2021,5,140,mai
2021-05-21,23.991666666666667,19.5,31,3.8573381976454297,24,A607,2021,5,141,mai
2021-05-22,24.529166666666665,19.7,32.9,4.1594814859407725,24,A607,2021,5,142,mai
2021-05-23,24.8625,19.8,31.7,4.037736397709899,24,A607,2021,5,143,mai
2021-05-24,24.933333333333334,22.4,28.1,1.6959457196673395,24,A607,2021,5,144,mai
2021-05-25,22.09583333333333,18.4,26.8,2.169247348268753,24,A607,2021,5,145,mai
2021-05-26,22.075,17.9,27.5,3.227901458546552,24,A607,2021,5,146,mai
2021-05-27,23.820833333333333,21,28.8,2.5239684361470665,24,A607,2021,5,147,mai
2021-05-28,24.270833333333332,20.4,31.5,3.5907464606857915,24,A607,2021,5,148,mai
2021-05-29,25.758333333333333,20.2,33.8,4.625817593225775,24,A607,2021,5,149,mai
2021-05-30,25.058333333333334,21.7,31.3,3.0036089403693467,24,A607,2021,5,150,mai
2021-05-31,23.3,20.5,29.9,2.889561423017567,24,A607,2021,5,151,mai
2021-06-01,21.920833333333334,19,27.2,2.73606813522246,24,A607,2021,6,152,jun
2021-06-02,22.4375,18.3,28.6,3.5681943430207412,24,A607,2021,6,153,jun
2021-06-03,24.379166666666666,19.8,32.6,4.817719031519653,24,A607,2021,6,154,jun
2021-06-04,23.358333333333334,19.9,28.9,2.684078121500721,24,A607,2021,6,155,jun
2021-06-05,21.995833333333334,18.4,26.7,2.634467055528815,24,A607,2021,6,156,jun
2021-06-06,23.558333333333334,19.6,29.3,3.2047406008662507,24,A607,2021,6,157,jun
2021-06-07,22.691666666666666,17.9,28.2,3.386021991590756,24,A607,2021,6,158,jun
2021-06-08,22.84583333333333,18.6,28.6,3.2779870767534027,24,A607,2021,6,159,jun
2021-06-09,21.875,20.5,25.4,1.4844849787633128,24,A607,2021,6,160,jun
2021-06-10,21.1125,19.3,23.7,1.2291080187433203,24,A607,2021,6,161,jun
2021-06-11,23.2375,20.3,29.2,2.877017250707678,24,A607,2021,6,162,jun
2021-06-12,21.0625,17.4,24.6,1.844336218523218,24,A607,2021,6,163,jun
2021-06-13,19.22083333333333,16.2,22.4,1.8821770851091946,24,A607,2021,6,164,jun
2021-06-14,19.925,15.4,23.6,2.318217081030723,24,A607,2021,6,165,jun
2021-06-15,19.183333333333334,14.2,25.1,3.827664365217204,24,A607,2021,6,166,jun
2021-06-16,19.429166666666667,13.8,26.5,4.593897574776372,24,A607,2021,6,167,jun
2021-06-17,20.616666666666667,17.3,24.7,2.3890450460140045,24,A607,2021,6,168,jun
2021-06-18,19.891666666666666,17.1,24.1,2.619976214075013,24,A607,2021,6,169,jun
2021-06-19,19.34166666666667,16,23.6,2.419830512689872,24,A607,2021,6,170,jun
2021-06-20,21.266666666666666,16.8,28,4.065407265193004,24,A607,2021,6,171,jun
2021-06-21,21.71666666666667,18,27.1,2.9228733133334917,24,A607,2021,6,172,jun
2021-06-22,19.525,15.1,25.6,3.4070578918270336,24,A607,2021,6,173,jun
2021-06-23,19.820833333333333,15.5,25.1,2.9686740074179316,24,A607,2021,6,174,jun
2021-06-24,19.2,15.6,23.7,2.6735418618298312,24,A607,2021,6,175,jun
2021-06-25,19.7875,14.5,27.4,4.62284614947752,24,A607,2021,6,176,jun
2021-06-26,20.658333333333335,17.2,26.2,3.379466984814214,24,A607,2021,6,177,jun
2021-06-27,20.745833333333334,16.8,27.7,3.684866721283578,24,A607,2021,6,178,jun
2021-06-28,20.483333333333334,15.3,27.9,4.207515704759413,24,A607,2021,6,179,jun
2021-06-29,20.625,15.3,29.3,4.364107558551771,24,A607,2021,6,180,jun
2021-06-30,18.745833333333334,17.3,21.3,1.0942454881816042,24,A607,2021,6,181,jun
2021-07-01,19.02916666666667,14.8,24.6,3.0609005731713306,24,A607,2021,7,182,jul
2021-07-02,17.604166666666668,11.7,25,4.644817510962613,24,A607,2021,7,183,jul
2021-07-03,19.175,13.4,27.7,5.25623852942966,24,A607,2021,7,184,jul
2021-07-04,18.820833333333333,12.8,26,4.503330088285553,24,A607,2021,7,185,jul
2021-07-05,18.125,13.1,25.6,3.68572451729525,24,A607,2021,7,186,jul
2021-07-06,19.420833333333334,15.6,24.6,3.2063766854933564,24,A607,2021,7,187,jul
2021-07-07,18.6875,12.5,25.2,4.18489130293623,24,A607,2021,7,188,jul
2021-07-08,19.316666666666666,13.9,25.9,4.267334639741326,24,A607,2021,7,189,jul
2021-07-09,19.729166666666668,14.3,26.4,4.006459910506126,24,A607,2021,7,190,jul
2021-07-10,20.90833333333333,16.2,27,3.3576540291861736,24,A607,2021,7,191,jul
2021-07-11,20.304166666666667,14.6,27.4,4.464690375034706,24,A607,2021,7,192,jul
2021-07-12,20.6375,15.2,27.7,4.259599134027602,24,A607,2021,7,193,jul
2021-07-13,21.241666666666667,17.1,26.9,3.5851040451418914,24,A607,2021,7,194,jul
2021-07-14,22.0625,17.9,28.7,3.447975146182996,24,A607,2021,7,195,jul
2021-07-15,22.308333333333334,17.3,30.6,4.511812194159052,24,A607,2021,7,196,jul
2021-07-16,23.1875,17.7,32.6,5.008367997661514,24,A607,2021,7,197,jul
2021-07-17,22.591666666666665,18,30.3,3.6089160924464343,24,A607,2021,7,198,jul
2021-07-18,23.125,18.7,31.3,3.9129939610393514,24,A607,2021,7,199,jul
2021-07-19,20.304166666666667,16.7,22.8,1.4483811552952812,24,A607,2021,7,200,jul
2021-07-20,18.070833333333333,13,23.3,3.340720980068025,24,A607,2021,7,201,jul
2021-07-21,17.754166666666666,11.7,24.6,4.770195435488322,24,A607,2021,7,202,jul
2021-07-22,19.316666666666666,15.3,26.4,3.9307778483086047,24,A607,2021,7,203,jul
2021-07-23,19.34583333333333,15.2,25.1,3.394237977702118,24,A607,2021,7,204,jul
2021-07-24,18.645833333333332,12.8,27,4.743414580664226,24,A607,2021,7,205,jul
2021-07-25,19.6375,14.9,26.9,4.179641392980149,24,A607,2021,7,206,jul
2021-07-26,20.645833333333332,15,29.5,4.68122792945785,24,A607,2021,7,207,jul
2021-07-27,22.041666666666668,15.9,31.4,4.897906976824202,24,A607,2021,7,208,jul
2021-07-28,21.208333333333332,16.5,27.2,3.554533745082122,24,A607,2021,7,209,jul
2021-07-29,17.954166666666666,15,22.6,2.1352077928952444,24,A607,2021,7,210,jul
2021-07-30,17.083333333333332,13.9,22.6,3.1463804831786533,24,A607,2021,7,211,jul
2021-07-31,15.2875,10.2,21.5,3.383632277790296,24,A607,2021,7,212,jul
2021-08-01,17.1875,12.8,23,3.3177143127263933,24,A607,2021,8,213,ago
2021-08-02,17.3375,11.8,24.8,4.637635501360393,24,A607,2021,8,214,ago
2021-08-03,18.9875,14,25.5,4.067400890003345,24,A607,2021,8,215,ago
2021-08-04,20.0625,17.3,24.2,2.488899267792369,24,A607,2021,8,216,ago
2021-08-05,18.925,15.8,24.1,2.3029753911351105,24,A607,2021,8,217,ago
2021-08-06,19.216666666666665,15.4,24.1,2.9687746947866893,24,A607,2021,8,218,ago
2021-08-07,18.35,14.1,24,3.3923186888847163,24,A607,2021,8,219,ago
2021-08-08,19.775,16.4,24.4,2.855696062258727,24,A607,2021,8,220,ago
2021-08-09,20.583333333333332,15.7,27.3,3.875190504901064,24,A607,2021,8,221,ago
2021-08-10,21.220833333333335,16.3,28.4,3.9605642073547687,24,A607,2021,8,222,ago
2021-08-11,21.604166666666668,16.1,30.6,4.433222320719719,24,A607,2021,8,223,ago
2021-08-12,20.308333333333334,16.5,25.3,2.555967725635978,24,A607,2021,8,224,ago
2021-08-13,21.204166666666666,19.4,23.7,1.416511074149583,24,A607,2021,8,225,ago
2021-08-14,20.245833333333334,18.4,24.1,1.8206494700390914,24,A607,2021,8,226,ago
2021-08-15,20.1625,17.9,23.6,1.9659741472934196,24,A607,2021,8,227,ago
2021-08-16,21.28333333333333,18,26.2,2.873819858604597,24,A607,2021,8,228,ago
2021-08-17,22.3375,18.6,27,2.605981831162264,24,A607,2021,8,229,ago
2021-08-18,23.4125,19.9,27.5,2.284030095743239,24,A607,2021,8,230,ago
2021-08-19,22.6875,19,27.5,2.547686503818539,24,A607,2021,8,231,ago
2021-08-20,21.825,16.3,29.2,3.6797034379558835,24,A607,2021,8,232,ago
2021-08-21,22.15416666666667,16.6,30.4,4.477186535689832,24,A607,2021,8,233,ago
2021-08-22,22.075,16,28.7,3.988270846849056,24,A607,2021,8,234,ago
2021-08-23,22.59166666666667,16.9,30.3,4.197195405906463,24,A607,2021,8,235,ago
2021-08-24,22.725,18,30.6,3.8971840446995665,24,A607,2021,8,236,ago
2021-08-25,22.520833333333332,17.5,29.3,3.8284948985738243,24,A607,2021,8,237,ago
2021-08-26,23.4875,18.6,30.9,3.840551647422768,24,A607,2021,8,238,ago
2021-08-27,22.3625,18.2,27,2.749041334878318,24,A607,2021,8,239,ago
2021-08-28,22.754166666666666,19.4,28.4,2.9336102059714255,24,A607,2021,8,240,ago
2021-08-29,22,18.1,27.6,3.3234345775574323,24,A607,2021,8,241,ago
2021-08-30,19.97083333333333,17.6,23.9,1.823870506145764,24,A607,2021,8,242,ago
2021-08-31,20.4,18.6,24,1.7077826966948795,24,A607,2021,8,243,ago
2021-09-01,20.204166666666666,19,22.8,1.1284769137769441,24,A607,2021,9,244,set
2021-09-02,21.133333333333333,18,25.5,2.8182119935483403,24,A607,2021,9,245,set
2021-09-03,21.9625,17.7,28.3,3.533788766109013,24,A607,2021,9,246,set
2021-09-04,23.954166666666666,19.3,32.2,4.3430082908616185,24,A607,2021,9,247,set
2021-09-05,23.583333333333332,20,32,3.7167852713902088,24,A607,2021,9,248,set
2021-09-06,23.52916666666667,21.1,27.8,2.343071036920983,24,A607,2021,9,249,set
2021-09-07,22.154166666666665,20.6,25.5,1.1773142488646393,24,A607,2021,9,250,set
2021-09-08,21.704166666666666,20,24.2,1.4060364169526698,24,A607,2021,9,251,set
2021-09-09,23.6875,19.4,31.1,3.6411073924670587,24,A607,2021,9,252,set
2021-09-10,24.183333333333334,22.3,28.2,1.7097334312099948,24,A607,2021,9,253,set
2021-09-11,23.366666666666667,21.7,26.4,1.5367007761312281,24,A607,2021,9,254,set
2021-09-12,23.466666666666665,19.7,29.8,3.3006806500513175,24,A607,2021,9,255,set
2021-09-13,24.4625,21.7,29.5,2.6929557867824747,24,A607,2021,9,256,set
2021-09-14,25.175,20.6,32.8,4.170210087503151,24,A607,2021,9,257,set
2021-09-15,25.766666666666666,21.3,33.3,4.208962142718865,24,A607,2021,9,258,set
2021-09-16,23.758333333333333,21.8,27.5,1.6586837806097854,24,A607,2021,9,259,set
2021-09-17,21.0375,20,22.2,0.6439095939783714,24,A607,2021,9,260,set
2021-09-18,23.225,18.6,30.1,3.8390725782237514,24,A607,2021,9,261,set
2021-09-19,23.4125,20.2,29,2.7427869831218405,24,A607,2021,9,262,set
2021-09-20,24.15,22.2,27.5,1.9190124271750235,24,A607,2021,9,263,set
2021-09-21,25.5,21.5,35.4,4.101860938390615,20,A607,2021,9,264,set
2021-09-22,21.245833333333334,17.9,24.6,1.709304248661646,24,A607,2021,9,265,set
2021-09-23,19.320833333333333,15.5,23.3,2.503559060820114,24,A607,2021,9,266,set
2021-09-24,19.55,15.7,24.5,3.1937438845342627,24,A607,2021,9,267,set
2021-09-25,21.783333333333335,16.4,27.2,3.2082321647892638,24,A607,2021,9,268,set
2021-09-26,23.629166666666666,18.5,29.5,3.29960197423959,24,A607,2021,9,269,set
2021-09-27,23.934782608695652,21,27.6,2.2398475385720857,23,A607,2021,9,270,set
2021-09-28,24.520833333333332,22.3,28.1,2.1264338725887417,24,A607,2021,9,271,set
2021-09-29,24.4875,20,30.6,3.512129602936954,24,A607,2021,9,272,set
2021-09-30,22.891666666666666,20.9,26.6,1.6802993177114158,24,A607,2021,9,273,set
2021-10-01,22.879166666666666,20.1,26.8,2.3808984724746,24,A607,2021,10,274,out
2021-10-02,25.666666666666668,22.2,32.2,3.4854563255191495,24,A607,2021,10,275,out
2021-10-03,25.379166666666666,22.4,29.7,2.314412154994958,24,A607,2021,10,276,out
2021-10-04,25.241666666666667,22.3,30.9,2.6662001403506443,24,A607,2021,10,277,out
2021-10-05,23.266666666666666,21.4,25.9,1.4663372489083921,24,A607,2021,10,278,out
2021-10-06,21.954166666666666,20.6,23.8,1.1916299274766353,24,A607,2021,10,279,out
2021-10-07,24.46666666666667,21.5,31.3,3.173486173398842,24,A607,2021,10,280,out
2021-10-08,20.466666666666665,18.1,22.7,1.403928236326068,24,A607,2021,10,281,out
2021-10-09,19.954166666666666,17.9,21.8,1.1096333772395537,24,A607,2021,10,282,out
2021-10-10,19.15,18,20.4,0.7071067811865474,24,A607,2021,10,283,out
2021-10-11,19.308333333333334,17.9,20.4,0.6412736421045006,24,A607,2021,10,284,out
2021-10-12,18.833333333333332,17.6,20.6,0.9300148043079121,24,A607,2021,10,285,out
2021-10-13,21.645833333333332,18.8,25.7,2.512746490901187,24,A607,2021,10,286,out
2021-10-14,23.4625,20.5,27.7,2.4747090298878964,24,A607,2021,10,287,out
2021-10-15,24.7125,22.6,28.9,1.9505434025464266,24,A607,2021,10,288,out
2021-10-16,25.625,22.6,31.3,2.8915544187377384,24,A607,2021,10,289,out
2021-10-17,23.170833333333334,21.1,25,1.0844670767615354,24,A607,2021,10,290,out
2021-10-18,21.720833333333335,20.2,25.8,1.390645507502265,24,A607,2021,10,291,out
2021-10-19,20.795833333333334,18.7,22.6,1.0448545422654554,24,A607,2021,10,292,out
2021-10-20,16.958333333333332,15.9,19.1,0.8816568723600526,24,A607,2021,10,293,out
2021-10-21,18.4375,16.2,22.1,2.0099345652338383,24,A607,2021,10,294,out
2021-10-22,20.3,15.8,26.1,3.4743782678093775,24,A607,2021,10,295,out
2021-10-23,22.775,19.3,27.4,3.110605980386682,24,A607,2021,10,296,out
2021-10-24,24.65,20.3,31,3.3798636453072426,24,A607,2021,10,297,out
2021-10-25,21.779166666666665,20.2,24.7,1.3650861309556757,24,A607,2021,10,298,out
2021-10-26,23.275,19.3,27.6,3.2516550969568128,24,A607,2021,10,299,out
2021-10-27,25.320833333333333,22.7,29.8,2.5715803239095685,24,A607,2021,10,300,out
2021-10-28,24.9,22,28.9,2.367534031709861,24,A607,2021,10,301,out
2021-10-29,22.479166666666668,20.2,24.5,1.1587021099964154,24,A607,2021,10,302,out
2021-10-30,21.275,19.3,24.4,1.5077336865525082,24,A607,2021,10,303,out
2021-10-31,22.7875,21.1,26.2,1.5688025064831537,24,A607,2021,10,304,out
2021-11-01,21.9875,20.7,23.3,0.8088169030186597,24,A607,2021,11,305,nov
2021-11-02,24.191666666666666,20.9,30.6,3.2093500177188345,24,A607,2021,11,306,nov
2021-11-03,23.504166666666666,20.8,27.8,2.2842521688759523,24,A607,2021,11,307,nov
2021-11-04,23.370833333333334,20.9,27.4,2.1800437105044805,24,A607,2021,11,308,nov
2021-11-05,23.225,19.5,27.4,2.4514857961439738,24,A607,2021,11,309,nov
2021-11-06,22.75,18.5,27.7,2.8181091409728585,24,A607,2021,11,310,nov
2021-11-07,22.966666666666665,18.2,28.1,3.0654692054032058,24,A607,2021,11,311,nov
2021-11-08,23.225,20.8,26.5,2.07683915351315,24,A607,2021,11,312,nov
2021-11-09,22.258333333333333,21,24.9,1.108432762239459,24,A607,2021,11,313,nov
2021-11-10,21.295833333333334,19.9,23.1,1.042354845140754,24,A607,2021,11,314,nov
2021-11-11,20.625,18.6,23.2,1.2646532434177187,24,A607,2021,11,315,nov
2021-11-12,18.720833333333335,17.6,21.4,1.1409298902617782,24,A607,2021,11,316,nov
2021-11-13,19.479166666666668,16.7,22.9,1.9814310082815674,24,A607,2021,11,317,nov
2021-11-14,20.595833333333335,16.8,24.4,2.6149202609285225,24,A607,2021,11,318,nov
2021-11-15,21.179166666666667,16.3,26.8,3.536760881969812,24,A607,2021,11,319,nov
2021-11-16,22.5375,19.4,26.2,2.3384893860558043,24,A607,2021,11,320,nov
2021-11-17,23.208333333333332,19.8,27.1,2.676129045219357,24,A607,2021,11,321,nov
2021-11-18,26.375,21.3,33.3,3.946958102244001,24,A607,2021,11,322,nov
2021-11-19,25.091666666666665,23.3,28.8,1.5202736214438413,24,A607,2021,11,323,nov
2021-11-20,22.791666666666668,21.1,24.1,0.8576594371572714,24,A607,2021,11,324,nov
2021-11-21,21.808333333333334,19.6,25.5,1.5841378581497216,24,A607,2021,11,325,nov
2021-11-22,21.570833333333333,18.4,25.2,2.2273944939960812,24,A607,2021,11,326,nov
2021-11-23,23.554166666666667,17.2,31.5,4.8254739948902765,24,A607,2021,11,327,nov
2021-11-24,24.208333333333332,19.7,29.4,3.3599840406798345,24,A607,2021,11,328,nov
2021-11-25,24.654166666666665,21.7,28.8,2.4680531258228737,24,A607,2021,11,329,nov
2021-11-26,24.254166666666666,19.6,31.2,3.9057348211000735,24,A607,2021,11,330,nov
2021-11-27,24.3125,21.7,29.2,2.301854167556158,24,A607,2021,11,331,nov
2021-11-28,24.475,20.8,31.9,3.6630054184579324,24,A607,2021,11,332,nov
2021-11-29,25.1125,20.6,32,3.779614944731114,24,A607,2021,11,333,nov
2021-11-30,26.7125,23.1,33.2,3.646119139936146,24,A607,2021,11,334,nov
2021-12-01,25.2,22.7,31.3,2.8432987577964717,24,A607,2021,12,335,dez
2021-12-02,24.795833333333334,22.7,28.6,1.929288935618885,24,A607,2021,12,336,dez
2021-12-03,23.045833333333334,20.4,25.9,1.6492367580362652,24,A607,2021,12,337,dez
2021-12-04,23.204166666666666,19.3,27.3,3.135834840186507,24,A607,2021,12,338,dez
2021-12-05,25,20.7,30.3,3.4377697522616635,24,A607,2021,12,339,dez
2021-12-06,24.945833333333333,22.1,27.8,1.8062642607631216,24,A607,2021,12,340,dez
2021-12-07,22.7375,20.6,25.9,1.6515638175614833,24,A607,2021,12,341,dez
2021-12-08,20.454166666666666,19.3,22.2,0.8161304066016105,24,A607,2021,12,342,dez
2021-12-09,21.8625,17.5,28.4,3.81903840617322,24,A607,2021,12,343,dez
2021-12-10,23.5375,18.8,28,3.2956905326435795,24,A607,2021,12,344,dez
2021-12-11,26.175,21.9,32.3,3.296275896008811,24,A607,2021,12,345,dez
2021-12-12,26.804166666666667,23,33.6,3.33655369801089,24,A607,2021,12,346,dez
2021-12-13,27.683333333333334,24.2,34.8,3.6499751835566925,24,A607,2021,12,347,dez
2021-12-14,26.75,23.8,33.3,3.0622526519455935,24,A607,2021,12,348,dez
2021-12-15,26.75,24,31.5,2.5954810226874003,24,A607,2021,12,349,dez
2021-12-16,26.370833333333334,23.6,31.9,2.3806245374703243,24,A607,2021,12,350,dez
2021-12-17,26.425,23,32.9,3.1947307160113017,24,A607,2021,12,351,dez
2021-12-18,24.175,23.2,26.7,0.9727817575520663,24,A607,2021,12,352,dez
2021-12-19,22.625,21,25.1,1.4374645553286134,24,A607,2021,12,353,dez
2021-12-20,22.741666666666667,20,25.4,2.0546694786915647,24,A607,2021,12,354,dez
2021-12-21,23.858333333333334,20.8,27.4,2.1137061345391426,24,A607,2021,12,355,dez
2021-12-22,26.125,21.4,33.5,4.262908784427346,24,A607,2021,12,356,dez
2021-12-23,24.6,23.1,28.2,1.3890879084461514,24,A607,2021,12,357,dez
2021-12-24,23.270833333333332,19.5,26.6,2.1862175329663045,24,A607,2021,12,358,dez
2021-12-25,23.729166666666668,19.4,27.9,3.07620307559804,24,A607,2021,12,359,dez
2021-12-26,24.041666666666668,18.4,30.2,4.052794705821679,24,A607,2021,12,360,dez
2021-12-27,25.9625,20.3,34.1,4.730733236668682,24,A607,2021,12,361,dez
2021-12-28,26.525,21.6,33.9,4.340531924926292,24,A607,2021,12,362,dez
2021-12-29,25.108333333333334,21.7,31.2,3.0979539765109023,24,A607,2021,12,363,dez
2021-12-30,24.27916666666667,22.2,26.8,1.6043362887924193,24,A607,2021,12,364,dez
2021-12-31,25.7125,23.5,28.7,1.6424564053509185,24,A607,2021,12,365,dez
2022-01-01,25.891666666666666,23.4,30.7,2.173139717524867,24,A607,2022,1,1,jan
2022-01-02,26.391666666666666,23.6,31.5,2.647708881059354,24,A607,2022,1,2,jan
2022-01-03,25.204166666666666,23.1,30.1,2.1587998208881403,24,A607,2022,1,3,jan
2022-01-04,25.616666666666667,22.6,30.6,2.685657018904016,24,A607,2022,1,4,jan
2022-01-05,27.341666666666665,22.4,34.3,4.1161312214121715,24,A607,2022,1,5,jan
2022-01-06,26.925,24.1,31.9,2.5396422206081803,24,A607,2022,1,6,jan
2022-01-07,25.041666666666668,23.2,29.3,1.9951934997511585,24,A607,2022,1,7,jan
2022-01-08,23.0125,21.5,25.5,0.8704384202677755,24,A607,2022,1,8,jan
2022-01-09,21.816666666666666,21.4,22.4,0.2943920288775946,24,A607,2022,1,9,jan
2022-01-10,24.383333333333333,21.1,30,3.3689976146527965,24,A607,2022,1,10,jan
2022-01-11,26.025,22.8,33.4,3.2026144211307708,24,A607,2022,1,11,jan
2022-01-12,27.645833333333332,23.4,34.5,3.8787020651430453,24,A607,2022,1,12,jan
2022-01-13,28.210526315789473,24.1,33.9,3.1196322320359964,19,A607,2022,1,13,jan
2022-01-14,26.770833333333332,23,31.6,3.073233556492839,24,A607,2022,1,14,jan
2022-01-15,25.95,22.3,30.5,3.0744387964380553,24,A607,2022,1,15,jan
2022-01-16,26.095833333333335,23.3,30.1,2.3536242481435465,24,A607,2022,1,16,jan
2022-01-17,26.491666666666667,23.2,30.7,2.8726471153407207,24,A607,2022,1,17,jan
2022-01-18,26.9375,23.3,32.2,3.103548109755223,24,A607,2022,1,18,jan
2022-01-19,27.241666666666667,23.8,31.6,2.802625580581098,24,A607,2022,1,19,jan
2022-01-20,27.066666666666666,24.2,31.6,2.6921248544382297,24,A607,2022,1,20,jan
2022-01-21,26.575,22.7,31.6,3.025435649549535,24,A607,2022,1,21,jan
2022-01-22,26.345833333333335,22.8,30.6,2.687164202142356,24,A607,2022,1,22,jan
2022-01-23,25.895833333333332,21.5,31,3.214840474325642,24,A607,2022,1,23,jan
2022-01-24,26.275,22.1,31,3.360932841521441,24,A607,2022,1,24,jan
2022-01-25,26.416666666666668,22.5,30.9,3.062631245339134,24,A607,2022,1,25,jan
2022-01-26,26.46666666666667,22.3,33.2,3.8054499438781635,24,A607,2022,1,26,jan
2022-01-27,27.2,21.6,34.6,4.464643712353862,24,A607,2022,1,27,jan
2022-01-28,28.070833333333333,22.9,36.8,4.764586680068279,24,A607,2022,1,28,jan
2022-01-29,27.02916666666667,23.1,34.6,3.985351347412025,24,A607,2022,1,29,jan
2022-01-30,26.179166666666667,22.4,33.5,3.8765716775282892,24,A607,2022,1,30,jan
2022-01-31,27.029166666666665,23,34,4.02842931595221,24,A607,2022,1,31,jan
2022-02-01,27.808333333333334,23.7,35.9,4.322028173928518,24,A607,2022,2,32,fev
2022-02-02,25.325,22.8,29.8,2.5153874280204787,24,A607,2022,2,33,fev
2022-02-03,24.570833333333333,23.2,27.4,1.4192708374883658,24,A607,2022,2,34,fev
2022-02-04,26.379166666666666,23.4,30.9,2.6239663251197256,24,A607,2022,2,35,fev
2022-02-05,26.525,22.8,31.9,2.9343912782573907,24,A607,2022,2,36,fev
2022-02-06,26.908333333333335,23.3,32.2,3.0276862548769836,24,A607,2022,2,37,fev
2022-02-07,26.729166666666668,23.1,31.8,2.9578898422423676,24,A607,2022,2,38,fev
2022-02-08,25.725,22.3,32.2,2.8132064330195554,24,A607,2022,2,39,fev
2022-02-09,21.875,18.9,25.9,2.337640951342037,24,A607,2022,2,40,fev
2022-02-10,22.666666666666668,20.5,25.8,1.8924717370048938,24,A607,2022,2,41,fev
2022-02-11,23.225,20.7,27.7,2.2010373048613476,24,A607,2022,2,42,fev
2022-02-12,24.208333333333332,22,28.8,2.1149399552925265,24,A607,2022,2,43,fev
2022-02-13,24.71666666666667,21.8,29.3,2.80258679680455,24,A607,2022,2,44,fev
2022-02-14,26.570833333333333,22.9,32.1,3.1819435087307295,24,A607,2022,2,45,fev
2022-02-15,26.05,22.6,29.7,2.011488741336063,24,A607,2022,2,46,fev
2022-02-16,25.766666666666666,23.4,29.3,1.9705807280588892,24,A607,2022,2,47,fev
2022-02-17,25.191666666666666,21.2,29.9,3.0806431664249234,24,A607,2022,2,48,fev
2022-02-18,25.404166666666665,22.7,30.9,2.420470519595701,24,A607,2022,2,49,fev
2022-02-19,24.4125,22.4,30.1,2.284220445464549,24,A607,2022,2,50,fev
2022-02-20,25.520833333333332,22.7,30.6,2.8930169549190823,24,A607,2022,2,51,fev
2022-02-21,26.854166666666668,23.6,33.6,3.1511183889929106,24,A607,2022,2,52,fev
2022-02-22,26.429166666666667,22.9,32.8,3.082415648786525,24,A607,2022,2,53,fev
2022-02-23,26.266666666666666,22.1,33.9,3.878218625882884,24,A607,2022,2,54,fev
2022-02-24,26.3875,23.1,30.6,2.647773880402012,24,A607,2022,2,55,fev
2022-02-25,26.966666666666665,23.8,31.9,2.8713981848973655,24,A607,2022,2,56,fev
2022-02-26,26.691666666666666,23.3,30.9,2.7245927763798847,24,A607,2022,2,57,fev
2022-02-27,26.3125,23.1,30.8,2.941651783843782,24,A607,2022,2,58,fev
2022-02-28,26.445833333333333,22.4,32.8,3.514192240252271,24,A607,2022,2,59,fev
2022-03-01,27.095833333333335,22.2,33.6,3.9237824660115543,24,A607,2022,3,60,mar
2022-03-02,27.370833333333334,23,34.6,3.9531472510400874,24,A607,2022,3,61,mar
2022-03-03,27.595833333333335,22.9,34.2,4.0946921280101645,24,A607,2022,3,62,mar
2022-03-04,27.483333333333334,22.6,34.6,3.9475547375301967,24,A607,2022,3,63,mar
2022-03-05,26.858333333333334,22.1,33.5,3.7523229520167747,24,A607,2022,3,64,mar
2022-03-06,26.85,22.4,32.9,3.4667363426665747,24,A607,2022,3,65,mar
2022-03-07,26.7375,22.5,32.6,3.3454462885488416,24,A607,2022,3,66,mar
2022-03-08,27.204761904761906,23,32.3,3.296737203732835,21,A607,2022,3,67,mar
2022-03-09,26.679166666666667,21.9,31.8,3.3732939864234455,24,A607,2022,3,68,mar
2022-03-10,26.425,22.2,31.7,3.2395987405850124,24,A607,2022,3,69,mar
2022-03-11,26.533333333333335,21.8,33,3.9473344519260483,24,A607,2022,3,70,mar
2022-03-12,27.470833333333335,22.2,34.6,4.04684301719218,24,A607,2022,3,71,mar
2022-03-13,27.170833333333334,23,34,3.344753083324059,24,A607,2022,3,72,mar
2022-03-14,26.958333333333332,22.8,33.3,3.505265190819521,24,A607,2022,3,73,mar
2022-03-15,27.633333333333333,22.7,34.9,3.876985232465249,24,A607,2022,3,74,mar
2022-03-16,27.079166666666666,22.7,33.2,3.4925982811687906,24,A607,2022,3,75,mar
2022-03-17,27.575,23,32.6,3.0088637173466695,24,A607,2022,3,76,mar
2022-03-18,27.291666666666668,22.7,34.3,3.547554781470785,24,A607,2022,3,77,mar
2022-03-19,26.90416666666667,21.6,33.7,3.788825579960408,24,A607,2022,3,78,mar
2022-03-20,27.120833333333334,22.1,34.1,4.036461985739348,24,A607,2022,3,79,mar
2022-03-21,23.1875,20.1,26.6,1.918403434924582,24,A607,2022,3,80,mar
2022-03-22,22.166666666666664,20.9,24.5,1.1040111320589778,24,A607,2022,3,81,mar
2022-03-23,23.7625,19.8,28.3,2.946894090836774,24,A607,2022,3,82,mar
2022-03-24,25.083333333333332,20.6,30.8,3.4068558329736622,24,A607,2022,3,83,mar
2022-03-25,26.270833333333332,21.4,33.8,4.354356056487189,24,A607,2022,3,84,mar
2022-03-26,27.616666666666667,22.9,35.9,4.168272154457191,24,A607,2022,3,85,mar
2022-03-27,27.554166666666667,22.1,34.7,4.098353769892054,24,A607,2022,3,86,mar
2022-03-28,27.0625,22.8,33.3,3.335293807539104,24,A607,2022,3,87,mar
2022-03-29,25.775,22,32.3,3.3040488995223396,24,A607,2022,3,88,mar
2022-03-30,26.658333333333335,22.5,35.4,4.292350796745163,24,A607,2022,3,89,mar
2022-03-31,26.429166666666667,22.9,33.1,3.240568813014786,24,A607,2022,3,90,mar
2022-04-01,26.379166666666666,22.2,32.4,3.328530053768567,24,A607,2022,4,91,abr
2022-04-02,26.3125,22.8,32.5,3.0546205200874184,24,A607,2022,4,92,abr
2022-04-03,25.725,22.4,31.3,2.952854183004464,24,A607,2022,4,93,abr
2022-04-04,26.3625,22.9,31.6,3.0017114683344293,24,A607,2022,4,94,abr
2022-04-05,26.9375,22.8,34.8,4.0830308968152345,24,A607,2022,4,95,abr
2022-04-06,26.4875,23.9,30.3,2.081243879740316,24,A607,2022,4,96,abr
2022-04-07,25.3,23.3,28.1,1.6818726622945965,24,A607,2022,4,97,abr
2022-04-08,25.0375,20.2,30.1,3.0471387148973195,24,A607,2022,4,98,abr
2022-04-09,26.2875,22.6,33.6,3.7215369078542992,24,A607,2022,4,99,abr
2022-04-10,25.770833333333332,21.2,30.5,2.913160418375275,24,A607,2022,4,100,abr
2022-04-11,25.3625,21.3,30.8,2.888329214645365,24,A607,2022,4,101,abr
2022-04-12,25.4375,21.1,32.3,3.5838784553342062,24,A607,2022,4,102,abr
2022-04-13,26.645833333333332,22.4,33.2,3.827018270217652,24,A607,2022,4,103,abr
2022-04-14,25.329166666666666,22.3,30.5,2.5567437114026705,24,A607,2022,4,104,abr
2022-04-15,22.529166666666665,20,25.7,1.7879984356249035,24,A607,2022,4,105,abr
2022-04-16,21.041666666666668,15.5,27.8,4.325849166868021,24,A607,2022,4,106,abr
2022-04-17,21.866666666666667,16.5,27.2,3.808419353355732,24,A607,2022,4,107,abr
2022-04-18,22.233333333333334,16.7,27.8,3.5140298514812662,24,A607,2022,4,108,abr
2022-04-19,22.65,17.4,28,3.5306114755526905,24,A607,2022,4,109,abr
2022-04-20,23.054166666666667,17.9,29.8,4.195855011241727,24,A607,2022,4,110,abr
2022-04-21,23.633333333333333,18.8,30.4,3.6110538828612815,24,A607,2022,4,111,abr
2022-04-22,24.758333333333333,19.8,32.8,4.9476315516633305,24,A607,2022,4,112,abr
2022-04-23,26.645833333333332,20.5,35,5.408606600809384,24,A607,2022,4,113,abr
2022-04-24,25.554166666666667,23.4,29.4,2.104648925937358,24,A607,2022,4,114,abr
2022-04-25,23.925,21.3,27.5,1.9715917206773512,24,A607,2022,4,115,abr
2022-04-26,23.875,19.3,30.6,4.030562588846462,24,A607,2022,4,116,abr
2022-04-27,25.304166666666667,21,31.7,3.8103382443336815,24,A607,2022,4,117,abr
2022-04-28,25.245833333333334,20.9,32,3.630783741798752,24,A607,2022,4,118,abr
2022-04-29,25.654166666666665,21,32.9,3.786702037240398,24,A607,2022,4,119,abr
2022-04-30,24.745833333333334,21,30.9,2.9534032199667797,24,A607,2022,4,120,abr
2022-05-01,24.71666666666667,20.5,31.2,3.225936556516056,24,A607,2022,5,121,mai
2022-05-02,25.945833333333333,21.2,33.6,4.3986143239677755,24,A607,2022,5,122,mai
2022-05-03,25.2375,20.3,33,4.239033164993292,24,A607,2022,5,123,mai
2022-05-04,26.041666666666668,21.4,33.3,3.900046450856782,24,A607,2022,5,124,mai
2022-05-05,23.933333333333334,22.4,25.4,0.8981462390204986,24,A607,2022,5,125,mai
2022-05-06,23.40833333333333,20.4,27,2.0884603579351624,24,A607,2022,5,126,mai
2022-05-07,22.604166666666668,17.4,27.8,3.239361070477871,24,A607,2022,5,127,mai
2022-05-08,22.4375,19.7,26.7,2.1956107400309213,24,A607,2022,5,128,mai
2022-05-09,22.1375,18.2,26.8,3.0418547688511706,24,A607,2022,5,129,mai
2022-05-10,20.5125,18.2,23.5,1.487429209130274,24,A607,2022,5,130,mai
2022-05-11,22.558333333333334,18.2,29.2,3.885414942494857,24,A607,2022,5,131,mai
2022-05-12,23.216666666666665,19.7,28.1,2.8208334671290616,24,A607,2022,5,132,mai
2022-05-13,23.3625,20.7,27.1,2.239528774192192,24,A607,2022,5,133,mai
2022-05-14,22.504166666666666,19.4,28.1,2.755465583111164,24,A607,2022,5,134,mai
2022-05-15,23.241666666666667,20.1,27.8,2.6853736954208016,24,A607,2022,5,135,mai
2022-05-16,24,20.6,28.1,2.56853874885076,24,A607,2022,5,136,mai
2022-05-17,22.870833333333334,19.8,29.2,3.0503712057311354,24,A607,2022,5,137,mai
2022-05-18,19.525,16.3,23.4,2.178002674969412,24,A607,2022,5,138,mai
2022-05-19,19.058333333333334,15.4,24.7,2.9544243412898212,24,A607,2022,5,139,mai
2022-05-20,18.575,13,25.2,4.263622668678546,24,A607,2022,5,140,mai
2022-05-21,18.570833333333333,12.7,26.2,4.775888641796475,24,A607,2022,5,141,mai
2022-05-22,19.516666666666666,15.1,26.6,4.238607920231509,24,A607,2022,5,142,mai
2022-05-23,19.708333333333332,16.3,25.2,2.941001998235157,24,A607,2022,5,143,mai
2022-05-24,20.2875,16.6,25.6,2.9518325185198604,24,A607,2022,5,144,mai
2022-05-25,21.775,17,27.2,3.2713844961635328,24,A607,2022,5,145,mai
2022-05-26,20.754166666666666,17.3,25.8,3.195646381735853,24,A607,2022,5,146,mai
2022-05-27,20.6375,14.9,27.2,4.350893211644068,24,A607,2022,5,147,mai
2022-05-28,22.258333333333333,18,28.2,3.631853840511837,24,A607,2022,5,148,mai
2022-05-29,23.420833333333334,19.7,30.1,3.5849903482577816,24,A607,2022,5,149,mai
2022-05-30,24.816666666666666,20.1,31.9,3.9751036810833393,24,A607,2022,5,150,mai
2022-05-31,22.770833333333332,18.7,28.5,3.29142220702959,24,A607,2022,5,151,mai
2022-06-01,23.225,19,30.4,3.7907496103931284,24,A607,2022,6,152,jun
2022-06-02,24.55,20.2,32.3,4.4685373543203735,24,A607,2022,6,153,jun
2022-06-03,22.666666666666668,19.6,26,1.7165857586111641,24,A607,2022,6,154,jun
2022-06-04,19.308333333333334,17.6,21.2,1.1945225230070022,24,A607,2022,6,155,jun
2022-06-05,19.245833333333334,16.7,23.9,2.3323768743618536,24,A607,2022,6,156,jun
2022-06-06,18.891666666666666,12.8,27.1,5.353090668963579,24,A607,2022,6,157,jun
2022-06-07,22.1125,16.6,30.4,5.561147246355933,24,A607,2022,6,158,jun
2022-06-08,22.379166666666666,15.8,30.5,4.847947047948249,24,A607,2022,6,159,jun
2022-06-09,22.2625,18.3,28.4,3.357770028637666,24,A607,2022,6,160,jun
2022-06-10,23.483333333333334,18.9,30.6,4.2148460868971105,24,A607,2022,6,161,jun
2022-06-11,20.370833333333334,18.5,23.3,1.2623233123600057,24,A607,2022,6,162,jun
2022-06-12,19.325,17.6,21.6,1.4546028891822647,24,A607,2022,6,163,jun
2022-06-13,20.020833333333332,16.4,24.6,2.635209614080999,24,A607,2022,6,164,jun
2022-06-14,18.758333333333333,16,23.1,2.3104519916668043,24,A607,2022,6,165,jun
2022-06-15,18.058333333333334,12.5,25.4,4.7232005238403545,24,A607,2022,6,166,jun
2022-06-16,18.85,13.7,27,4.613025037868319,24,A607,2022,6,167,jun
2022-06-17,19.658333333333335,13.8,28,4.675925080913812,24,A607,2022,6,168,jun
2022-06-18,22.754166666666666,16.8,32.4,5.929658628392985,24,A607,2022,6,169,jun
2022-06-19,20.3625,17.8,23.3,1.6072694912152425,24,A607,2022,6,170,jun
2022-06-20,19.720833333333335,15.5,24.8,3.4589492205213026,24,A607,2022,6,171,jun
2022-06-21,20.825,16.2,27.7,4.04896658849917,24,A607,2022,6,172,jun
2022-06-22,22.083333333333332,17.8,29.4,4.066904245851817,24,A607,2022,6,173,jun
2022-06-23,22.745833333333334,17.5,31,4.446687009709458,24,A607,2022,6,174,jun
2022-06-24,22.9125,17.5,30.6,4.101464478642381,24,A607,2022,6,175,jun
2022-06-25,21.479166666666668,17.3,28,2.884437880083045,24,A607,2022,6,176,jun
2022-06-26,19.008333333333333,17.3,21.2,1.2250702434755627,24,A607,2022,6,177,jun
2022-06-27,18.7375,15.3,24,2.7234588781308164,24,A607,2022,6,178,jun
2022-06-28,17.4875,11.7,24.8,4.802744912615303,24,A607,2022,6,179,jun
2022-06-29,20.495833333333334,14.6,28.9,5.160424583700257,24,A607,2022,6,180,jun
2022-06-30,20.5,16.7,25.2,2.7806786784962187,24,A607,2022,6,181,jun
2022-07-01,20.22083333333333,15.5,25.8,3.162549764745648,24,A607,2022,7,182,jul
2022-07-02,21.175,16.2,27.9,4.060333034102755,24,A607,2022,7,183,jul
2022-07-03,21.875,16.2,29.7,4.481968705631585,24,A607,2022,7,184,jul
2022-07-04,21.46666666666667,16.1,28.8,4.28746065178209,24,A607,2022,7,185,jul
2022-07-05,22.25,16.6,30.1,4.116245651181373,24,A607,2022,7,186,jul
2022-07-06,21.8625,16.7,29.5,4.327647468162772,24,A607,2022,7,187,jul
2022-07-07,21.370833333333334,16,29.3,4.250061806882206,24,A607,2022,7,188,jul
2022-07-08,21.616666666666667,16.1,29.3,4.333957591601134,24,A607,2022,7,189,jul
2022-07-09,21.008333333333333,15.7,26.7,3.6837972689658938,24,A607,2022,7,190,jul
2022-07-10,22.066666666666666,18.9,26.9,2.567805130535765,24,A607,2022,7,191,jul
2022-07-11,22.079166666666666,17.3,28.2,3.3950064566329927,24,A607,2022,7,192,jul
2022-07-12,23.345833333333335,18.8,32.1,4.05033323016296,24,A607,2022,7,193,jul
2022-07-13,21.870833333333334,17.5,27.5,3.331728780478187,24,A607,2022,7,194,jul
2022-07-14,22.470833333333335,20,26.1,1.9389551571527577,24,A607,2022,7,195,jul
2022-07-15,22.708333333333332,19.8,28.3,2.764041883950365,24,A607,2022,7,196,jul
2022-07-16,22.920833333333334,17.8,31.2,4.185168342847276,24,A607,2022,7,197,jul
2022-07-17,23.1375,17.8,32.6,4.7437659319776,24,A607,2022,7,198,jul
2022-07-18,22.52173913043478,18.7,28.1,2.97885831115625,23,A607,2022,7,199,jul
2022-07-19,21.9,17.5,28.8,3.7887705933053866,24,A607,2022,7,200,jul
2022-07-20,21.6625,18.1,26.8,3.0263785935180594,24,A607,2022,7,201,jul
2022-07-21,21.916666666666668,19.1,26.3,2.3830318041751233,24,A607,2022,7,202,jul
2022-07-22,21.8875,17.4,27.8,3.522636426216073,24,A607,2022,7,203,jul
2022-07-23,22.433333333333334,18.3,29.4,3.675851473872552,24,A607,2022,7,204,jul
2022-07-24,22.05,17.9,27.5,3.3155758893834526,24,A607,2022,7,205,jul
2022-07-25,21.2875,17.3,27.5,3.46263439544543,24,A607,2022,7,206,jul
2022-07-26,21.341666666666665,17.7,27.1,3.33361230716662,24,A607,2022,7,207,jul
2022-07-27,21.0625,17,26.9,3.502025811242501,24,A607,2022,7,208,jul
2022-07-28,21.479166666666668,15.9,30.4,4.784029515565001,24,A607,2022,7,209,jul
2022-07-29,23.025,17.2,32.6,5.4655641341354535,24,A607,2022,7,210,jul
2022-07-30,19.458333333333332,17.5,21.4,1.357080199054819,24,A607,2022,7,211,jul
2022-07-31,19.195833333333333,14.9,23.6,3.18754084941145,24,A607,2022,7,212,jul
2022-08-01,20.591666666666665,15.3,28.3,4.48600884554621,24,A607,2022,8,213,ago
2022-08-02,22.65,18.4,30.5,3.968900844445913,24,A607,2022,8,214,ago
2022-08-03,22.829166666666666,19.8,28.7,3.098453915530561,24,A607,2022,8,215,ago
2022-08-04,21.758333333333333,16.6,30.4,4.61471339414973,24,A607,2022,8,216,ago
2022-08-05,24.8,19.3,33.9,5.45016952269257,24,A607,2022,8,217,ago
2022-08-06,22.195833333333333,20.4,25.2,1.444473476111073,24,A607,2022,8,218,ago
2022-08-07,22.5,18.2,29.7,3.6485851933377518,24,A607,2022,8,219,ago
2022-08-08,22.658333333333335,18.3,27.6,2.805261619461399,24,A607,2022,8,220,ago
2022-08-09,22.8625,19.7,27.5,2.6916638623398144,24,A607,2022,8,221,ago
2022-08-10,24.645833333333332,21,31.5,3.4836236963786744,24,A607,2022,8,222,ago
2022-08-11,22.491666666666667,18.5,28.7,2.8495486548279683,24,A607,2022,8,223,ago
2022-08-12,19.708333333333332,15.9,24.3,2.6108330615652773,24,A607,2022,8,224,ago
2022-08-13,19.3375,15.2,24.8,3.446713935986237,24,A607,2022,8,225,ago
2022-08-14,19.608333333333334,14.7,25.7,3.9995561347932496,24,A607,2022,8,226,ago
2022-08-15,20.591666666666665,14.9,26.9,4.281397239084524,24,A607,2022,8,227,ago
2022-08-16,22.716666666666665,17,29.8,3.8963379313609745,24,A607,2022,8,228,ago
2022-08-17,23.254166666666666,18.8,29,3.569676537126319,24,A607,2022,8,229,ago
2022-08-18,23.866666666666667,19.2,30.5,3.2725029201390856,24,A607,2022,8,230,ago
2022-08-19,20.933333333333334,17.1,25.9,2.6664855010924455,24,A607,2022,8,231,ago
2022-08-20,17.7125,15.6,20.9,1.5638059759557075,24,A607,2022,8,232,ago
2022-08-21,18.725,15.8,22.6,2.1667948680020452,24,A607,2022,8,233,ago
2022-08-22,19.1375,16.3,22.6,2.252498612652181,24,A607,2022,8,234,ago
2022-08-23,19.466666666666665,13.9,25.4,3.581312203850605,24,A607,2022,8,235,ago
2022-08-24,20.72083333333333,18.1,26.1,2.766724506117952,24,A607,2022,8,236,ago
2022-08-25,20.9375,18.2,25.2,2.2127717224449914,24,A607,2022,8,237,ago
2022-08-26,22.725,18.8,27.8,2.9949595337325765,24,A607,2022,8,238,ago
2022-08-27,23.483333333333334,19.1,29,3.0146982928813038,24,A607,2022,8,239,ago
2022-08-28,24.1375,19.3,31.5,3.9413981738993837,24,A607,2022,8,240,ago
2022-08-29,20.275,16.4,22,1.5927143907288532,24,A607,2022,8,241,ago
2022-08-30,17.233333333333334,14.7,21.2,2.180081104727163,24,A607,2022,8,242,ago
2022-08-31,16.929166666666667,12.4,21.7,3.4161355189831055,24,A607,2022,8,243,ago
2022-09-01,18.775,13.3,25.4,4.023977050673603,24,A607,2022,9,244,set
2022-09-02,20.758333333333333,13.9,29.1,4.7116799059604935,24,A607,2022,9,245,set
2022-09-03,22.395833333333332,15.6,32.7,5.390852087739383,24,A607,2022,9,246,set
2022-09-04,20.35,18.6,22.7,1.1174505144183846,24,A607,2022,9,247,set
2022-09-05,20.075,17.9,23,1.7708386615435614,24,A607,2022,9,248,set
2022-09-06,20.5125,16.1,25.1,2.644158861898528,24,A607,2022,9,249,set
2022-09-07,19.895833333333332,14.6,25.3,3.7111441065674273,24,A607,2022,9,250,set
2022-09-08,22.1,15.7,29.2,3.8637670287135473,24,A607,2022,9,251,set
2022-09-09,23.4,18.1,32,4.531148237238116,24,A607,2022,9,252,set
2022-09-10,24.375,18,35.2,5.664477411714702,24,A607,2022,9,253,set
2022-09-11,21.166666666666668,19.6,23,1.039091018596319,24,A607,2022,9,254,set
2022-09-12,20.391666666666666,18.3,23.4,1.8158520976609607,24,A607,2022,9,255,set
2022-09-13,22.529166666666665,18.7,28.6,3.676184123536922,24,A607,2022,9,256,set
2022-09-14,23.28333333333333,18.8,29.7,3.6294288287812457,24,A607,2022,9,257,set
2022-09-15,22.666666666666668,20.3,27.8,2.5311394008759507,24,A607,2022,9,258,set
2022-09-16,18.6125,16.9,20,0.937300703454154,24,A607,2022,9,259,set
2022-09-17,17.354166666666668,15.7,19.9,1.436777543722384,24,A607,2022,9,260,set
2022-09-18,18.841666666666665,14,24.4,3.4122435137459703,24,A607,2022,9,261,set
2022-09-19,19.3,13.5,26.1,4.333790388382297,24,A607,2022,9,262,set
2022-09-20,22.0875,17,31.4,4.728113191097067,24,A607,2022,9,263,set
2022-09-21,23.033333333333335,20.2,27.5,2.3921368774758083,24,A607,2022,9,264,set
2022-09-22,23.9625,20.3,32.8,3.828475971045079,24,A607,2022,9,265,set
2022-09-23,22.375,20,27.2,2.2458173683926113,24,A607,2022,9,266,set
2022-09-24,21.104166666666668,18.3,25.9,2.653050609436594,24,A607,2022,9,267,set
2022-09-25,21.2875,17.7,24.8,2.3969749957883963,24,A607,2022,9,268,set
2022-09-26,22.954166666666666,20.2,26.6,2.4079540596994766,24,A607,2022,9,269,set
2022-09-27,24.45,21.9,30,2.8253510747608295,24,A607,2022,9,270,set
2022-09-28,23.658333333333335,20.3,28.8,2.2559904152330055,24,A607,2022,9,271,set
2022-09-29,21,20.2,23.1,0.9207747210672773,24,A607,2022,9,272,set
2022-09-30,20.270833333333332,18.4,22.5,1.1877926794164724,24,A607,2022,9,273,set
2022-10-01,20.5625,17.6,23.9,2.2323340290806177,24,A607,2022,10,274,out
2022-10-02,22.53333333333333,18.1,29.6,3.9788207414702192,24,A607,2022,10,275,out
2022-10-03,21.995833333333334,20.7,24.3,1.2199355530613853,24,A607,2022,10,276,out
2022-10-04,22.033333333333335,18.9,27.7,2.683389593433076,24,A607,2022,10,277,out
2022-10-05,21.945833333333333,20.1,24.2,1.411129417128017,24,A607,2022,10,278,out
2022-10-06,22.8875,20.1,26,1.8965214151864642,24,A607,2022,10,279,out
2022-10-07,25.541666666666668,21.6,32,3.0883957657329315,24,A607,2022,10,280,out
2022-10-08,24.683333333333334,22.2,28.4,1.8532384502872772,24,A607,2022,10,281,out
2022-10-09,24.225,20.8,30.2,3.1227426629695945,24,A607,2022,10,282,out
2022-10-10,25.2375,22,30.6,2.710496906152241,24,A607,2022,10,283,out
2022-10-11,25.504166666666666,22.2,29.8,2.607594121302101,24,A607,2022,10,284,out
2022-10-12,25.21666666666667,20.8,30.7,3.2918432350368647,24,A607,2022,10,285,out
2022-10-13,25.354166666666668,21.7,31.3,2.8676576059438363,24,A607,2022,10,286,out
2022-10-14,25.233333333333334,22.3,29.7,2.6222570209760083,24,A607,2022,10,287,out
2022-10-15,25.175,22,29.6,2.5063831554132205,24,A607,2022,10,288,out
2022-10-16,22.604166666666668,19.3,27.3,2.630007301472203,24,A607,2022,10,289,out
2022-10-17,23.525,18.9,30,3.5568977690018637,24,A607,2022,10,290,out
2022-10-18,25.141666666666666,21.4,29.6,2.65901529120097,24,A607,2022,10,291,out
2022-10-19,24.7,21.9,28,1.9484665096250524,24,A607,2022,10,292,out
2022-10-20,24.916666666666668,21.9,29.4,2.8194459317956144,24,A607,2022,10,293,out
2022-10-21,25.833333333333332,22,31.5,2.9368226940405995,24,A607,2022,10,294,out
2022-10-22,25.629166666666666,22.9,32.5,3.3013145164058333,24,A607,2022,10,295,out
2022-10-23,23.541666666666668,20.9,27.3,2.2602263577805206,24,A607,2022,10,296,out
2022-10-24,23.917391304347827,20.3,28.2,2.735565783910664,23,A607,2022,10,297,out
2022-10-25,23.552380952380954,20.8,28.2,2.458784058761372,21,A607,2022,10,298,out
2022-10-26,23.075,20.1,27.1,2.589485428151449,24,A607,2022,10,299,out
2022-10-27,25.525,21,32.3,3.6296184971402443,24,A607,2022,10,300,out
2022-10-28,26.27916666666667,21.7,34.1,3.6689033033422076,24,A607,2022,10,301,out
2022-10-29,26.95,22.8,34.3,3.7916383977286694,24,A607,2022,10,302,out
2022-10-30,26.729166666666668,23.3,33.9,3.2908937819470827,24,A607,2022,10,303,out
2022-10-31,27.15416666666667,24,34,3.482000819951789,24,A607,2022,10,304,out
2022-11-01,23.729166666666668,22.3,25.4,0.8814410960450512,24,A607,2022,11,305,nov
2022-11-02,19.8625,17,22.1,1.244749843909628,24,A607,2022,11,306,nov
2022-11-03,18.9875,17.5,20.4,1.0726136303441234,16,A607,2022,11,307,nov
2022-11-04,19.733333333333334,16.8,24.1,2.634332960149027,24,A607,2022,11,308,nov
2022-11-05,20.545833333333334,15.2,26.6,3.9008337087330966,24,A607,2022,11,309,nov
2022-11-06,21.741666666666667,16.2,27.5,3.715644559528484,24,A607,2022,11,310,nov
2022-11-07,21.933333333333334,16.6,26.8,3.526134312303744,24,A607,2022,11,311,nov
2022-11-08,22.291666666666668,19.5,26.4,2.3887265420624484,24,A607,2022,11,312,nov
2022-11-09,21.139130434782608,18.1,25.6,2.304489517606642,23,A607,2022,11,313,nov
2022-11-10,24.266666666666666,19,31.7,4.214536610421092,24,A607,2022,11,314,nov
2022-11-11,25.225,21.8,30.1,2.941199104772243,24,A607,2022,11,315,nov
2022-11-12,24.9,22.2,30,2.165540398466698,24,A607,2022,11,316,nov
2022-11-13,25.7125,21.3,31.9,3.275244763505403,24,A607,2022,11,317,nov
2022-11-14,26.366666666666667,22.8,33,2.9357861944818366,24,A607,2022,11,318,nov
2022-11-15,25.6125,21.3,30.9,3.045069071823152,24,A607,2022,11,319,nov
2022-11-16,22.666666666666668,20.6,26.3,1.8525344957573706,24,A607,2022,11,320,nov
2022-11-17,23.241666666666667,19.6,27.7,2.934934510293227,24,A607,2022,11,321,nov
2022-11-18,22.654166666666665,18.5,26.9,2.9761339332102974,24,A607,2022,11,322,nov
2022-11-19,22.533333333333335,17.5,28.5,3.7928613343291726,24,A607,2022,11,323,nov
2022-11-20,23.454166666666666,18.4,30.4,4.191915528383349,24,A607,2022,11,324,nov
2022-11-21,23.375,21.2,26.6,1.9276590894702805,24,A607,2022,11,325,nov
2022-11-22,24.1625,20.3,28.3,2.8313174840791295,24,A607,2022,11,326,nov
2022-11-23,25.025,22.7,28.7,1.8935244341197965,24,A607,2022,11,327,nov
2022-11-24,23.35,21,25.8,1.4200487532259103,14,A607,2022,11,328,nov
2022-11-25,23.629166666666666,20.4,28.3,2.638424952861851,24,A607,2022,11,329,nov
2022-11-26,24.054166666666667,19.9,28.1,2.765781463067767,24,A607,2022,11,330,nov
2022-11-27,22.554166666666667,21.4,25.1,0.9050482411676075,24,A607,2022,11,331,nov
2022-11-28,24.095833333333335,22.3,26.8,1.672404976612155,24,A607,2022,11,332,nov
2022-11-29,23.45,22.5,26.1,1.1302173703973166,24,A607,2022,11,333,nov
2022-11-30,23.436363636363637,21.7,25.7,1.0719565798533581,22,A607,2022,11,334,nov
2022-12-01,24.8375,22.2,27.3,1.2405512449328113,24,A607,2022,12,335,dez
2022-12-02,23.829166666666666,23.1,25.5,0.7086295203429284,24,A607,2022,12,336,dez
2022-12-03,23.154166666666665,21.4,25.9,1.2307576905116715,24,A607,2022,12,337,dez
2022-12-04,23.829166666666666,22.3,26.9,1.3460018627374752,24,A607,2022,12,338,dez
2022-12-05,24.934782608695652,22.5,29,2.2634665079057537,23,A607,2022,12,339,dez
2022-12-06,24.516666666666666,22.6,27.6,1.795808323912072,24,A607,2022,12,340,dez
2022-12-07,24.2,22.4,27.8,1.9531468477038925,24,A607,2022,12,341,dez
2022-12-08,24.05,21.8,27.5,1.8280424312457253,24,A607,2022,12,342,dez
2022-12-09,25.291666666666668,19.8,32.5,4.107883901101337,24,A607,2022,12,343,dez
2022-12-10,27.133333333333333,23.8,33.9,3.323783421326374,24,A607,2022,12,344,dez
2022-12-11,26.983333333333334,22.7,32,3.47358562604253,24,A607,2022,12,345,dez
2022-12-12,27.856521739130436,23.7,34.8,3.62100263449937,23,A607,2022,12,346,dez
2022-12-13,26.545833333333334,23.3,32.7,3.008969080521804,24,A607,2022,12,347,dez
2022-12-14,23.383333333333333,21.1,25.9,1.4333501852733643,24,A607,2022,12,348,dez
2022-12-15,22.975,19.5,26.8,2.314087293081227,24,A607,2022,12,349,dez
2022-12-16,23.83478260869565,19.9,30.4,3.569391174932189,23,A607,2022,12,350,dez
2022-12-17,24.954166666666666,22.2,29,2.2112320324763015,24,A607,2022,12,351,dez
2022-12-18,24.229166666666668,21.8,28.2,2.3541783698567635,24,A607,2022,12,352,dez
2022-12-19,22.870833333333334,21.7,24.7,0.7926176591668825,24,A607,2022,12,353,dez
2022-12-20,22.63478260869565,20.9,24.2,1.2145364606421865,23,A607,2022,12,354,dez
2022-12-21,24.547826086956523,21.9,29.9,2.3200449770752667,23,A607,2022,12,355,dez
2022-12-22,23.421739130434784,21.3,26.6,1.6059425218229977,23,A607,2022,12,356,dez
2022-12-23,21.8375,20.1,23.9,1.3177096401150648,24,A607,2022,12,357,dez
2022-12-24,22.75,20.1,26.7,2.1272558358844256,24,A607,2022,12,358,dez
2022-12-25,23.783333333333335,20.3,28,2.485202584108179,24,A607,2022,12,359,dez
2022-12-26,24.883333333333333,21.9,29.2,2.5121732608945635,24,A607,2022,12,360,dez
2022-12-27,25.079166666666666,22.5,29.4,2.291189014780159,24,A607,2022,12,361,dez
2022-12-28,25.75,22.7,30.4,2.7446390433462957,24,A607,2022,12,362,dez
2022-12-29,26.775,23.3,33.4,3.255663960866809,24,A607,2022,12,363,dez
2022-12-30,24.741666666666667,22.3,28.9,2.220441919717915,24,A607,2022,12,364,dez
2022-12-31,24.975,22.2,29.1,2.427424829803763,24,A607,2022,12,365,dez
2023-01-01,25.795833333333334,23.1,30.1,2.0777243334468367,24,A607,2023,1,1,jan
2023-01-02,24.883333333333333,22.3,28.7,1.7758443592854065,24,A607,2023,1,2,jan
2023-01-03,25.583333333333332,20.8,31.4,3.6490221044603963,24,A607,2023,1,3,jan
2023-01-04,26.420833333333334,22.7,33,3.703345041007336,24,A607,2023,1,4,jan
2023-01-05,25.7625,22.8,33,3.407512480439041,24,A607,2023,1,5,jan
2023-01-06,23.9125,22.5,27.5,1.4818650117481948,24,A607,2023,1,6,jan
2023-01-07,22.991666666666667,21,26.1,1.685982275080037,24,A607,2023,1,7,jan
2023-01-08,23.220833333333335,21.2,25.7,1.692946792010815,24,A607,2023,1,8,jan
2023-01-09,25.15,21.7,30.7,2.9587012426871118,24,A607,2023,1,9,jan
2023-01-10,25.304166666666667,22.6,28.7,1.6726649308855892,24,A607,2023,1,10,jan
2023-01-11,27.133333333333333,23.6,32.7,3.2464919751829875,24,A607,2023,1,11,jan
2023-01-12,25.920833333333334,23.1,33.2,3.291884509394035,24,A607,2023,1,12,jan
2023-01-13,26.8125,23,33.5,3.747383144913609,24,A607,2023,1,13,jan
2023-01-14,27.020833333333332,23.4,32.7,3.087982198454359,24,A607,2023,1,14,jan
2023-01-15,26.891666666666666,24.4,30.9,2.4284395896500515,24,A607,2023,1,15,jan
2023-01-16,26.4875,22.6,30.6,2.771330319382811,24,A607,2023,1,16,jan
2023-01-17,26.954166666666666,23.2,31.9,2.7580678754876757,24,A607,2023,1,17,jan
2023-01-18,26.570833333333333,22.9,31.1,2.7149312052564727,24,A607,2023,1,18,jan
2023-01-19,26.1,23.1,29.8,2.263894297732195,24,A607,2023,1,19,jan
2023-01-20,25.208333333333332,22.6,31.3,2.449829926069699,24,A607,2023,1,20,jan
2023-01-21,23.59583333333333,22.7,25.5,0.7898701966375438,24,A607,2023,1,21,jan
2023-01-22,26.079166666666666,21.5,32.7,3.8924653154375135,24,A607,2023,1,22,jan
2023-01-23,27.120833333333334,23.1,34.6,3.780036710963517,24,A607,2023,1,23,jan
2023-01-24,25.8,23.4,29.8,2.364593907593033,24,A607,2023,1,24,jan
2023-01-25,24.841666666666665,22.4,29.1,2.218482965151337,24,A607,2023,1,25,jan
2023-01-26,25.3625,23,28.5,1.9241740181630955,24,A607,2023,1,26,jan
2023-01-27,25.804166666666667,22.3,30.1,2.8789308351579392,24,A607,2023,1,27,jan
2023-01-28,27.3,23.8,33.3,3.2498829410356898,24,A607,2023,1,28,jan
2023-01-29,27.141666666666666,23.9,32.5,2.922761747369097,24,A607,2023,1,29,jan
2023-01-30,26.45,23.3,31.4,2.733209611904783,24,A607,2023,1,30,jan
2023-01-31,26.8875,23,31.8,2.8962213012970808,24,A607,2023,1,31,jan
2023-02-01,26.991666666666667,22.5,34,3.513194590665888,24,A607,2023,2,32,fev
2023-02-02,27.054166666666667,22.8,34.2,3.866014593942929,24,A607,2023,2,33,fev
2023-02-03,27.358333333333334,22.6,34.2,4.082403029191707,24,A607,2023,2,34,fev
2023-02-04,28.191666666666666,22.7,36.3,4.769369356421351,24,A607,2023,2,35,fev
2023-02-05,28.358333333333334,23.3,37.5,5.065734563384334,24,A607,2023,2,36,fev
2023-02-06,26.775,23.1,34.4,3.6697648307546187,24,A607,2023,2,37,fev
2023-02-07,26.820833333333333,23.5,32.3,3.038732454089407,24,A607,2023,2,38,fev
2023-02-08,24.991666666666667,21.9,29.1,2.7794144936544156,24,A607,2023,2,39,fev
2023-02-09,25.3875,21.5,31.9,3.881540763105828,24,A607,2023,2,40,fev
2023-02-10,26.670833333333334,22.6,32.4,3.371295605248969,24,A607,2023,2,41,fev
2023-02-11,27.283333333333335,23.6,32.2,2.8621467568891386,24,A607,2023,2,42,fev
2023-02-12,27.03333333333333,23.9,32.5,3.06589467283655,24,A607,2023,2,43,fev
2023-02-13,27.541666666666668,23.7,33.6,3.462207974395966,24,A607,2023,2,44,fev
2023-02-14,27.233333333333334,23.2,33.7,3.442277641666756,24,A607,2023,2,45,fev
2023-02-15,26.954166666666666,22.7,33.1,3.5657768428147074,24,A607,2023,2,46,fev
2023-02-16,27.058333333333334,24,31.7,2.5629325368424736,24,A607,2023,2,47,fev
2023-02-17,27.779166666666665,24.5,34,3.1985022536597763,24,A607,2023,2,48,fev
2023-02-18,27.1375,23.1,31.6,3.020770489101429,24,A607,2023,2,49,fev
2023-02-19,27.229166666666668,23.7,31,2.6024201389687533,24,A607,2023,2,50,fev
2023-02-20,26.995833333333334,23.4,31.8,2.898947210201702,24,A607,2023,2,51,fev
2023-02-21,27.5625,23.2,34.3,3.3385511697506565,24,A607,2023,2,52,fev
2023-02-22,26.966666666666665,23.1,32.4,3.1928815752581845,24,A607,2023,2,53,fev
2023-02-23,27.0375,23.6,31.7,2.957203805595091,24,A607,2023,2,54,fev
2023-02-24,26.558333333333334,23.1,32,3.0844514228157562,24,A607,2023,2,55,fev
2023-02-25,27.4125,22.7,34.5,3.698097336880612,24,A607,2023,2,56,fev
2023-02-26,27.970833333333335,22.8,35,3.9914560018234897,24,A607,2023,2,57,fev
2023-02-27,27.804166666666667,23.2,35.3,3.8704543230306525,24,A607,2023,2,58,fev
2023-02-28,27.52916666666667,23.4,33.6,3.266493821218398,24,A607,2023,2,59,fev
2023-03-01,27.0625,22.4,33.2,3.6017885050045075,24,A607,2023,3,60,mar
2023-03-02,27.2375,23,32.9,3.4414118058423786,24,A607,2023,3,61,mar
2023-03-03,27.47083333333333,23.4,33.6,3.4585092499347256,24,A607,2023,3,62,mar
2023-03-04,27.441666666666666,22.6,33.4,3.4107141502173337,24,A607,2023,3,63,mar
2023-03-05,26.95,22.6,32.9,3.601328257378283,24,A607,2023,3,64,mar
2023-03-06,27.666666666666668,22.4,36.9,4.389975405166982,24,A607,2023,3,65,mar
2023-03-07,27.466666666666665,23.1,32.4,3.339964418798586,24,A607,2023,3,66,mar
2023-03-08,27.070833333333333,23.1,32.5,3.062888543823307,24,A607,2023,3,67,mar
2023-03-09,27.116666666666667,23,32.6,3.105068320562741,24,A607,2023,3,68,mar
2023-03-10,27.191666666666666,22.1,33.8,3.5815853505379995,24,A607,2023,3,69,mar
2023-03-11,26.979166666666668,22.4,33.1,3.5921386589227784,24,A607,2023,3,70,mar
2023-03-12,26.754166666666666,24.4,30.6,2.2936546054877933,24,A607,2023,3,71,mar
2023-03-13,26.5625,22.8,31.1,2.7699964683700604,24,A607,2023,3,72,mar
2023-03-14,26.2875,22.6,30.7,2.485840335563216,24,A607,2023,3,73,mar
2023-03-15,25.166666666666668,22.5,30.4,2.2998424646742306,24,A607,2023,3,74,mar
2023-03-16,25.7375,22.8,29.4,2.4106308934276575,24,A607,2023,3,75,mar
2023-03-17,24.7625,21.5,29.2,2.538882414182169,24,A607,2023,3,76,mar
2023-03-18,25.633333333333333,21.3,31.4,3.302392632842024,24,A607,2023,3,77,mar
2023-03-19,26.275,21.6,32.8,3.9009753518385852,24,A607,2023,3,78,mar
2023-03-20,27.004166666666666,22.2,34.5,3.930978323485153,24,A607,2023,3,79,mar
2023-03-21,27.2625,22.5,36,3.9276956957306237,24,A607,2023,3,80,mar
2023-03-22,27.358333333333334,23.7,32.6,2.9793370529972467,24,A607,2023,3,81,mar
2023-03-23,26.35,21.6,32.5,3.2427846326749856,24,A607,2023,3,82,mar
2023-03-24,26.604166666666668,22.2,33.4,3.8973211721438323,24,A607,2023,3,83,mar
2023-03-25,26.645833333333332,22,32.6,3.6736404366746362,24,A607,2023,3,84,mar
2023-03-26,27.4625,22.6,35.2,4.260007399462853,24,A607,2023,3,85,mar
2023-03-27,26.6625,23.4,31.1,2.698761793376975,24,A607,2023,3,86,mar
2023-03-28,26.416666666666668,23,30.8,2.6417495300861025,24,A607,2023,3,87,mar
2023-03-29,26.491666666666667,22.7,31.2,3.01804956692328,24,A607,2023,3,88,mar
2023-03-30,27.366666666666667,23,35.3,3.874629482052239,24,A607,2023,3,89,mar
2023-03-31,28.15,22.1,36.8,5.219778439409257,24,A607,2023,3,90,mar
2023-04-01,27.054166666666667,22.8,34.9,3.853398180337958,24,A607,2023,4,91,abr
2023-04-02,25.7875,22,30.6,2.512804167182293,24,A607,2023,4,92,abr
2023-04-03,24.858333333333334,22.7,27.9,1.8289737361526628,24,A607,2023,4,93,abr
2023-04-04,24.09166666666667,19.9,29.8,3.380881884781038,24,A607,2023,4,94,abr
2023-04-05,24.96666666666667,20.2,32.6,4.038582044175435,24,A607,2023,4,95,abr
2023-04-06,24.954166666666666,22.2,29.4,2.438456241268174,24,A607,2023,4,96,abr
2023-04-07,25.5375,21.8,30.5,2.8910374999447788,24,A607,2023,4,97,abr
2023-04-08,25.75,22.8,32.8,3.2220706277849933,24,A607,2023,4,98,abr
2023-04-09,22.72083333333333,20.8,24.3,0.9440795686191169,24,A607,2023,4,99,abr
2023-04-10,23.3125,20.6,27.2,2.454155747865772,24,A607,2023,4,100,abr
2023-04-11,23.445833333333333,20.3,28,2.2389786426669733,24,A607,2023,4,101,abr
2023-04-12,24.004166666666666,22.2,27.2,1.8005987329500845,24,A607,2023,4,102,abr
2023-04-13,25.704166666666666,21.4,31.7,3.8355861370190545,24,A607,2023,4,103,abr
2023-04-14,26.816666666666666,23,34.2,4.106798887387752,24,A607,2023,4,104,abr
2023-04-15,25.354166666666668,22.1,32.2,3.6371248997294394,24,A607,2023,4,105,abr
2023-04-16,24.233333333333334,20.8,28.2,2.6997047610991554,24,A607,2023,4,106,abr
2023-04-17,25.0375,20.6,31.8,3.809463330912272,24,A607,2023,4,107,abr
2023-04-18,26.5875,22.9,31.6,3.3358803674722743,24,A607,2023,4,108,abr
2023-04-19,26.6375,24.1,30.4,1.924851772949306,24,A607,2023,4,109,abr
2023-04-20,24.354166666666668,22.1,28.8,2.261776748039252,24,A607,2023,4,110,abr
2023-04-21,23.054166666666667,19.4,26.6,2.2904298375151577,24,A607,2023,4,111,abr
2023-04-22,22.045833333333334,20.3,26.6,1.477653594360849,24,A607,2023,4,112,abr
2023-04-23,22.3,19.6,26.9,2.5620983248280997,24,A607,2023,4,113,abr
2023-04-24,21.916666666666668,17.2,27.4,3.7125716701226255,24,A607,2023,4,114,abr
2023-04-25,22.841666666666665,19.2,26.7,2.5527336867292516,24,A607,2023,4,115,abr
2023-04-26,24.516666666666666,20.9,29.6,2.9514427815483097,24,A607,2023,4,116,abr
2023-04-27,25.745833333333334,22.9,31.9,3.1451797718256818,24,A607,2023,4,117,abr
2023-04-28,22.670833333333334,21,25.2,1.2460299272931386,24,A607,2023,4,118,abr
2023-04-29,23.475,21.9,27.2,1.6989126957634073,24,A607,2023,4,119,abr
2023-04-30,22.675,19.9,25.8,1.5604486534327238,24,A607,2023,4,120,abr
2023-05-01,22.645833333333332,18,28.7,3.769093901799172,24,A607,2023,5,121,mai
2023-05-02,23.054166666666667,19.7,27.8,2.6340544325475106,24,A607,2023,5,122,mai
2023-05-03,23.320833333333333,19.1,29.5,3.8273590811722755,24,A607,2023,5,123,mai
2023-05-04,23.879166666666666,19.5,29.8,3.3583095083126553,24,A607,2023,5,124,mai
2023-05-05,24.4875,21.3,29.5,3.0222813870665144,24,A607,2023,5,125,mai
2023-05-06,24.333333333333332,20.3,29.4,2.7795318133544136,24,A607,2023,5,126,mai
2023-05-07,24.325,21.7,29.1,2.5198774987478365,24,A607,2023,5,127,mai
2023-05-08,23.270833333333332,21,27.8,2.2605269040774476,24,A607,2023,5,128,mai
2023-05-09,24.170833333333334,21,29.1,2.849787050269556,24,A607,2023,5,129,mai
2023-05-10,24.1875,21.1,28.6,2.738186086349549,24,A607,2023,5,130,mai
2023-05-11,22.45,20.9,25.5,1.5628847352419097,24,A607,2023,5,131,mai
2023-05-12,21.27916666666667,18.5,25.2,2.2300281079660946,24,A607,2023,5,132,mai
2023-05-13,20.716666666666665,17.5,23.4,1.7953240392188539,24,A607,2023,5,133,mai
2023-05-14,21.491666666666667,18,24.7,2.4147943771795504,24,A607,2023,5,134,mai
2023-05-15,22.6625,19.2,27.9,2.835920600470668,24,A607,2023,5,135,mai
2023-05-16,21.758333333333333,17.6,27.5,3.4536580061129976,24,A607,2023,5,136,mai
2023-05-17,20.366666666666667,15.7,26.7,3.3938136387392803,24,A607,2023,5,137,mai
2023-05-18,20.75,17.7,24.7,2.0855611277043176,24,A607,2023,5,138,mai
2023-05-19,20.083333333333332,16.3,23.9,2.7208800792752887,24,A607,2023,5,139,mai
2023-05-20,20.1125,14.4,26.9,4.401315267843979,24,A607,2023,5,140,mai
2023-05-21,20.316666666666666,17.5,25.1,2.3704093696469695,24,A607,2023,5,141,mai
2023-05-22,21.2875,17.1,26.9,3.436417813843996,24,A607,2023,5,142,mai
2023-05-23,21.0375,18.1,26.3,2.625926337587325,24,A607,2023,5,143,mai
2023-05-24,22.020833333333332,18.2,26.7,2.8943692211612873,24,A607,2023,5,144,mai
2023-05-25,21.6375,17.7,26.4,2.809736565092427,24,A607,2023,5,145,mai
2023-05-26,22.158333333333335,19.1,27.1,2.698456348853297,24,A607,2023,5,146,mai
2023-05-27,21.7125,16.8,28.5,3.942445996431988,24,A607,2023,5,147,mai
2023-05-28,22.7375,18.4,30.9,4.427464923878439,24,A607,2023,5,148,mai
2023-05-29,20.454166666666666,18.2,23.4,1.5348074986691376,24,A607,2023,5,149,mai
2023-05-30,21.316666666666666,19.1,24.8,2.0200444822193715,24,A607,2023,5,150,mai
2023-05-31,20.441666666666666,17.5,23.6,2.072578034754042,24,A607,2023,5,151,mai
2023-06-01,23.270833333333332,20.3,27.8,2.5994111652059018,24,A607,2023,6,152,jun
2023-06-02,21.525,18.4,24.9,2.0285462775100793,24,A607,2023,6,153,jun
2023-06-03,20.883333333333333,17.7,26.1,3.138216977377672,24,A607,2023,6,154,jun
2023-06-04,20.308333333333334,15.9,26.9,4.022103782920041,24,A607,2023,6,155,jun
2023-06-05,21.233333333333334,15.4,28.4,4.514292921345506,24,A607,2023,6,156,jun
2023-06-06,21.2375,17.3,27.2,3.4443163643009482,24,A607,2023,6,157,jun
2023-06-07,20.025,14.2,27.6,4.865249446216818,24,A607,2023,6,158,jun
2023-06-08,20.608333333333334,15.7,27.7,4.313368165081232,24,A607,2023,6,159,jun
2023-06-09,20.96666666666667,16,28.7,4.249467144771537,24,A607,2023,6,160,jun
2023-06-10,22.345833333333335,17.3,29.8,4.648981110127126,24,A607,2023,6,161,jun
2023-06-11,23.516666666666666,17.7,31.3,4.7228092843382825,24,A607,2023,6,162,jun
2023-06-12,23.558333333333334,18.1,31.7,4.641393781170055,24,A607,2023,6,163,jun
2023-06-13,23.416666666666668,20.6,28.1,2.209400207151778,24,A607,2023,6,164,jun
2023-06-14,23.3375,19.2,28.9,2.9858816336946084,24,A607,2023,6,165,jun
2023-06-15,22.883333333333333,19.7,27.2,2.729973190928513,24,A607,2023,6,166,jun
2023-06-16,23.9125,20.9,29.5,2.9278739132985065,24,A607,2023,6,167,jun
2023-06-17,21.916666666666668,20.2,24.2,1.0503277611284496,24,A607,2023,6,168,jun
2023-06-18,20.2875,16.1,25.4,3.0870434004920853,24,A607,2023,6,169,jun
2023-06-19,20.787499999999998,17.9,25.9,2.4846157081913707,24,A607,2023,6,170,jun
2023-06-20,19.579166666666666,15.2,25.4,3.5723551075575832,24,A607,2023,6,171,jun
2023-06-21,18.441666666666666,13.7,25.1,4.083148472597508,24,A607,2023,6,172,jun
2023-06-22,19.6625,14.2,26.9,4.398795536725143,24,A607,2023,6,173,jun
2023-06-23,20.108333333333334,15,27.7,4.3336817028306625,24,A607,2023,6,174,jun
2023-06-24,21.729166666666668,17.2,29.1,4.103495770222249,24,A607,2023,6,175,jun
2023-06-25,21.658333333333335,17.2,29,3.713069358087863,24,A607,2023,6,176,jun
2023-06-26,22.358333333333334,18,29.2,3.5616211094859924,24,A607,2023,6,177,jun
2023-06-27,22.34166666666667,17.7,28.6,3.6614224684886643,24,A607,2023,6,178,jun
2023-06-28,22.495833333333334,17.8,30.8,4.347060892809888,24,A607,2023,6,179,jun
2023-06-29,21.475,16.3,28.2,4.238154848721214,24,A607,2023,6,180,jun
2023-06-30,20.883333333333333,18.9,24,1.463369152115186,24,A607,2023,6,181,jun
2023-07-01,19.425,16.1,24,2.589149600191907,24,A607,2023,7,182,jul
2023-07-02,19.9125,15.9,25.7,3.5855158503405726,24,A607,2023,7,183,jul
2023-07-03,18.875,16.9,20.8,1.2567210613684157,24,A607,2023,7,184,jul
2023-07-04,16.920833333333334,13.4,20.7,2.1711505999207494,24,A607,2023,7,185,jul
2023-07-05,18.258333333333333,14.1,23.2,3.1356181925220676,24,A607,2023,7,186,jul
2023-07-06,19.029166666666665,14.1,26.5,4.300099004589936,24,A607,2023,7,187,jul
2023-07-07,20.008333333333333,14.2,27.5,4.81663030927555,24,A607,2023,7,188,jul
2023-07-08,20.495833333333334,14.5,29.8,5.144053482603389,24,A607,2023,7,189,jul
2023-07-09,22.2625,18.6,26.9,2.895845975366003,24,A607,2023,7,190,jul
2023-07-10,21.958333333333332,19.6,26.8,2.2646463716010494,24,A607,2023,7,191,jul
2023-07-11,23.420833333333334,18.9,32.1,4.620086500852805,24,A607,2023,7,192,jul
2023-07-12,22.854166666666668,19.3,29.9,3.503784186160501,24,A607,2023,7,193,jul
2023-07-13,25.72083333333333,19.7,34.8,5.7709903578281025,24,A607,2023,7,194,jul
2023-07-14,21.095833333333335,18.4,26.3,1.9516947299310363,24,A607,2023,7,195,jul
2023-07-15,19.041666666666668,16.1,22.8,2.518611879012217,24,A607,2023,7,196,jul
2023-07-16,21.25,16,28.3,4.248273306527786,24,A607,2023,7,197,jul
2023-07-17,21.945833333333333,17.7,27.4,3.4372611906507227,24,A607,2023,7,198,jul
2023-07-18,22.229166666666668,17.5,30,3.7954754719232495,24,A607,2023,7,199,jul
2023-07-19,21.02916666666667,19.4,23.7,1.3569400251610453,24,A607,2023,7,200,jul
2023-07-20,19.079166666666666,17.6,20.6,0.9850972879196584,24,A607,2023,7,201,jul
2023-07-21,19.895833333333332,17.4,23.7,2.0554231906723306,24,A607,2023,7,202,jul
2023-07-22,19.5625,16.2,23.3,2.2305804469767017,24,A607,2023,7,203,jul
2023-07-23,20.8625,19.3,23.1,1.3167194082263687,24,A607,2023,7,204,jul
2023-07-24,22.075,18,27.4,2.8888466180482295,24,A607,2023,7,205,jul
2023-07-25,21.5125,17.4,27.5,3.5183138871760224,24,A607,2023,7,206,jul
2023-07-26,21.995833333333334,19.5,25.6,1.8317203048943687,24,A607,2023,7,207,jul
2023-07-27,22.875,20,28.4,2.8230803404606912,24,A607,2023,7,208,jul
2023-07-28,22.420833333333334,18.9,27.6,3.0213701422089754,24,A607,2023,7,209,jul
2023-07-29,20.85,18.1,25.1,1.6587056242221183,24,A607,2023,7,210,jul
2023-07-30,18.504166666666666,17.3,20.8,0.9443098085335944,24,A607,2023,7,211,jul
2023-07-31,19.933333333333334,17.2,24.6,2.479422560170827,24,A607,2023,7,212,jul
2023-08-01,20.65416666666667,17.1,26.3,3.100908585877857,24,A607,2023,8,213,ago
2023-08-02,20.620833333333334,16.6,26.9,3.5266660159995014,24,A607,2023,8,214,ago
2023-08-03,21.875,16.1,31.6,5.547051704166426,24,A607,2023,8,215,ago
2023-08-04,20.6125,14.7,25.6,3.612696511880914,24,A607,2023,8,216,ago
2023-08-05,20.6125,16,27.8,4.002750413099125,24,A607,2023,8,217,ago
2023-08-06,22.445833333333333,18.9,28,2.954139198784834,24,A607,2023,8,218,ago
2023-08-07,22.8875,17.6,30.1,4.364711504983935,24,A607,2023,8,219,ago
2023-08-08,21.895833333333332,17.5,27.8,3.3060523111496547,24,A607,2023,8,220,ago
2023-08-09,21.854166666666668,20.2,23.7,0.9999909419879615,24,A607,2023,8,221,ago
2023-08-10,22.545833333333334,19.7,26.7,2.1779486093403433,24,A607,2023,8,222,ago
2023-08-11,23.445833333333333,19.2,30.6,3.7463001071395263,24,A607,2023,8,223,ago
2023-08-12,23.6,18,31.6,4.241923271757548,24,A607,2023,8,224,ago
2023-08-13,22.3625,18,26.6,2.5087347408604206,24,A607,2023,8,225,ago
2023-08-14,21.1875,20,23.5,0.8719356278593245,24,A607,2023,8,226,ago
2023-08-15,22.133333333333333,20.3,24.2,1.4067126855581222,24,A607,2023,8,227,ago
2023-08-16,22.34166666666667,20.6,25.2,1.5185567137099694,24,A607,2023,8,228,ago
2023-08-17,21.6875,17.7,27,3.015800780526805,24,A607,2023,8,229,ago
2023-08-18,22.633333333333333,17.3,30.9,4.573046426966208,24,A607,2023,8,230,ago
2023-08-19,24.329166666666666,18.9,32.2,4.521492555289263,24,A607,2023,8,231,ago
2023-08-20,22.908333333333335,20.4,26.8,2.3854480331460968,24,A607,2023,8,232,ago
2023-08-21,23.1125,20.2,29,3.037349030064669,24,A607,2023,8,233,ago
2023-08-22,23.5125,17.3,31.8,4.8357646308745625,24,A607,2023,8,234,ago
2023-08-23,25.3625,20.4,34.1,4.7663505773376516,24,A607,2023,8,235,ago
2023-08-24,26.804166666666667,20.7,36,5.659964600186322,24,A607,2023,8,236,ago
2023-08-25,25.383333333333333,23,29.4,1.8681929577900223,24,A607,2023,8,237,ago
2023-08-26,20.495833333333334,17.5,23,1.7654853173552876,24,A607,2023,8,238,ago
2023-08-27,17.2,16.7,18,0.3599516875794646,24,A607,2023,8,239,ago
2023-08-28,17.125,16.7,17.9,0.2893020085894896,24,A607,2023,8,240,ago
2023-08-29,19.558333333333334,17,22.9,2.2734606194974645,24,A607,2023,8,241,ago
2023-08-30,22.358333333333334,20.2,26.6,2.160699698802635,24,A607,2023,8,242,ago
2023-08-31,21.875,17.5,26.1,2.6022147757497716,24,A607,2023,8,243,ago
2023-09-01,21.7,17.8,26.8,2.8659925058307922,24,A607,2023,9,244,set
2023-09-02,22.96666666666667,20.6,26.3,1.7422291235198029,24,A607,2023,9,245,set
2023-09-03,23.545833333333334,19.3,28.8,2.8594586241434596,24,A607,2023,9,246,set
2023-09-04,24.054166666666667,20.5,30.3,2.968088122251305,24,A607,2023,9,247,set
2023-09-05,25.333333333333332,20.9,33,3.9398374129625844,24,A607,2023,9,248,set
2023-09-06,22.054166666666667,20.4,23.6,0.8086376985623611,24,A607,2023,9,249,set
2023-09-07,21.329166666666666,19,25.1,2.251082670273528,24,A607,2023,9,250,set
2023-09-08,21.995833333333334,17.8,27.3,3.260365299174001,24,A607,2023,9,251,set
2023-09-09,23.1,17.3,30.7,4.178204315773443,24,A607,2023,9,252,set
2023-09-10,23.541666666666668,18.9,30.8,3.9073972952834484,24,A607,2023,9,253,set
2023-09-11,22.995833333333334,19.1,29.5,3.508682295289125,24,A607,2023,9,254,set
2023-09-12,23.891666666666666,20.4,28.1,2.574611269377534,24,A607,2023,9,255,set
2023-09-13,24.166666666666668,19.3,30.7,3.5458078942870555,24,A607,2023,9,256,set
2023-09-14,26.025,20.9,33.5,4.654147285649836,24,A607,2023,9,257,set
2023-09-15,19.895833333333332,18.8,23.9,1.0609590274704364,24,A607,2023,9,258,set
2023-09-16,21.633333333333333,17.3,26.7,3.1476239025468176,24,A607,2023,9,259,set
2023-09-17,24.154166666666665,20.1,30,3.326439429083644,24,A607,2023,9,260,set
2023-09-18,23.9375,20.8,29.9,3.0397100119126064,24,A607,2023,9,261,set
2023-09-19,23.854166666666668,19.1,29.7,3.3705862174517,24,A607,2023,9,262,set
2023-09-20,24.0375,19.7,29.8,3.114176909889186,24,A607,2023,9,263,set
2023-09-21,24.1875,21.9,27.7,2.239237544926553,24,A607,2023,9,264,set
2023-09-22,24.025,19.1,30.9,3.636559530296638,24,A607,2023,9,265,set
2023-09-23,23.758333333333333,19.7,29.8,3.298473516072531,24,A607,2023,9,266,set
2023-09-24,26.108333333333334,20.7,34.9,4.747440195073246,24,A607,2023,9,267,set
2023-09-25,25.09583333333333,21.3,30.7,3.289836677149618,24,A607,2023,9,268,set
2023-09-26,25.254166666666666,22.6,30.7,2.66098693143641,24,A607,2023,9,269,set
2023-09-27,27.454166666666666,22.8,35.1,4.287897951278659,24,A607,2023,9,270,set
2023-09-28,23.983333333333334,21.4,26.8,1.4318327163241633,24,A607,2023,9,271,set
2023-09-29,21.1625,19.3,23.5,1.3755038602509326,24,A607,2023,9,272,set
2023-09-30,20.925,18.9,22.9,1.3559049601168829,24,A607,2023,9,273,set
2023-10-01,21.53333333333333,19.9,23.3,0.9101680048768191,24,A607,2023,10,274,out
2023-10-02,21.9875,19.4,25.7,1.9852307937234468,24,A607,2023,10,275,out
2023-10-03,22.170833333333334,20.8,24.8,1.178606091465923,24,A607,2023,10,276,out
2023-10-04,24.181818181818183,20.8,30.6,3.3062187240232994,22,A607,2023,10,277,out
2023-10-05,24.516666666666666,23,26.8,1.227109245930971,24,A607,2023,10,278,out
2023-10-06,26.208333333333332,23,32.7,3.106223299829843,24,A607,2023,10,279,out
2023-10-07,26.429166666666667,23,32.5,3.5888085908068814,24,A607,2023,10,280,out
2023-10-08,26.256521739130434,23.6,32.6,3.0444922082876333,23,A607,2023,10,281,out
2023-10-09,26.016666666666666,21.9,32.9,3.721928750418042,24,A607,2023,10,282,out
2023-10-10,23.416666666666668,22,25.5,1.1169316146855448,24,A607,2023,10,283,out
2023-10-11,23.6,19.9,28.5,2.661480464115708,24,A607,2023,10,284,out
2023-10-12,25.454166666666666,21.2,32.1,3.8728687453670023,24,A607,2023,10,285,out
2023-10-13,25.34166666666667,23.1,28.4,1.7505071728841444,24,A607,2023,10,286,out
2023-10-14,22.156521739130437,20.6,25.1,1.2048485710044163,23,A607,2023,10,287,out
2023-10-15,22.491666666666667,20.3,25.2,1.9779032962395717,24,A607,2023,10,288,out
2023-10-16,24.420833333333334,22.1,28.4,2.059543885061144,24,A607,2023,10,289,out
2023-10-17,26.425,22.4,33.6,3.4574745747123883,24,A607,2023,10,290,out
2023-10-18,25.258333333333333,22.9,28.6,1.9374830527543059,24,A607,2023,10,291,out
2023-10-19,22.583333333333332,20.5,25.5,1.3402357568942753,24,A607,2023,10,292,out
2023-10-20,20.958333333333332,19.3,23.1,1.0798215096735309,24,A607,2023,10,293,out
2023-10-21,20.75,19.4,22.7,1.0737986209065782,24,A607,2023,10,294,out
2023-10-22,21.645833333333332,19.6,24,1.4989791212011934,24,A607,2023,10,295,out
2023-10-23,23.154166666666665,20.2,27.5,2.3237861097910817,24,A607,2023,10,296,out
2023-10-24,24.695833333333333,18.4,33.3,4.92230762131346,24,A607,2023,10,297,out
2023-10-25,24.229166666666668,22.9,28.6,1.3744498240534577,24,A607,2023,10,298,out
2023-10-26,24.0625,20.9,27.5,2.1825020543842117,24,A607,2023,10,299,out
2023-10-27,23.15,21.7,25.4,1.1865184730784943,24,A607,2023,10,300,out
2023-10-28,25.079166666666666,22.8,28.1,1.9938992095818224,24,A607,2023,10,301,out
2023-10-29,27.070833333333333,24,33.2,3.0647333619272894,24,A607,2023,10,302,out
2023-10-30,27.420833333333334,23.6,35.2,3.822129973749177,24,A607,2023,10,303,out
2023-10-31,27.158333333333335,23.2,34.5,3.7002839687347464,24,A607,2023,10,304,out
2023-11-01,25.641666666666666,23.2,29.4,1.7648541426779538,24,A607,2023,11,305,nov
2023-11-02,24.0375,22.2,27,1.6735311535012218,24,A607,2023,11,306,nov
2023-11-03,25.770833333333332,21.8,31.2,3.397630781520592,24,A607,2023,11,307,nov
2023-11-04,26.075,23.4,30.6,2.3785728274854594,24,A607,2023,11,308,nov
2023-11-05,24.2125,22.2,28.1,1.9744702096247624,24,A607,2023,11,309,nov
2023-11-06,23.09583333333333,19.2,27.7,2.694031917222677,24,A607,2023,11,310,nov
2023-11-07,22.791666666666668,18.4,27.9,2.9414454693696706,24,A607,2023,11,311,nov
2023-11-08,23.45,17.5,29.3,3.611936732076261,24,A607,2023,11,312,nov
2023-11-09,24.704166666666666,18.9,33.7,4.969863891642232,24,A607,2023,11,313,nov
2023-11-10,26.2375,20.7,33.5,4.79354751995711,24,A607,2023,11,314,nov
2023-11-11,26.383333333333333,22.1,33.9,4.01439439004697,24,A607,2023,11,315,nov
2023-11-12,29.704166666666666,23.1,40,6.260120791074289,24,A607,2023,11,316,nov
2023-11-13,28.816666666666666,23.2,38.6,4.962701461613568,24,A607,2023,11,317,nov
2023-11-14,28.037499999999998,23.3,35.4,4.186501341007891,24,A607,2023,11,318,nov
2023-11-15,27.491666666666667,24.4,33.8,3.1716017989360665,24,A607,2023,11,319,nov
2023-11-16,27.7,23.4,35.4,4.003259541488878,24,A607,2023,11,320,nov
2023-11-17,28.4625,23.4,35.8,4.637260482505667,24,A607,2023,11,321,nov
2023-11-18,28.045833333333334,23.5,34.5,4.058697495788377,24,A607,2023,11,322,nov
2023-11-19,26.691666666666666,24.6,31.3,2.0233241410387377,24,A607,2023,11,323,nov
2023-11-20,24.991666666666667,22.8,28.1,1.581115914862628,24,A607,2023,11,324,nov
2023-11-21,25.8875,22.9,30.9,2.727526750357005,24,A607,2023,11,325,nov
2023-11-22,27.179166666666667,22.7,33.2,3.6619048460397323,24,A607,2023,11,326,nov
2023-11-23,27.53333333333333,20.9,36.7,5.182551551090461,24,A607,2023,11,327,nov
2023-11-24,25.308333333333334,22.8,28.1,1.4960576211486984,24,A607,2023,11,328,nov
2023-11-25,23.316666666666666,21.1,27,1.8494809299219408,24,A607,2023,11,329,nov
2023-11-26,22.641666666666666,19.7,25.5,2.1378405737661033,24,A607,2023,11,330,nov
2023-11-27,24.95,22,28.7,2.3867387245214826,24,A607,2023,11,331,nov
2023-11-28,26.091666666666665,23,30.1,2.288898855566688,24,A607,2023,11,332,nov
2023-11-29,26.758333333333333,23.8,32.3,2.7769104926262873,24,A607,2023,11,333,nov
2023-11-30,26.795833333333334,23.3,34.6,3.810452348665349,24,A607,2023,11,334,nov
2023-12-01,25.616666666666667,22.2,34.2,3.654498914877467,24,A607,2023,12,335,dez
2023-12-02,26.570833333333333,22.7,33,3.4597661603145915,24,A607,2023,12,336,dez
2023-12-03,27.216666666666665,22.9,34.3,3.803392840800077,24,A607,2023,12,337,dez
2023-12-04,28.033333333333335,23.6,35,3.828232270753772,24,A607,2023,12,338,dez
2023-12-05,27.183333333333334,23.8,32.4,2.924509125167573,24,A607,2023,12,339,dez
2023-12-06,27.395833333333332,23.6,31.8,2.8005401911629195,24,A607,2023,12,340,dez
2023-12-07,28.054166666666667,23.1,34.5,3.987260055931039,24,A607,2023,12,341,dez
2023-12-08,27.775,23.6,33.9,3.906210217188722,24,A607,2023,12,342,dez
2023-12-09,24.5,22.8,25.8,0.8324923292504681,24,A607,2023,12,343,dez
2023-12-10,23.520833333333332,21.1,27,1.765362179041005,24,A607,2023,12,344,dez
2023-12-11,25.125,20.6,31.6,3.7615040932422583,24,A607,2023,12,345,dez
2023-12-12,24.879166666666666,22.3,27.6,1.4467291945346372,24,A607,2023,12,346,dez
2023-12-13,24.504166666666666,19.2,29,3.120964060457388,24,A607,2023,12,347,dez
2023-12-14,26.52916666666667,22,32.2,3.5896565376050975,24,A607,2023,12,348,dez
2023-12-15,27.45,22.5,32.5,3.30111970463778,24,A607,2023,12,349,dez
2023-12-16,27.275,23.5,32.1,2.8346075566116733,24,A607,2023,12,350,dez
2023-12-17,27.266666666666666,23.4,32.6,3.2772823665569204,24,A607,2023,12,351,dez
2023-12-18,26.933333333333334,22.9,31.5,2.7943524826158654,24,A607,2023,12,352,dez
2023-12-19,26.59166666666667,22.8,30.7,2.650170899602788,24,A607,2023,12,353,dez
2023-12-20,25.941666666666666,21.7,32.1,2.9610392809262773,24,A607,2023,12,354,dez
2023-12-21,27.008333333333333,22.6,34.6,3.953195368709774,24,A607,2023,12,355,dez
2023-12-22,29.041666666666668,23.5,37.4,4.864057768058937,24,A607,2023,12,356,dez
2023-12-23,27.241666666666667,23.2,35.6,3.960447566568232,24,A607,2023,12,357,dez
2023-12-24,27.870833333333334,24,34.7,3.745893887244105,24,A607,2023,12,358,dez
2023-12-25,29.045833333333334,24.5,36.5,4.072813274754257,24,A607,2023,12,359,dez
2023-12-26,27.4875,23.9,35.7,3.724923401605205,24,A607,2023,12,360,dez
2023-12-27,23.945833333333333,22.1,25.6,0.8433778701650039,24,A607,2023,12,361,dez
2023-12-28,25.233333333333334,21.8,29.9,3.0531048582324054,24,A607,2023,12,362,dez
2023-12-29,26.829166666666666,22,33.6,4.22965505497292,24,A607,2023,12,363,dez
2023-12-30,28.129166666666666,24.4,35.1,3.489547020144177,24,A607,2023,12,364,dez
2023-12-31,23.614285714285714,23,25.3,0.7690439333539872,7,A607,2023,12,365,dez
2024-01-01,22.020833333333332,20.7,23.5,0.7276998704474771,24,A607,2024,1,1,jan
2024-01-02,24.329166666666666,21.6,27.6,2.527153264681113,24,A607,2024,1,2,jan
2024-01-03,25.604166666666668,23.9,28.8,1.5195763616352356,24,A607,2024,1,3,jan
2024-01-04,24.429166666666667,23.8,25.1,0.3495079356773596,24,A607,2024,1,4,jan
2024-01-05,25.55,22.3,29.8,2.6732165936417758,24,A607,2024,1,5,jan
2024-01-06,26.170833333333334,21.9,31.1,2.956860727582353,24,A607,2024,1,6,jan
2024-01-07,26.59166666666667,23.6,31.3,2.7085880593701064,24,A607,2024,1,7,jan
2024-01-08,27.5625,23.4,33.8,3.710831677552949,24,A607,2024,1,8,jan
2024-01-09,27.84583333333333,23.9,35.9,4.1122277012182415,24,A607,2024,1,9,jan
2024-01-10,27.675,23.9,33.3,3.450425304597782,24,A607,2024,1,10,jan
2024-01-11,27.791666666666668,23.5,32.3,3.0642279212916237,24,A607,2024,1,11,jan
2024-01-12,28.429166666666667,24.3,34.5,3.7199204253605336,24,A607,2024,1,12,jan
2024-01-13,26.916666666666668,24.4,31.2,2.0230555165858415,24,A607,2024,1,13,jan
2024-01-14,26.916666666666668,23.9,32.1,2.5008983893039693,24,A607,2024,1,14,jan
2024-01-15,27.941666666666666,23.7,35.1,3.748613270167431,24,A607,2024,1,15,jan
2024-01-16,28.558333333333334,24.3,35.1,3.899377505132868,24,A607,2024,1,16,jan
2024-01-17,28.45,23.8,35.1,3.931588903274073,24,A607,2024,1,17,jan
2024-01-18,27.858333333333334,22.8,34,3.926821556454009,24,A607,2024,1,18,jan
2024-01-19,27.854166666666668,23.7,33,2.9511941822674554,24,A607,2024,1,19,jan
2024-01-20,30.4875,25.4,38.2,4.480907565292511,24,A607,2024,1,20,jan
2024-01-21,26.525,24.5,31.5,1.8893868340537496,24,A607,2024,1,21,jan
2024-01-22,25.366666666666667,23,28.4,1.749451259722581,24,A607,2024,1,22,jan
2024-01-23,24.591666666666665,21.4,29.3,2.254062355270873,24,A607,2024,1,23,jan
2024-01-24,22.491666666666667,20,26,2.108351234385825,24,A607,2024,1,24,jan
2024-01-25,24.90416666666667,22.1,30.1,2.916591096329481,24,A607,2024,1,25,jan
2024-01-26,25.825,23.3,29.7,2.4117916847096854,24,A607,2024,1,26,jan
2024-01-27,25.495833333333334,23.1,29,2.011808437303561,24,A607,2024,1,27,jan
2024-01-28,25.708333333333332,22.8,30.3,2.478940283172677,24,A607,2024,1,28,jan
2024-01-29,26.525,22,33.8,3.3518651524188736,24,A607,2024,1,29,jan
2024-01-30,28.05,23.6,35.5,3.967366884975474,24,A607,2024,1,30,jan
2024-01-31,27.0375,24.8,30.6,1.9555522960556937,24,A607,2024,1,31,jan
2024-02-01,26.833333333333332,23.1,32.6,2.9736036791374385,24,A607,2024,2,32,fev
2024-02-02,26.979166666666668,23.7,32,2.896621595353226,24,A607,2024,2,33,fev
2024-02-03,27.21666666666667,23.1,32.6,3.145136572228783,24,A607,2024,2,34,fev
2024-02-04,27.425,24.7,31.5,2.2361165871448536,24,A607,2024,2,35,fev
2024-02-05,27.429166666666667,23.6,32.7,3.0073069227360603,24,A607,2024,2,36,fev
2024-02-06,27.28333333333333,22.9,33.7,3.232130360407307,24,A607,2024,2,37,fev
2024-02-07,26.629166666666666,22.8,33.8,3.621491305437902,24,A607,2024,2,38,fev
2024-02-08,27.175,24.2,33.3,2.836907379217881,24,A607,2024,2,39,fev
2024-02-09,27.3375,23.4,33.1,3.5296030691972935,24,A607,2024,2,40,fev
2024-02-10,25.945833333333333,22.8,30.3,2.454982363642782,24,A607,2024,2,41,fev
2024-02-11,27.1,23,33.2,3.5989128793350194,24,A607,2024,2,42,fev
2024-02-12,28.15416666666667,23.8,34.7,3.3837179405868447,24,A607,2024,2,43,fev
2024-02-13,28.366666666666667,23.1,36.1,4.303958407212423,24,A607,2024,2,44,fev
2024-02-14,28.670833333333334,24,35.6,4.234175569532184,24,A607,2024,2,45,fev
2024-02-15,25.220833333333335,23.7,29.1,1.7123538761311725,24,A607,2024,2,46,fev
2024-02-16,26.6,23.2,32.7,3.2134229345857577,24,A607,2024,2,47,fev
2024-02-17,27.5125,23.9,32.9,3.141076041049018,24,A607,2024,2,48,fev
2024-02-18,27.016666666666666,24.1,32.9,2.8383502046185156,24,A607,2024,2,49,fev
2024-02-19,25.491666666666667,22.6,33,3.3001866438215237,24,A607,2024,2,50,fev
2024-02-20,26.291666666666668,22.4,31.8,3.4229299255699526,24,A607,2024,2,51,fev
2024-02-21,25.245833333333334,23.5,27.4,1.291436398362108,24,A607,2024,2,52,fev
2024-02-22,25.4125,23.9,27.9,1.307607340344088,24,A607,2024,2,53,fev
2024-02-23,27.229166666666668,24.2,32.8,2.8577095064384,24,A607,2024,2,54,fev
2024-02-24,27.925,24.3,34.2,3.4500472586555277,24,A607,2024,2,55,fev
2024-02-25,27.1125,23.3,33.3,3.3820899764340466,24,A607,2024,2,56,fev
2024-02-26,27.3125,24,32.1,3.0871842383860293,24,A607,2024,2,57,fev
2024-02-27,26.9,22.9,32.2,3.482877371170093,24,A607,2024,2,58,fev
2024-02-28,28.291666666666668,23.3,36.9,4.909699066901783,24,A607,2024,2,59,fev
2024-02-29,27.3875,24.6,34,2.9251997330542863,24,A607,2024,2,60,fev
2024-03-01,27.425,24.1,34,2.9745660991581397,24,A607,2024,3,61,mar
2024-03-02,26.1125,22.9,29.7,2.2668331673715323,24,A607,2024,3,62,mar
2024-03-03,25.441666666666666,20.2,32.1,3.895807854679144,24,A607,2024,3,63,mar
2024-03-04,26.404166666666665,22.2,33,3.7360149853840916,24,A607,2024,3,64,mar
2024-03-05,28.720833333333335,23.1,35.9,4.598296392159266,24,A607,2024,3,65,mar
2024-03-06,26.966666666666665,23.6,32.1,2.2404709649820362,24,A607,2024,3,66,mar
2024-03-07,25.891666666666666,23.3,29.6,2.168934153523071,24,A607,2024,3,67,mar
2024-03-08,27.275,24.8,31.5,2.0995341098112386,24,A607,2024,3,68,mar
2024-03-09,27.3875,24.1,33,2.384061660276428,24,A607,2024,3,69,mar
2024-03-10,26.854166666666668,24.9,31.6,1.9334535819675602,24,A607,2024,3,70,mar
2024-03-11,27.254166666666666,23.6,31.8,2.5210382896677737,24,A607,2024,3,71,mar
2024-03-12,26.358333333333334,23.2,29.9,2.1130889540045947,24,A607,2024,3,72,mar
2024-03-13,26.0375,23,30.7,2.484528211709943,24,A607,2024,3,73,mar
2024-03-14,26.070833333333333,21.9,31.2,3.237481464330577,24,A607,2024,3,74,mar
2024-03-15,27.579166666666666,23.4,34.1,3.219502954706258,24,A607,2024,3,75,mar
2024-03-16,27.895833333333332,23.5,35,3.7392720945528226,24,A607,2024,3,76,mar
2024-03-17,29.358333333333334,24.1,37.8,4.952199043083672,24,A607,2024,3,77,mar
2024-03-18,28.554166666666667,24,34.7,3.3991020766573383,24,A607,2024,3,78,mar
2024-03-19,28.395833333333332,25.1,34.5,3.010341475165475,24,A607,2024,3,79,mar
2024-03-20,27.883333333333333,24,34,3.238983558580318,24,A607,2024,3,80,mar
2024-03-21,29.05,24.5,36.3,3.97885716604983,24,A607,2024,3,81,mar
2024-03-22,27.745833333333334,24.5,32.2,2.2395611306617678,24,A607,2024,3,82,mar
2024-03-23,23.0375,22.1,25.6,0.875170790785135,24,A607,2024,3,83,mar
2024-03-24,23.133333333333333,21.7,25.7,1.144615624363145,24,A607,2024,3,84,mar
2024-03-25,24.891666666666666,23.2,28,1.8696469479944409,24,A607,2024,3,85,mar
2024-03-26,24.1375,23.1,26,0.8899499253133383,24,A607,2024,3,86,mar
2024-03-27,24.325,22.1,27.7,1.8507930145234222,24,A607,2024,3,87,mar
2024-03-28,24.895833333333332,22.5,29.4,2.1728520961823556,24,A607,2024,3,88,mar
2024-03-29,26.3125,24.1,30.2,2.2729625372302493,24,A607,2024,3,89,mar
2024-03-30,26.4,23.6,30.8,2.073015027525808,24,A607,2024,3,90,mar
2024-03-31,25.595833333333335,23.2,29.6,2.4381887729939256,24,A607,2024,3,91,mar
2024-04-01,25.5875,21.5,30.8,3.0905624224332575,24,A607,2024,4,92,abr
2024-04-02,25.608333333333334,20.4,32.3,4.254298763722935,24,A607,2024,4,93,abr
2024-04-03,26.908333333333335,23.5,32.4,3.181866647475793,24,A607,2024,4,94,abr
2024-04-04,26.5375,22.7,32.7,3.1763819313667314,24,A607,2024,4,95,abr
2024-04-05,25.895833333333332,21.1,31.7,3.2792468868518476,24,A607,2024,4,96,abr
2024-04-06,26.029166666666665,22.4,31.6,2.899846947485432,24,A607,2024,4,97,abr
2024-04-07,24.716666666666665,20.5,30,3.4283557558114937,24,A607,2024,4,98,abr
2024-04-08,24.854166666666668,20.3,30.3,3.656201303404189,24,A607,2024,4,99,abr
2024-04-09,26.21666666666667,22.6,31.8,3.1426472732487767,24,A607,2024,4,100,abr
2024-04-10,26.395833333333332,22.7,31,2.8488715029954776,24,A607,2024,4,101,abr
2024-04-11,26.845833333333335,22.8,32.2,3.076697716802824,24,A607,2024,4,102,abr
2024-04-12,25.929166666666667,23.4,29.3,1.9134487795297943,24,A607,2024,4,103,abr
2024-04-13,25.533333333333335,21.7,30.6,2.938894596489531,24,A607,2024,4,104,abr
2024-04-14,24.120833333333334,21.5,26.6,1.757215971647905,24,A607,2024,4,105,abr
2024-04-15,25.65,22.1,29.8,2.732732348210582,24,A607,2024,4,106,abr
2024-04-16,24.816666666666666,22.2,28.5,2.0488950716161027,24,A607,2024,4,107,abr
2024-04-17,25.579166666666666,21.6,31.7,3.5352853850323296,24,A607,2024,4,108,abr
2024-04-18,23.6,20.6,27.3,1.7881250807333995,24,A607,2024,4,109,abr
2024-04-19,23.0375,20.7,26.9,1.889976420372809,24,A607,2024,4,110,abr
2024-04-20,24.066666666666666,21.1,28.2,2.492888435855722,24,A607,2024,4,111,abr
2024-04-21,23.195833333333333,19,29.1,3.4134617347339278,24,A607,2024,4,112,abr
2024-04-22,23.533333333333335,18.1,31.1,4.567623934366434,24,A607,2024,4,113,abr
2024-04-23,25.650000000000002,22.1,31.7,3.4893627174475634,24,A607,2024,4,114,abr
2024-04-24,26.866666666666667,21.7,34.2,4.550840024384096,24,A607,2024,4,115,abr
2024-04-25,26.0375,23.2,31,2.694731171556176,24,A607,2024,4,116,abr
2024-04-26,25.120833333333334,23.6,27.5,1.2590469710707055,24,A607,2024,4,117,abr
2024-04-27,24.758333333333333,22.2,28.7,2.3359043806119972,24,A607,2024,4,118,abr
2024-04-28,26.15833333333333,21.2,33.8,4.883683273804781,24,A607,2024,4,119,abr
2024-04-29,25.804166666666667,21.3,31.8,3.937498562226561,24,A607,2024,4,120,abr
2024-04-30,25.425,21.8,31.2,3.412795615480581,24,A607,2024,4,121,abr
2024-05-01,25.245833333333334,21.8,31.4,3.330097160962316,24,A607,2024,5,122,mai
2024-05-02,26.245833333333334,21.2,34.8,4.893383213622485,24,A607,2024,5,123,mai
2024-05-03,27.1875,22,36,4.891368840154541,24,A607,2024,5,124,mai
2024-05-04,25.591666666666665,21.9,32,3.5522089473730425,24,A607,2024,5,125,mai
2024-05-05,25.175,21.1,31.6,3.6265026870430463,24,A607,2024,5,126,mai
2024-05-06,25.404166666666665,21.8,29.8,2.927453139515298,24,A607,2024,5,127,mai
2024-05-07,24.875,19.7,31.4,3.904206204461609,24,A607,2024,5,128,mai
2024-05-08,26.245833333333334,22.5,31.9,3.0759910621607394,24,A607,2024,5,129,mai
2024-05-09,26.358333333333334,22.2,33.4,3.737345799252245,24,A607,2024,5,130,mai
2024-05-10,25.233333333333334,22,29.9,2.708868954839409,24,A607,2024,5,131,mai
2024-05-11,26.008333333333333,20.8,33.6,4.696429417691947,24,A607,2024,5,132,mai
2024-05-12,26.841666666666665,21.7,35.1,4.758326036188217,24,A607,2024,5,133,mai
2024-05-13,27.6875,22.1,35.6,5.084701051449209,24,A607,2024,5,134,mai
2024-05-14,25.2625,20.9,29.4,2.863383905679493,24,A607,2024,5,135,mai
2024-05-15,24.208333333333332,21.4,27.4,1.7665777937722627,24,A607,2024,5,136,mai
2024-05-16,24.3625,21.7,29.7,2.5573104927876353,24,A607,2024,5,137,mai
2024-05-17,26.1875,22,33.5,4.194023957552191,24,A607,2024,5,138,mai
2024-05-18,26.433333333333334,22.2,34.2,4.283097890106166,24,A607,2024,5,139,mai
2024-05-19,24.65416666666667,21.4,29.7,2.8676576059438363,24,A607,2024,5,140,mai
2024-05-20,25.004166666666666,20.2,32,3.8016562942630867,24,A607,2024,5,141,mai
2024-05-21,24.7,22.2,27.7,1.7579632483668979,24,A607,2024,5,142,mai
2024-05-22,22.8875,18.9,27.1,2.7994273482733694,24,A607,2024,5,143,mai
2024-05-23,24.095833333333335,19.7,31.5,3.7042254564057058,24,A607,2024,5,144,mai
2024-05-24,25.504166666666666,20.8,33.3,4.484512398162743,24,A607,2024,5,145,mai
2024-05-25,24.229166666666668,20.6,29.5,2.70691211316618,24,A607,2024,5,146,mai
2024-05-26,22.416666666666668,19.9,25.1,1.630861779835292,24,A607,2024,5,147,mai
2024-05-27,21.9,19.4,25.5,2.0996894180268453,24,A607,2024,5,148,mai
2024-05-28,24.3,20.6,30.4,3.488615023560022,24,A607,2024,5,149,mai
2024-05-29,22.954166666666666,21.2,25.9,1.1492830153079625,24,A607,2024,5,150,mai
2024-05-30,20.679166666666667,19.3,22,0.8526068295510544,24,A607,2024,5,151,mai
2024-05-31,19.633333333333333,14.1,26,3.959431960430102,24,A607,2024,5,152,mai
2024-06-01,21.65,19.3,25.4,2.1574945211276093,24,A607,2024,6,153,jun
2024-06-02,21.025,16.5,27.6,4.082225522602997,24,A607,2024,6,154,jun
2024-06-03,22,17.1,28.6,4.300556081333629,24,A607,2024,6,155,jun
2024-06-04,22.35,18.2,28.2,3.3580532662735463,24,A607,2024,6,156,jun
2024-06-05,21.875,20.1,25.4,1.4715416346840802,24,A607,2024,6,157,jun
2024-06-06,21.375,17.9,26.2,2.8971125055070295,24,A607,2024,6,158,jun
2024-06-07,21.991666666666667,17.7,28.1,3.6484560959477053,24,A607,2024,6,159,jun
2024-06-08,22.179166666666667,18.2,27.1,2.93923668982962,24,A607,2024,6,160,jun
2024-06-09,21.920833333333334,18,27.8,3.558575578082829,24,A607,2024,6,161,jun
2024-06-10,23.0125,18.3,30.7,4.505775279523515,24,A607,2024,6,162,jun
2024-06-11,22.408333333333335,17,30.7,4.930024840458335,24,A607,2024,6,163,jun
2024-06-12,21.329166666666666,15.5,28.2,4.292711635831807,24,A607,2024,6,164,jun
2024-06-13,22.191666666666666,17.1,29.9,4.33659019193117,24,A607,2024,6,165,jun
2024-06-14,23.3375,18,30.3,4.161501871450613,24,A607,2024,6,166,jun
2024-06-15,23,17,30.9,4.505552130427524,24,A607,2024,6,167,jun
2024-06-16,23.029166666666665,18,30.4,3.9585327943643427,24,A607,2024,6,168,jun
2024-06-17,23.666666666666668,18.6,31.1,4.066583510672732,24,A607,2024,6,169,jun
2024-06-18,23.341666666666665,18.7,31,4.237915470633161,24,A607,2024,6,170,jun
2024-06-19,24.333333333333332,20.4,31.5,3.85200869865227,24,A607,2024,6,171,jun
2024-06-20,24.616666666666667,19.7,32.1,4.115576632076331,24,A607,2024,6,172,jun
2024-06-21,22.620833333333334,17.5,29.9,4.06469199503391,24,A607,2024,6,173,jun
2024-06-22,22.745833333333334,17.8,27.9,3.3712311216174897,24,A607,2024,6,174,jun
2024-06-23,24.408333333333335,19.9,30.8,3.6515531736112163,24,A607,2024,6,175,jun
2024-06-24,24.575,19.7,32,4.357726770771161,24,A607,2024,6,176,jun
2024-06-25,23.379166666666666,18.4,30.2,3.814272871234029,24,A607,2024,6,177,jun
2024-06-26,24.354166666666668,20.1,31.6,3.5073809337585153,24,A607,2024,6,178,jun
2024-06-27,23.729166666666668,20.2,29.3,3.0314982902944165,24,A607,2024,6,179,jun
2024-06-28,24.716666666666665,21.3,31.2,3.340615234493122,24,A607,2024,6,180,jun
2024-06-29,24.791666666666668,19.6,33.9,4.736253946873559,24,A607,2024,6,181,jun
2024-06-30,21.716666666666665,19.8,23.1,0.8810402283993453,24,A607,2024,6,182,jun
2024-07-01,19.8,18.3,22.4,1.287397104372938,24,A607,2024,7,183,jul
2024-07-02,21.325,18.3,25.6,2.620197470155388,24,A607,2024,7,184,jul
2024-07-03,22.4625,18.2,29.5,4.291327199181482,24,A607,2024,7,185,jul
2024-07-04,23.420833333333334,17.6,32.3,5.229762582246604,24,A607,2024,7,186,jul
2024-07-05,21.820833333333333,16,30,4.834745545812481,24,A607,2024,7,187,jul
2024-07-06,21.466666666666665,16,27.5,3.973024985603776,24,A607,2024,7,188,jul
2024-07-07,21.775,16.8,30.2,4.326988108021158,24,A607,2024,7,189,jul
2024-07-08,21.916666666666668,18,27.1,2.7542325794037943,24,A607,2024,7,190,jul
2024-07-09,23.370833333333334,20.3,27.8,2.5721720083578603,24,A607,2024,7,191,jul
2024-07-10,23.7375,18.9,30.8,3.2746473424464053,24,A607,2024,7,192,jul
2024-07-11,23.120833333333334,20.3,28,2.77441402613341,24,A607,2024,7,193,jul
2024-07-12,23.270833333333332,20.2,27.9,2.4100296167522894,24,A607,2024,7,194,jul
2024-07-13,23.133333333333333,19.7,27,2.231526415915244,24,A607,2024,7,195,jul
2024-07-14,23.1125,18.8,29.7,3.3093165588919597,24,A607,2024,7,196,jul
2024-07-15,21.633333333333333,17.5,26,2.6905093532099356,24,A607,2024,7,197,jul
2024-07-16,21.8,17.2,27.5,3.26669624358098,24,A607,2024,7,198,jul
2024-07-17,21.341666666666665,18.3,26.8,2.9033588744113583,24,A607,2024,7,199,jul
2024-07-18,22.883333333333333,18.5,31.2,4.227823642682271,24,A607,2024,7,200,jul
2024-07-19,20.7375,16.4,25.1,2.856238404980746,24,A607,2024,7,201,jul
2024-07-20,19.775,14.6,26.2,3.9268584633653845,24,A607,2024,7,202,jul
2024-07-21,20.65,16.4,26.8,3.7063986974349947,24,A607,2024,7,203,jul
2024-07-22,21.5625,16.2,30.3,5.080894520695621,24,A607,2024,7,204,jul
2024-07-23,21.016666666666666,15.9,26.6,3.440256141458159,24,A607,2024,7,205,jul
2024-07-24,20.304166666666667,14.7,27.1,4.512155482853985,24,A607,2024,7,206,jul
2024-07-25,21.3625,16,29.2,4.778740283343736,24,A607,2024,7,207,jul
2024-07-26,22.429166666666667,15.8,31.1,5.61995506454778,24,A607,2024,7,208,jul
2024-07-27,22.925,15.8,31.7,5.609018359438819,24,A607,2024,7,209,jul
2024-07-28,23.929166666666667,17.6,32.3,4.727760676524643,24,A607,2024,7,210,jul
2024-07-29,24.683333333333334,19.5,34.2,5.12128267447561,24,A607,2024,7,211,jul
2024-07-30,21.6625,18.5,25,2.085313551650123,24,A607,2024,7,212,jul
2024-07-31,19.995833333333334,17.7,25.2,1.9872373584553453,24,A607,2024,7,213,jul
2024-08-01,20.808333333333334,17.3,24.8,2.6601596334359936,24,A607,2024,8,214,ago
2024-08-02,19.825,15,25.8,3.8952870073417207,24,A607,2024,8,215,ago
2024-08-03,20.854166666666668,18.9,23.8,1.5753479026845956,24,A607,2024,8,216,ago
2024-08-04,22.720833333333335,18.9,28.3,3.229615560197013,24,A607,2024,8,217,ago
2024-08-05,23.220833333333335,19.2,29.6,3.3103236629706148,24,A607,2024,8,218,ago
2024-08-06,23.204166666666666,18.4,30.1,3.888945220433972,24,A607,2024,8,219,ago
2024-08-07,23.354166666666668,18.6,30.1,3.5449877864101453,24,A607,2024,8,220,ago
2024-08-08,24.345833333333335,18.7,33.7,5.145363397540899,24,A607,2024,8,221,ago
2024-08-09,23.166666666666668,19.2,28.8,3.2360290570344104,24,A607,2024,8,222,ago
2024-08-10,20.004166666666666,16.2,23.1,2.046307207729523,24,A607,2024,8,223,ago
2024-08-11,18.729166666666668,13.8,23.6,3.4326411642230887,24,A607,2024,8,224,ago
2024-08-12,20.508333333333333,15.8,29,4.316592523564479,24,A607,2024,8,225,ago
2024-08-13,19.0375,15.6,23.4,2.711298822400037,24,A607,2024,8,226,ago
2024-08-14,18.204166666666666,12.1,26,4.5119627625917405,24,A607,2024,8,227,ago
2024-08-15,21.020833333333332,16,28.1,4.193471029512702,24,A607,2024,8,228,ago
2024-08-16,22.241666666666667,16.3,30.3,4.713340610452944,24,A607,2024,8,229,ago
2024-08-17,23.179166666666667,16.8,33.1,4.880215530403182,24,A607,2024,8,230,ago
2024-08-18,22.204166666666666,16.9,28.4,3.9889498636223486,24,A607,2024,8,231,ago
2024-08-19,23.45,18.1,31,4.046039394594262,24,A607,2024,8,232,ago
2024-08-20,25.075,18.9,35.3,5.72236269233336,24,A607,2024,8,233,ago
2024-08-21,22.825,18.9,28.3,3.2312670822019243,24,A607,2024,8,234,ago
2024-08-22,23.420833333333334,18.5,32.2,4.174766764291376,24,A607,2024,8,235,ago
2024-08-23,24.6125,19.1,33.1,4.484302330497393,24,A607,2024,8,236,ago
2024-08-24,23.433333333333334,19.9,29.5,2.756599459426441,24,A607,2024,8,237,ago
2024-08-25,22.8625,20,27.9,2.519284318662915,24,A607,2024,8,238,ago
2024-08-26,17.3,15.8,20.3,1.5154279062794225,24,A607,2024,8,239,ago
2024-08-27,18.445833333333333,16.1,21.6,1.9108339100727874,24,A607,2024,8,240,ago
2024-08-28,20.175,16.4,26.5,3.399776207468598,24,A607,2024,8,241,ago
2024-08-29,20.254166666666666,15.3,26.6,3.7392139567685554,24,A607,2024,8,242,ago
2024-08-30,21.545833333333334,15.8,30.1,5.077056590504817,24,A607,2024,8,243,ago
2024-08-31,22.1875,15.8,32.1,5.291856951959303,24,A607,2024,8,244,ago
2024-09-01,22.845833333333335,17.8,29.8,3.8223574749971605,24,A607,2024,9,245,set
2024-09-02,23.991666666666667,18.6,35.6,5.0665069578184925,24,A607,2024,9,246,set
2024-09-03,22.916666666666668,20.6,28.1,2.0857001048895385,24,A607,2024,9,247,set
2024-09-04,24.629166666666666,21.5,31.6,3.348910162330772,24,A607,2024,9,248,set
2024-09-05,25.216666666666665,21.7,33.3,3.6631735666918845,24,A607,2024,9,249,set
2024-09-06,24.208333333333332,21.9,28.6,2.3768661623287057,24,A607,2024,9,250,set
2024-09-07,24.21666666666667,20.8,31.2,3.4807129038230915,24,A607,2024,9,251,set
2024-09-08,24.45,19.9,29.6,3.1302173837555145,24,A607,2024,9,252,set
2024-09-09,24.641666666666666,22.4,29.1,2.430587094343341,24,A607,2024,9,253,set
2024-09-10,24.620833333333334,18.8,31.9,4.103336835845407,24,A607,2024,9,254,set
2024-09-11,24.829166666666666,19.2,33.1,4.45328204973509,24,A607,2024,9,255,set
2024-09-12,24.804166666666667,20,31.8,3.7470543986799374,24,A607,2024,9,256,set
2024-09-13,24.845833333333335,19.8,31.5,3.615543637836702,24,A607,2024,9,257,set
2024-09-14,25.333333333333332,20.4,33,4.027046243746819,24,A607,2024,9,258,set
2024-09-15,24.204166666666666,20.4,28.8,2.955242823344223,24,A607,2024,9,259,set
2024-09-16,24.995833333333334,21,32.5,3.721790028264995,24,A607,2024,9,260,set
2024-09-17,22.216666666666665,20,23.4,0.932349377818659,24,A607,2024,9,261,set
2024-09-18,21.433333333333334,17.7,24.9,2.210580617545234,24,A607,2024,9,262,set
2024-09-19,22.683333333333334,19.8,26.4,2.432509290686341,24,A607,2024,9,263,set
2024-09-20,24.541666666666668,22,28.8,2.167731065195702,24,A607,2024,9,264,set
2024-09-21,25.358333333333334,22,31.7,3.1113979336383952,24,A607,2024,9,265,set
2024-09-22,25.308333333333334,22.2,29.6,2.5481308864524115,24,A607,2024,9,266,set
2024-09-23,25.370833333333334,20.7,31,3.2834869014333004,24,A607,2024,9,267,set
2024-09-24,25.170833333333334,20.3,30.4,3.1498073325021103,24,A607,2024,9,268,set
2024-09-25,25.495833333333334,21.2,31.6,3.0679945534029467,24,A607,2024,9,269,set
2024-09-26,25.7625,21.9,31.1,3.188950011196953,24,A607,2024,9,270,set
2024-09-27,26.4,21.2,35.5,4.568321925761286,24,A607,2024,9,271,set
2024-09-28,24.366666666666667,22.3,28.6,1.7521829035623626,24,A607,2024,9,272,set
2024-09-29,23.666666666666664,20.7,27.5,2.2319160547301773,24,A607,2024,9,273,set
2024-09-30,22.645833333333332,18.8,26.7,3.0381600791707255,24,A607,2024,9,274,set
2024-10-01,25.141666666666666,20.6,30.9,3.555022982456949,24,A607,2024,10,275,out
2024-10-02,26.133333333333333,20.2,35,4.772900555233152,24,A607,2024,10,276,out
2024-10-03,25.2875,21.7,32.2,3.2336965655826257,24,A607,2024,10,277,out
2024-10-04,23.6625,20,28,1.9504319476999692,24,A607,2024,10,278,out
2024-10-05,21.545833333333334,19.6,25.2,1.8784774516165703,24,A607,2024,10,279,out
2024-10-06,20.991666666666667,16.4,25.9,3.2641553493863515,24,A607,2024,10,280,out
2024-10-07,23.079166666666666,19.4,29.2,3.6032568802303753,24,A607,2024,10,281,out
2024-10-08,22.708333333333332,17.9,28.3,3.6828529426385535,24,A607,2024,10,282,out
2024-10-09,25.558333333333334,22.6,29.8,2.2306007509513948,24,A607,2024,10,283,out
2024-10-10,22.325,21.1,24,0.8109307588519342,24,A607,2024,10,284,out
2024-10-11,22.3125,20.9,24.1,1.208417038579991,24,A607,2024,10,285,out
2024-10-12,24.979166666666668,23,29,2.0698622442435455,24,A607,2024,10,286,out
2024-10-13,24.2125,22,27.7,1.8894012163968081,24,A607,2024,10,287,out
2024-10-14,23.09583333333333,20.9,26.4,1.7424318754487103,24,A607,2024,10,288,out
2024-10-15,22.479166666666668,18.6,27.1,2.818414473587506,24,A607,2024,10,289,out
2024-10-16,23.970833333333335,20,30.6,3.713603566520713,24,A607,2024,10,290,out
2024-10-17,25.395833333333332,21.8,30.2,2.831112727420496,24,A607,2024,10,291,out
2024-10-18,25.445833333333333,22.7,31.1,2.827040112396966,24,A607,2024,10,292,out
2024-10-19,22.6625,21.6,24.4,0.8676868299004017,24,A607,2024,10,293,out
2024-10-20,22.225,20.9,23.9,1.0401713905598107,24,A607,2024,10,294,out
2024-10-21,23.7375,21.4,27.4,1.795601509970599,24,A607,2024,10,295,out
2024-10-22,25.208333333333332,20.9,30.8,3.1635033780902475,24,A607,2024,10,296,out
2024-10-23,27.195833333333333,22.6,34.7,3.849729427721728,24,A607,2024,10,297,out
2024-10-24,27.020833333333332,22.9,32.4,3.5047767610687464,24,A607,2024,10,298,out
2024-10-25,26.6,23.5,32.8,2.8593097373165155,24,A607,2024,10,299,out
2024-10-26,29.65,25.1,37.5,4.1837158437051585,24,A607,2024,10,300,out
2024-10-27,24.195833333333333,22,26.4,1.5453940447740788,24,A607,2024,10,301,out
2024-10-28,21.9,20.8,23.3,0.7205070678227997,24,A607,2024,10,302,out
2024-10-29,21.070833333333333,20.4,22.5,0.4786567860592595,24,A607,2024,10,303,out
2024-10-30,23.279166666666665,20.7,27.5,2.535140707297546,24,A607,2024,10,304,out
2024-10-31,23.675,19.6,28.4,3.0104528043064422,24,A607,2024,10,305,out
2024-11-01,23.9125,19.5,28.7,3.4474076586933244,24,A607,2024,11,306,nov
2024-11-02,25.02916666666667,21.9,28.9,2.2624494549562613,24,A607,2024,11,307,nov
2024-11-03,25.4375,22.7,28.6,2.0670946845228473,24,A607,2024,11,308,nov
2024-11-04,25.445833333333333,22.8,28.6,1.9457823209649407,24,A607,2024,11,309,nov
2024-11-05,24.120833333333334,22.6,26.4,1.100189377637626,24,A607,2024,11,310,nov
2024-11-06,25.808333333333334,22.9,30,2.6762915072697253,24,A607,2024,11,311,nov
2024-11-07,25.97083333333333,22.4,30.2,2.7328085834216758,24,A607,2024,11,312,nov
2024-11-08,26.47083333333333,23.5,30.9,2.459847850838617,24,A607,2024,11,313,nov
2024-11-09,22.8875,21.9,25.8,1.1444810861354324,24,A607,2024,11,314,nov
2024-11-10,23.370833333333334,20.8,26.8,2.0037962160265494,24,A607,2024,11,315,nov
2024-11-11,23.345833333333335,19,28.9,3.488238519799713,24,A607,2024,11,316,nov
2024-11-12,26.083333333333332,20.1,34.8,5.218501089698881,24,A607,2024,11,317,nov
2024-11-13,24.104166666666668,21.5,28.4,2.232463869256618,24,A607,2024,11,318,nov
2024-11-14,21.45,19.4,23.8,1.3510060663462427,24,A607,2024,11,319,nov
2024-11-15,24.241666666666667,20.4,29.8,3.379981562422914,24,A607,2024,11,320,nov
2024-11-16,25.266666666666666,22.2,28.9,2.1261654945335104,24,A607,2024,11,321,nov
2024-11-17,25.025,23.2,27.7,1.5039802265120144,24,A607,2024,11,322,nov
2024-11-18,25.625,21.3,31.1,3.2245323220045683,24,A607,2024,11,323,nov
2024-11-19,26.6625,22.4,33.8,3.584121079573551,24,A607,2024,11,324,nov
2024-11-20,26.533333333333335,22.8,33.9,3.362021476105871,24,A607,2024,11,325,nov
2024-11-21,25.087500000000002,24.1,26.7,0.6159563084448796,24,A607,2024,11,326,nov
2024-11-22,23.85,22.2,26.7,1.497824509370028,24,A607,2024,11,327,nov
2024-11-23,21.920833333333334,19.3,24.8,1.6394535586635237,24,A607,2024,11,328,nov
2024-11-24,20.6625,17.5,24.3,1.9688470472975226,24,A607,2024,11,329,nov
2024-11-25,22.070833333333333,18.1,25.6,2.524743493930606,24,A607,2024,11,330,nov
2024-11-26,23.725,19,29.1,3.554452198972805,24,A607,2024,11,331,nov
2024-11-27,25.895833333333332,19.5,34.4,4.9399418379489894,24,A607,2024,11,332,nov
2024-11-28,27.275,22.1,35.5,4.481095557037849,24,A607,2024,11,333,nov
2024-11-29,27.3625,23.5,36.3,4.1668268085167535,24,A607,2024,11,334,nov
2024-11-30,27.004166666666666,24.1,33,2.936498827229264,24,A607,2024,11,335,nov
2024-12-01,26.708333333333332,24,30.9,2.4986808113685606,24,A607,2024,12,336,dez
2024-12-02,27.870833333333334,23.1,35.9,4.218744833598554,24,A607,2024,12,337,dez
2024-12-03,27.116666666666667,24.3,34,2.8668520331035827,24,A607,2024,12,338,dez
2024-12-04,26.0625,23.7,30.6,2.2772623724646834,24,A607,2024,12,339,dez
2024-12-05,26.2875,22.9,30.9,2.9471153914352906,24,A607,2024,12,340,dez
2024-12-06,27.1,22.2,34.4,4.032261206169884,24,A607,2024,12,341,dez
2024-12-07,28.404166666666665,22.2,36.9,5.306147309994542,24,A607,2024,12,342,dez
2024-12-08,27.55,22.9,35.7,4.33218490913725,24,A607,2024,12,343,dez
2024-12-09,27.854166666666668,24.3,33.8,3.2785175821141914,24,A607,2024,12,344,dez
2024-12-10,28.1125,24.5,33,2.893968615556514,24,A607,2024,12,345,dez
2024-12-11,24.141666666666666,22.2,26.3,1.2826320312296244,24,A607,2024,12,346,dez
2024-12-12,23.4625,19.7,26.6,2.373735361243412,24,A607,2024,12,347,dez
2024-12-13,24.179166666666667,21.4,26.8,1.9374970780716632,24,A607,2024,12,348,dez
2024-12-14,26.358333333333334,22.8,32.1,3.121025008142241,24,A607,2024,12,349,dez
2024-12-15,24.9875,22.1,27.6,1.7855245240788367,24,A607,2024,12,350,dez
2024-12-16,27.154166666666665,24.7,31.3,2.503385388987701,24,A607,2024,12,351,dez
2024-12-17,26.0375,23.1,33.1,3.210690363254553,24,A607,2024,12,352,dez
2024-12-18,24.7875,20.8,29.2,2.9011710529130936,24,A607,2024,12,353,dez
2024-12-19,25.65,22.1,30.2,2.7719087757120664,24,A607,2024,12,354,dez
2024-12-20,27.170833333333334,22,34.1,3.9510570040528856,24,A607,2024,12,355,dez
2024-12-21,26.254166666666666,24.1,29.4,1.937497078071663,24,A607,2024,12,356,dez
2024-12-22,26.320833333333333,24,30.4,2.1388699101987534,24,A607,2024,12,357,dez
2024-12-23,24.8375,23.3,27.1,1.132067174224446,24,A607,2024,12,358,dez
2024-12-24,24.366666666666667,23.2,26.4,0.9351431727939785,24,A607,2024,12,359,dez
2024-12-25,26.154166666666665,23.1,30.4,2.585238895136683,24,A607,2024,12,360,dez
2024-12-26,27.254166666666666,24.2,31.9,2.8694764204530814,24,A607,2024,12,361,dez
2024-12-27,26.804166666666667,23.5,32.9,3.1849481828651833,24,A607,2024,12,362,dez
2024-12-28,25.866666666666667,23.6,31.1,2.5562653918603973,24,A607,2024,12,363,dez
2024-12-29,24.6875,21.9,29.6,2.0100427207227303,24,A607,2024,12,364,dez
2024-12-30,23.2375,21.7,26,1.2679365297514942,24,A607,2024,12,365,dez
2024-12-31,25.145833333333332,21.5,31.4,3.0750014728404627,24,A607,2024,12,366,dez
2025-01-01,25.229166666666668,21,28.9,2.327805304623195,24,A607,2025,1,1,jan
2025-01-02,25.808333333333334,20.8,33.4,4.359788254398189,24,A607,2025,1,2,jan
2025-01-03,26.479166666666668,22.9,32.6,3.000721531589516,24,A607,2025,1,3,jan
2025-01-04,26.21666666666667,22.6,33.7,3.764902754869399,24,A607,2025,1,4,jan
2025-01-05,24.866666666666667,22.1,29.7,2.7702874857355844,24,A607,2025,1,5,jan
2025-01-06,25.65833333333333,21.8,31.2,3.286324320001281,24,A607,2025,1,6,jan
2025-01-07,26.7,22.7,32.8,2.713252500309321,24,A607,2025,1,7,jan
2025-01-08,24.945833333333333,22.5,29.7,2.313660597909477,24,A607,2025,1,8,jan
2025-01-09,24.733333333333334,22,29.3,2.2309418300967336,24,A607,2025,1,9,jan
2025-01-10,25.083333333333332,21.4,29.8,2.721678936223753,24,A607,2025,1,10,jan
2025-01-11,25.65,22.5,29.9,2.5174175864063204,24,A607,2025,1,11,jan
2025-01-12,24.5625,20.9,28.4,2.4167553706858973,24,A607,2025,1,12,jan
2025-01-13,24.420833333333334,22.7,27.2,1.4560157568027796,24,A607,2025,1,13,jan
2025-01-14,23.558333333333334,22.5,26.4,1.2541814121141936,24,A607,2025,1,14,jan
2025-01-15,24.4375,21.5,27.9,2.61081571460955,24,A607,2025,1,15,jan
2025-01-16,25.666666666666668,23.1,29.1,2.018968024525889,24,A607,2025,1,16,jan
2025-01-17,27.9,24.7,32.8,2.821038969877094,24,A607,2025,1,17,jan
2025-01-18,28.195833333333333,24.1,35.3,3.593046323672709,24,A607,2025,1,18,jan
2025-01-19,28.2375,23.7,35.6,4.049885935055026,24,A607,2025,1,19,jan
2025-01-20,28.7875,23.6,36.7,4.657328260036985,24,A607,2025,1,20,jan
2025-01-21,29.2875,24.2,37.7,4.670845049695062,24,A607,2025,1,21,jan
2025-01-22,28.708333333333332,25,35.1,3.527397940675826,24,A607,2025,1,22,jan
2025-01-23,28.279166666666665,25.2,33.4,2.825040079233454,24,A607,2025,1,23,jan
2025-01-24,27.5125,24.5,31.7,2.5095145035401294,24,A607,2025,1,24,jan
2025-01-25,27.704166666666666,24.4,32.8,3.0316417085921223,24,A607,2025,1,25,jan
2025-01-26,27.904166666666665,23,35.4,4.236741894906742,24,A607,2025,1,26,jan
2025-01-27,26.575,23.4,32.2,3.2508527309401254,24,A607,2025,1,27,jan
2025-01-28,26.65,24.1,30.2,1.9820937546377346,24,A607,2025,1,28,jan
2025-01-29,26.6125,23.3,29.9,2.160779348129824,24,A607,2025,1,29,jan
2025-01-30,27.329166666666666,24.5,31.9,2.62818819501302,24,A607,2025,1,30,jan
2025-01-31,27.508333333333333,23.4,33,3.4051006071667747,24,A607,2025,1,31,jan
2025-02-01,27.820833333333333,23.4,34.6,3.470118299783561,24,A607,2025,2,32,fev
2025-02-02,27.85,23.7,34.1,3.305989294808939,24,A607,2025,2,33,fev
2025-02-03,27.945833333333333,23.2,35.4,4.243458307300439,24,A607,2025,2,34,fev
2025-02-04,27.75,23.7,35,3.3762598292759707,24,A607,2025,2,35,fev
2025-02-05,27.483333333333334,22.7,33.8,3.828005118649372,24,A607,2025,2,36,fev
2025-02-06,27.22083333333333,22.6,33.8,3.6300651768812355,24,A607,2025,2,37,fev
2025-02-07,27.316666666666666,22.7,33.5,3.789191340443599,24,A607,2025,2,38,fev
2025-02-08,27.391666666666666,23.2,32.4,3.3428595760108646,24,A607,2025,2,39,fev
2025-02-09,27.379166666666666,24.3,32.4,2.859306569427457,24,A607,2025,2,40,fev
2025-02-10,27.266666666666666,23.4,33.8,3.3874020655397836,24,A607,2025,2,41,fev
2025-02-11,27.083333333333332,23.7,32.5,2.996616449418833,24,A607,2025,2,42,fev
2025-02-12,27.6875,22.9,33.6,3.5533587907291566,24,A607,2025,2,43,fev
2025-02-13,27.7625,23.3,33.4,3.321447104736912,24,A607,2025,2,44,fev
2025-02-14,27.841666666666665,22.8,36.3,4.194190253679245,24,A607,2025,2,45,fev
2025-02-15,27.958333333333332,23.5,35.4,4.0405463111754605,24,A607,2025,2,46,fev
2025-02-16,27.754166666666666,22.5,34,3.881279390889675,24,A607,2025,2,47,fev
2025-02-17,28.5625,23.1,36.5,4.606027478254421,24,A607,2025,2,48,fev
2025-02-18,28.1,22.7,35.5,4.385053665825986,24,A607,2025,2,49,fev
2025-02-19,27.141666666666666,22.2,33.1,3.9190634048219346,24,A607,2025,2,50,fev
2025-02-20,28.1625,24.1,32.9,2.9780081612876166,24,A607,2025,2,51,fev
2025-02-21,28.029166666666665,24.2,33,3.1202674309391667,24,A607,2025,2,52,fev
2025-02-22,27.420833333333334,23,32.8,3.5678490861370906,24,A607,2025,2,53,fev
2025-02-23,27.716666666666665,24.2,33,3.0558093877879147,24,A607,2025,2,54,fev
2025-02-24,27.833333333333332,24.1,32.9,3.124470969713066,24,A607,2025,2,55,fev
2025-02-25,28.1625,24.6,33.7,2.6499897456733517,24,A607,2025,2,56,fev
2025-02-26,27.295833333333334,22.9,33,3.464412763673152,24,A607,2025,2,57,fev
2025-02-27,28.0125,24.1,32.5,3.096605785582715,24,A607,2025,2,58,fev
2025-02-28,27.545833333333334,23.2,32.9,3.1433821672325117,24,A607,2025,2,59,fev
2025-03-01,26.954166666666666,23.7,31.8,2.776763703786598,24,A607,2025,3,60,mar
2025-03-02,27.108333333333334,23.7,32.7,3.2116522453291134,24,A607,2025,3,61,mar
2025-03-03,26.4,23.3,30.5,2.2253480431257215,24,A607,2025,3,62,mar
2025-03-04,25.879166666666666,22.3,30.9,2.915025418140603,24,A607,2025,3,63,mar
2025-03-05,26.5,22.7,31.6,3.174490715744468,24,A607,2025,3,64,mar
2025-03-06,26.65416666666667,22.8,31.7,3.1788676089705774,24,A607,2025,3,65,mar
2025-03-07,26.620833333333334,24.4,29.8,1.7776337879490172,24,A607,2025,3,66,mar
2025-03-08,27.05,23.2,32.9,3.1626901042707574,24,A607,2025,3,67,mar
2025-03-09,27.28333333333333,23.7,32.8,3.2934277989150855,24,A607,2025,3,68,mar
2025-03-10,27.783333333333335,23.3,35.1,3.7790804801382993,24,A607,2025,3,69,mar
2025-03-11,27.829166666666666,24.2,34.1,3.222405146398608,24,A607,2025,3,70,mar
2025-03-12,27.945833333333333,24,33.5,3.1189434061897456,24,A607,2025,3,71,mar
2025-03-13,28.1,23.5,35.3,3.589477375062692,24,A607,2025,3,72,mar
2025-03-14,27.991666666666667,24.2,34.1,3.294912635467339,24,A607,2025,3,73,mar
2025-03-15,27.354166666666668,25.3,31,1.8756979377349616,24,A607,2025,3,74,mar
2025-03-16,25.625,24.1,30.7,1.7637041061110685,24,A607,2025,3,75,mar
2025-03-17,24.954166666666666,22.6,29.9,2.1388699101987534,24,A607,2025,3,76,mar
2025-03-18,25.9,21.7,32.4,3.693707928473713,24,A607,2025,3,77,mar
2025-03-19,25.275,23.5,28.1,1.299247273716928,24,A607,2025,3,78,mar
2025-03-20,25.333333333333332,22.5,29,2.4316154348885854,24,A607,2025,3,79,mar
2025-03-21,25.34166666666667,22.1,29.5,2.389636440724944,24,A607,2025,3,80,mar
2025-03-22,25.983333333333334,22.6,30,2.5873717849631097,24,A607,2025,3,81,mar
2025-03-23,26.145833333333332,23.1,30.4,2.2378132118240996,24,A607,2025,3,82,mar
2025-03-24,26.783333333333335,22.5,33.1,3.1325315039418844,24,A607,2025,3,83,mar
2025-03-25,26,22.6,33.5,3.819628937133986,24,A607,2025,3,84,mar
2025-03-26,26.391666666666666,23.6,30.9,2.6133298210564977,24,A607,2025,3,85,mar
2025-03-27,26.179166666666667,23.5,31.5,2.537540604372781,24,A607,2025,3,86,mar
2025-03-28,26.170833333333334,21.4,32.3,3.3383775240007862,24,A607,2025,3,87,mar
2025-03-29,26.383333333333333,22.3,31.9,3.383806278074475,24,A607,2025,3,88,mar
2025-03-30,26.9875,23.6,32.5,2.9459349294741135,24,A607,2025,3,89,mar
2025-03-31,27.316666666666666,24.5,31.3,2.3254109812856862,24,A607,2025,3,90,mar
2025-04-01,27.1875,24.4,32.2,2.690128896216847,24,A607,2025,4,91,abr
2025-04-02,27.104166666666668,24.2,31,2.3621064966358474,24,A607,2025,4,92,abr
2025-04-03,27.216666666666665,22.7,33.9,3.60828354552792,24,A607,2025,4,93,abr
2025-04-04,26.258333333333333,24.1,32.4,2.3132729808775205,24,A607,2025,4,94,abr
2025-04-05,24.241666666666667,21.9,27.8,1.7064880454533993,24,A607,2025,4,95,abr
2025-04-06,21.879166666666666,20.8,24,0.7956289099315337,24,A607,2025,4,96,abr
2025-04-07,22.95,19.6,26.9,2.4314962292883524,24,A607,2025,4,97,abr
2025-04-08,23.220833333333335,18.4,28.1,3.2742711325232925,24,A607,2025,4,98,abr
2025-04-09,25.020833333333332,20.8,31.6,3.630903488792774,24,A607,2025,4,99,abr
2025-04-10,25.045833333333334,21.5,30.9,2.866292737661493,24,A607,2025,4,100,abr
2025-04-11,23.366666666666667,19.1,27.8,3.017725412735007,24,A607,2025,4,101,abr
2025-04-12,23.979166666666668,20.6,28.3,2.487880041611588,24,A607,2025,4,102,abr
2025-04-13,24.366666666666667,21,29.7,2.8819779842062077,24,A607,2025,4,103,abr
2025-04-14,24.895833333333332,22.3,31.5,3.0061500970172967,24,A607,2025,4,104,abr
2025-04-15,24.608333333333334,20.6,29.2,2.725231010019337,24,A607,2025,4,105,abr
2025-04-16,23.1125,21.4,25.3,1.2871648994052278,24,A607,2025,4,106,abr
2025-04-17,24.53333333333333,22.2,29.1,2.3698590430778728,24,A607,2025,4,107,abr
2025-04-18,24.683333333333334,21.2,28.7,2.536801592328533,24,A607,2025,4,108,abr
2025-04-19,25.683333333333334,23.5,29.7,2.055462852068089,24,A607,2025,4,109,abr
2025-04-20,24.6875,20.7,30.4,2.929358514137153,24,A607,2025,4,110,abr
2025-04-21,22.341666666666665,20.7,24.3,1.0025691634676543,24,A607,2025,4,111,abr
2025-04-22,23.1875,20.8,26.9,2.3279609476778265,24,A607,2025,4,112,abr
2025-04-23,23.166666666666668,19.4,28.3,2.7815645685972066,24,A607,2025,4,113,abr
2025-04-24,24.041666666666668,21.8,28,2.070059160395237,24,A607,2025,4,114,abr
2025-04-25,24.229166666666668,22.3,28,1.8005987329500843,24,A607,2025,4,115,abr
2025-04-26,23.0875,20.9,26.2,1.8288301083527116,24,A607,2025,4,116,abr
2025-04-27,24.391666666666666,21.2,29.2,2.7036073593669605,24,A607,2025,4,117,abr
2025-04-28,26.333333333333332,21.9,32.8,4.040734615374295,24,A607,2025,4,118,abr
2025-04-29,23.291666666666668,21.4,25.6,1.2710545661555712,24,A607,2025,4,119,abr
2025-04-30,23.095833333333335,20.8,26.8,1.9411962171875328,24,A607,2025,4,120,abr
2025-05-01,23.216666666666665,19.9,27.3,2.2833359779948714,24,A607,2025,5,121,mai
2025-05-02,22.241666666666667,17.6,27.9,3.4333298156728844,24,A607,2025,5,122,mai
2025-05-03,21.354166666666668,16.2,28.4,4.23925538648995,24,A607,2025,5,123,mai
2025-05-04,22.108333333333334,18.7,26.4,2.6792141395933813,24,A607,2025,5,124,mai
2025-05-05,22.55,18,27.8,3.2212608927453292,24,A607,2025,5,125,mai
2025-05-06,23.3,18.5,28.3,3.1426933892969,24,A607,2025,5,126,mai
2025-05-07,23.520833333333332,21,27.8,2.4530334666297966,24,A607,2025,5,127,mai
2025-05-08,23.2625,21,26.7,1.961989340927479,24,A607,2025,5,128,mai
2025-05-09,25.745833333333334,21.9,31.7,3.0931873481919085,24,A607,2025,5,129,mai
2025-05-10,26.59583333333333,22,33.6,4.096390687747771,24,A607,2025,5,130,mai
2025-05-11,23.920833333333334,19.7,27.5,2.087015586422635,24,A607,2025,5,131,mai
2025-05-12,21.7625,19.8,24.9,1.4475804400567114,24,A607,2025,5,132,mai
2025-05-13,21.233333333333334,19.1,25.6,1.724167515988051,24,A607,2025,5,133,mai
2025-05-14,20.195833333333333,17.9,23.7,1.5083763705926712,24,A607,2025,5,134,mai
2025-05-15,20.90833333333333,17.4,25.3,2.681971479060274,24,A607,2025,5,135,mai
2025-05-16,22.079166666666666,18,27.3,3.1511183889929106,24,A607,2025,5,136,mai
2025-05-17,22.179166666666667,19,27,2.7596438281001068,24,A607,2025,5,137,mai
2025-05-18,22.645833333333332,19.5,27.2,3.010269259467125,24,A607,2025,5,138,mai
2025-05-19,22.758333333333333,18.5,29.1,3.492341517572747,24,A607,2025,5,139,mai
2025-05-20,23.104166666666668,18.3,30.1,4.113126301369129,24,A607,2025,5,140,mai
2025-05-21,23.445833333333333,17.6,30.9,4.774750543601539,24,A607,2025,5,141,mai
2025-05-22,22.5,17.2,30.2,4.296813784148922,24,A607,2025,5,142,mai
2025-05-23,23.095833333333335,20.4,28.2,2.5211245190548817,24,A607,2025,5,143,mai
2025-05-24,21.383333333333333,20,23.8,0.886451973571764,24,A607,2025,5,144,mai
2025-05-25,22.008333333333333,18.9,26.4,2.736058203466005,24,A607,2025,5,145,mai
2025-05-26,21.020833333333332,18.4,23.8,1.926469888652314,24,A607,2025,5,146,mai
2025-05-27,23.083333333333332,20.7,28.4,2.5829990433546457,24,A607,2025,5,147,mai
2025-05-28,24.079166666666666,21,29.7,2.9272303524375873,24,A607,2025,5,148,mai
2025-05-29,25.041666666666668,22.9,29.5,1.9600170067289382,24,A607,2025,5,149,mai
2025-05-30,20.941666666666666,19.9,22.6,0.7563738819362832,24,A607,2025,5,150,mai
2025-05-31,21.941666666666666,19.4,26.9,2.4547941854162896,24,A607,2025,5,151,mai
2025-06-01,23.683333333333334,20.4,29.7,3.2771496982786026,24,A607,2025,6,152,jun
2025-06-02,22.020833333333332,19.6,25.2,1.6199783054550227,24,A607,2025,6,153,jun
2025-06-03,21.841666666666665,20,24.5,1.5219885923890226,24,A607,2025,6,154,jun
2025-06-04,23.495833333333334,18.9,30.4,4.224512234943628,24,A607,2025,6,155,jun
2025-06-05,24.3,19.3,32.2,4.807421798409839,24,A607,2025,6,156,jun
2025-06-06,23.641666666666666,19.4,29,2.8880438191705604,24,A607,2025,6,157,jun
2025-06-07,22.941666666666666,21.3,26,1.5466419913074134,24,A607,2025,6,158,jun
2025-06-08,23.395833333333332,20.4,27.6,2.4760556232191884,24,A607,2025,6,159,jun
2025-06-09,21.429166666666667,20.2,23.6,0.9134165041999888,24,A607,2025,6,160,jun
2025-06-10,20.425,19,23.1,1.268429360854699,24,A607,2025,6,161,jun
2025-06-11,20,17.2,24.3,2.300661530573515,24,A607,2025,6,162,jun
2025-06-12,18.395833333333332,15.3,22.3,2.2330480566231454,24,A607,2025,6,163,jun
2025-06-13,17.925,14.1,23.8,3.321504373675854,24,A607,2025,6,164,jun
2025-06-14,17.766666666666666,11.8,24,4.267232752301992,24,A607,2025,6,165,jun
2025-06-15,19.395833333333332,15.5,25.4,3.3754199953379924,24,A607,2025,6,166,jun
2025-06-16,20.420833333333334,15.5,27.8,4.183090096283272,24,A607,2025,6,167,jun
2025-06-17,20.279166666666665,16.2,26.9,3.7198619851287225,24,A607,2025,6,168,jun
2025-06-18,20.8875,16.6,27.3,3.7513258525718496,24,A607,2025,6,169,jun
2025-06-19,21.483333333333334,16.2,29.3,4.374000921121418,24,A607,2025,6,170,jun
2025-06-20,21.566666666666666,16.1,28.9,4.242811482420862,24,A607,2025,6,171,jun
2025-06-21,22.925,17.2,30.3,4.637957758961701,24,A607,2025,6,172,jun
2025-06-22,22.47083333333333,17.7,30.7,4.023569599104827,24,A607,2025,6,173,jun
2025-06-23,23.179166666666667,18.6,30.4,4.0020624212008995,24,A607,2025,6,174,jun
2025-06-24,22.716666666666665,19.3,29,2.9570353347592064,24,A607,2025,6,175,jun
2025-06-25,19.308333333333334,16.5,22.6,1.7898060780714344,24,A607,2025,6,176,jun
2025-06-26,19.283333333333335,13.7,28.1,5.243519119219762,24,A607,2025,6,177,jun
2025-06-27,22.741666666666667,17.7,31.7,4.9593930788096365,24,A607,2025,6,178,jun
2025-06-28,23.066666666666666,19.9,27.6,2.46923094287986,24,A607,2025,6,179,jun
2025-06-29,22.879166666666666,18.6,30.1,4.022218635731179,24,A607,2025,6,180,jun
2025-06-30,22.591666666666665,17.4,31.3,4.626099555937947,24,A607,2025,6,181,jun
2025-07-01,23.5,20.7,28.4,2.543021140639442,24,A607,2025,7,182,jul
2025-07-02,20.2,18.2,22.7,1.3227113129444779,24,A607,2025,7,183,jul
2025-07-03,19.270833333333332,17.2,22,1.4522783200339318,24,A607,2025,7,184,jul
2025-07-04,17.695833333333333,16,19.4,0.8569303998254044,24,A607,2025,7,185,jul
2025-07-05,17.4125,12.5,23.5,3.8872492230032187,24,A607,2025,7,186,jul
2025-07-06,17.7,12.9,23.4,3.6324623341055653,24,A607,2025,7,187,jul
2025-07-07,18.529166666666665,12.9,25,4.151843924211807,24,A607,2025,7,188,jul
2025-07-08,18.4375,13.6,24.4,3.825408474921338,24,A607,2025,7,189,jul
2025-07-09,19.170833333333334,15,24.4,3.135418863449565,24,A607,2025,7,190,jul
2025-07-10,20.079166666666666,15.2,24.7,2.8966215953532255,24,A607,2025,7,191,jul
2025-07-11,21.275,19,24.3,1.9825872424468596,24,A607,2025,7,192,jul
2025-07-12,20.15833333333333,17.8,23.8,1.9633415762234385,24,A607,2025,7,193,jul
2025-07-13,18.3375,13.4,24.1,3.6821322390819913,24,A607,2025,7,194,jul
2025-07-14,18.575,13.6,26,4.144168244024681,24,A607,2025,7,195,jul
2025-07-15,19.4875,13.7,27.2,4.256893386537631,24,A607,2025,7,196,jul
2025-07-16,19.795833333333334,15,26.1,3.7563255828080147,24,A607,2025,7,197,jul
2025-07-17,19.791666666666668,14.5,27.7,4.350004164582381,24,A607,2025,7,198,jul
2025-07-18,21.520833333333332,16.1,29.4,5.042944202733564,24,A607,2025,7,199,jul
2025-07-19,20.7,18.2,24.5,2.0872282431805185,24,A607,2025,7,200,jul
2025-07-20,19.604166666666668,14.4,26.6,4.121574115360028,24,A607,2025,7,201,jul
2025-07-21,20.420833333333334,16.9,26.2,3.1901995530696503,24,A607,2025,7,202,jul
2025-07-22,21.554166666666667,16.3,29.9,4.369556655121757,24,A607,2025,7,203,jul
2025-07-23,21.258333333333333,16.9,27.6,3.207181705602853,24,A607,2025,7,204,jul
2025-07-24,20.304166666666667,16.8,24.9,2.511794641056585,24,A607,2025,7,205,jul
2025-07-25,22.3,18.8,28.3,3.1139238492825148,24,A607,2025,7,206,jul
2025-07-26,20.958333333333332,17.3,27.3,3.401012210794165,24,A607,2025,7,207,jul
2025-07-27,22.683333333333334,19.6,28.7,3.2162179607443417,24,A607,2025,7,208,jul
2025-07-28,22.841666666666665,18.4,30.2,3.9117344831502385,24,A607,2025,7,209,jul
2025-07-29,22.7,18.1,26.6,2.257932875345327,24,A607,2025,7,210,jul
2025-07-30,19.225,16.1,24.4,2.6215246144844464,24,A607,2025,7,211,jul
2025-07-31,17.520833333333332,12,23.7,4.1858954853761885,24,A607,2025,7,212,jul
2025-08-01,17.704166666666666,12.9,23.4,3.8471309656244697,24,A607,2025,8,213,ago
2025-08-02,18.079166666666666,13.1,24.6,3.835416100850945,24,A607,2025,8,214,ago
2025-08-03,20.02916666666667,14.7,26.4,4.0990432782664605,24,A607,2025,8,215,ago
2025-08-04,21.391666666666666,15.6,29.1,4.330871653069659,24,A607,2025,8,216,ago
2025-08-05,20.3625,16.8,24.1,2.058030400755728,24,A607,2025,8,217,ago
2025-08-06,21.125,17.7,26,2.9942335885178855,24,A607,2025,8,218,ago
2025-08-07,20.545833333333334,15.4,27.5,4.04055303647653,24,A607,2025,8,219,ago
2025-08-08,22.795833333333334,19.2,30.2,3.719686658924339,24,A607,2025,8,220,ago
2025-08-09,21.916666666666668,18.8,25.8,2.0896570691543306,24,A607,2025,8,221,ago
2025-08-10,19.508333333333333,17.1,23.8,2.11411748813144,24,A607,2025,8,222,ago
2025-08-11,18.616666666666667,14.4,23.6,3.0162843059785915,24,A607,2025,8,223,ago
2025-08-12,19.05,15.8,22.7,2.48491098607086,24,A607,2025,8,224,ago
2025-08-13,19.3625,14.4,26,4.0488122251819245,24,A607,2025,8,225,ago
2025-08-14,20.558333333333334,15.5,27.1,3.9867079877651115,24,A607,2025,8,226,ago
2025-08-15,20.920833333333334,19,24.5,1.9065058333909244,24,A607,2025,8,227,ago
2025-08-16,19.829166666666666,16.7,24.2,2.3047171224453455,24,A607,2025,8,228,ago
2025-08-17,20.316666666666666,17.6,24.2,2.196373823149077,24,A607,2025,8,229,ago
2025-08-18,20.7125,18,24.2,1.8783231420836395,24,A607,2025,8,230,ago
2025-08-19,20.629166666666666,16.9,24.7,2.5893559996172066,24,A607,2025,8,231,ago
2025-08-20,20.6375,15.5,28.3,4.4231419582247975,24,A607,2025,8,232,ago
2025-08-21,22.275,17.3,30.8,4.331306660963219,24,A607,2025,8,233,ago
2025-08-22,22.5375,18.2,27.1,2.9594083574402092,24,A607,2025,8,234,ago
2025-08-23,23.1375,17.9,31,3.825294816714472,24,A607,2025,8,235,ago
2025-08-24,23.783333333333335,18.8,33.1,4.397594863071193,24,A607,2025,8,236,ago
2025-08-25,23.479166666666668,20,29.9,3.122147973913871,24,A607,2025,8,237,ago
2025-08-26,22.7375,18.3,28.1,3.174054121343458,24,A607,2025,8,238,ago
2025-08-27,21.65,17.4,28.2,3.538606947717531,24,A607,2025,8,239,ago
2025-08-28,22.379166666666666,18.5,27.8,3.3798609653249847,24,A607,2025,8,240,ago
2025-08-29,22.633333333333333,18.4,27.2,2.6718608833002784,24,A607,2025,8,241,ago
2025-08-30,20.883333333333333,19.4,21.9,0.6812180054978678,24,A607,2025,8,242,ago
2025-08-31,21.695833333333333,18.7,26.6,2.466026405350125,24,A607,2025,8,243,ago
2025-09-01,21.625,19.7,24.9,1.5537472235800165,24,A607,2025,9,244,set
2025-09-02,21.566666666666666,19.5,24.1,1.6724537211161816,24,A607,2025,9,245,set
2025-09-03,20.191666666666666,15.4,25.1,3.290158799744509,24,A607,2025,9,246,set
2025-09-04,21.133333333333333,16.7,26.5,3.2233747730501694,24,A607,2025,9,247,set
2025-09-05,22.433333333333334,17,29,3.976197294845445,24,A607,2025,9,248,set
2025-09-06,21.895833333333332,18.1,26.6,3.0094747724141335,24,A607,2025,9,249,set
2025-09-07,21.554166666666667,20.1,23.6,1.0878695440757298,24,A607,2025,9,250,set
2025-09-08,21.9,20.5,24.1,1.1135528725660047,24,A607,2025,9,251,set
2025-09-09,24.116666666666667,19.8,32.2,4.208445614802884,24,A607,2025,9,252,set
2025-09-10,23.1375,20.1,27.6,1.9870914947972707,24,A607,2025,9,253,set
2025-09-11,22.725,19.9,27.3,2.5023901617731656,24,A607,2025,9,254,set
2025-09-12,22.4375,20.4,24.9,1.2907067494374846,24,A607,2025,9,255,set
2025-09-13,19.7875,18.1,21.9,1.1276418256505574,24,A607,2025,9,256,set
2025-09-14,20.383333333333333,17.9,23.8,2.3872244510540153,24,A607,2025,9,257,set
2025-09-15,21.629166666666666,17.4,27.5,3.311308577096617,24,A607,2025,9,258,set
2025-09-16,23.15,18.5,30.1,3.5057716386850837,24,A607,2025,9,259,set
2025-09-17,23.320833333333333,20.7,27,1.991717451296017,24,A607,2025,9,260,set
2025-09-18,22.15714285714286,19,27.8,2.7882918478113856,21,A607,2025,9,261,set
2025-09-19,23.5375,19.3,28.2,2.898097201838535,24,A607,2025,9,262,set
2025-09-20,24.495833333333334,21,30.5,3.0316417085921223,24,A607,2025,9,263,set
2025-09-21,25.570833333333333,20.5,33.5,4.4968084495433045,24,A607,2025,9,264,set
2025-09-22,26.420833333333334,22.6,33.1,3.56845834045127,24,A607,2025,9,265,set
2025-09-23,22.21666666666667,21,23.4,0.5723078121815721,24,A607,2025,9,266,set
2025-09-24,21.095833333333335,19.5,23.7,1.3591810727073113,24,A607,2025,9,267,set
2025-09-25,18.716666666666665,17.5,20.7,0.9356079942158358,24,A607,2025,9,268,set
2025-09-26,19.079166666666666,15.6,23.7,2.699755088194461,24,A607,2025,9,269,set
2025-09-27,19.625,16.4,24.5,2.738176162275206,24,A607,2025,9,270,set
2025-09-28,18.5625,12.6,24.5,4.229689319457214,24,A607,2025,9,271,set
2025-09-29,20.691666666666666,15.6,28.7,4.53353846509465,24,A607,2025,9,272,set
2025-09-30,22.133333333333333,17.5,26.5,2.901373987353708,24,A607,2025,9,273,set
2025-10-01,22.908333333333335,18.6,27.9,2.8294901471384595,24,A607,2025,10,274,out
2025-10-02,22.916666666666668,20.1,27.3,2.454395642722357,24,A607,2025,10,275,out
2025-10-03,22.34583333333333,18.8,26.2,2.4632921002216714,24,A607,2025,10,276,out
2025-10-04,23.170833333333334,20.7,27.8,2.222900409798887,24,A607,2025,10,277,out
2025-10-05,23.229166666666668,19.3,28.4,2.861510571992211,24,A607,2025,10,278,out
2025-10-06,24.2625,19.3,30.3,3.4882177459955477,24,A607,2025,10,279,out
2025-10-07,25.208333333333332,20.4,33.6,4.307315987304943,24,A607,2025,10,280,out
2025-10-08,23.329166666666666,19.7,26.4,1.9073038486341114,24,A607,2025,10,281,out
2025-10-09,20.133333333333333,18.7,22.3,1.1969768682762445,24,A607,2025,10,282,out
2025-10-10,21.458333333333332,19.3,25.2,1.9392774689170387,24,A607,2025,10,283,out
2025-10-11,23.525,21,29.2,2.7190551427959706,24,A607,2025,10,284,out
2025-10-12,24.8125,22.5,29,2.1879735512271545,24,A607,2025,10,285,out
2025-10-13,24.304166666666667,21.6,27.9,2.0720666362179414,24,A607,2025,10,286,out
2025-10-14,24.5625,22.8,28.8,1.8513948912855573,24,A607,2025,10,287,out
2025-10-15,23.304166666666667,21,26.9,1.8385909459873522,24,A607,2025,10,288,out
2025-10-16,22.708333333333332,17,29.6,4.0752611723898635,24,A607,2025,10,289,out
2025-10-17,25.191666666666666,21.9,30.9,2.9886621504069946,24,A607,2025,10,290,out
2025-10-18,25.0875,21,32.3,3.4267886475215548,24,A607,2025,10,291,out
2025-10-19,20.983333333333334,17.8,23.7,1.4278797497374016,24,A607,2025,10,292,out
2025-10-20,19.108333333333334,16.5,23.4,2.1817258160071087,24,A607,2025,10,293,out
2025-10-21,18.570833333333333,15.4,22.4,2.26648150351974,24,A607,2025,10,294,out
2025-10-22,18.970833333333335,15.3,23.2,2.593885647753807,24,A607,2025,10,295,out
2025-10-23,20.220833333333335,15.9,25.8,3.1147585804509395,24,A607,2025,10,296,out
2025-10-24,20.325,15,24.9,3.4294441177137935,24,A607,2025,10,297,out
2025-10-25,21.616666666666667,18.2,24.9,1.8867194134071803,24,A607,2025,10,298,out
2025-10-26,23.066666666666666,18.2,28.6,4.053196984739509,24,A607,2025,10,299,out
2025-10-27,24.995833333333334,20.4,31.7,3.794444356030866,24,A607,2025,10,300,out
2025-10-28,24.616666666666667,20.7,30.3,3.1250275361105664,24,A607,2025,10,301,out
2025-10-29,25.604166666666668,21.1,32.9,3.4403588243931345,24,A607,2025,10,302,out
2025-10-30,23.604166666666668,19.7,28,2.400449082380513,24,A607,2025,10,303,out
2025-10-31,21.095833333333335,19.4,24.1,1.5875820188786047,24,A607,2025,10,304,out
2025-11-01,22.641666666666666,19.2,28.1,2.9344900551983426,24,A607,2025,11,305,nov
2025-11-02,25.258333333333333,22,30.4,2.887441573535248,24,A607,2025,11,306,nov
2025-11-03,25.6625,22.7,31.7,3.0322631094971606,24,A607,2025,11,307,nov
2025-11-04,24.729166666666668,22.5,29.9,2.560821737453525,24,A607,2025,11,308,nov
2025-11-05,26.004166666666666,21.2,33.9,4.458258498626981,24,A607,2025,11,309,nov
2025-11-06,24.554166666666667,22.1,27.1,1.1355822741876853,24,A607,2025,11,310,nov
2025-11-07,21.070833333333333,18.9,22.5,1.1929062671974024,24,A607,2025,11,311,nov
2025-11-08,22.204166666666666,19.4,26.4,2.2414046773254115,24,A607,2025,11,312,nov
2025-11-09,22.825,19.5,25.9,1.396968768129923,24,A607,2025,11,313,nov
2025-11-10,20.84166666666667,16.8,26.2,2.8012290263330866,24,A607,2025,11,314,nov
2025-11-11,21.379166666666666,16.8,25.9,3.009258057723035,24,A607,2025,11,315,nov
2025-11-12,21.4875,15.3,27.1,4.150150599677077,24,A607,2025,11,316,nov
2025-11-13,23.129166666666666,16.8,29.8,4.163451658197189,24,A607,2025,11,317,nov
2025-11-14,24.695833333333333,18.8,31.7,4.148596322766938,24,A607,2025,11,318,nov
2025-11-15,24.520833333333332,22.3,29.3,1.8916243690604089,24,A607,2025,11,319,nov
2025-11-16,24.120833333333334,21.2,29.6,2.4455779376816764,24,A607,2025,11,320,nov
2025-11-17,27.058333333333334,22.9,33.3,3.9546248837297444,24,A607,2025,11,321,nov
2025-11-18,27.829166666666666,23.4,34.9,3.9416923276426714,24,A607,2025,11,322,nov
2025-11-19,25.575,22.3,30,2.3594859425399166,24,A607,2025,11,323,nov
2025-11-20,22.2875,17.1,26.5,2.9491800629121068,24,A607,2025,11,324,nov
2025-11-21,22.175,16.7,27.8,3.8124795081416507,24,A607,2025,11,325,nov
2025-11-22,25.116666666666667,19.3,34.2,5.292050368377958,24,A607,2025,11,326,nov
2025-11-23,24.941666666666666,22,30.3,2.8729498045928588,24,A607,2025,11,327,nov
2025-11-24,22.354166666666668,21,25.3,1.3928323244590395,24,A607,2025,11,328,nov
2025-11-25,24.0875,20,31.3,3.776622887552133,24,A607,2025,11,329,nov
2025-11-26,23.154166666666665,19.5,27.2,2.4185836974248534,24,A607,2025,11,330,nov
2025-11-27,22.9,19.5,27.5,2.554790895893269,24,A607,2025,11,331,nov
2025-11-28,24.0125,20.5,28.4,2.522819764711184,24,A607,2025,11,332,nov
2025-11-29,26.516666666666666,21.2,34.6,4.014719294607377,24,A607,2025,11,333,nov
2025-11-30,25.975,19.8,35,4.794675488860353,24,A607,2025,11,334,nov
2025-12-01,24.991666666666667,19.8,30.7,3.7287271014518413,24,A607,2025,12,335,dez
2025-12-02,27.5625,23.1,33.7,3.3863938110441705,24,A607,2025,12,336,dez
2025-12-03,24.958333333333332,22.3,31.4,2.8100621479537278,24,A607,2025,12,337,dez
2025-12-04,24.170833333333334,22.3,27.9,1.5900448904427789,24,A607,2025,12,338,dez
2025-12-05,22.858333333333334,20.8,26.2,1.6486929386023041,24,A607,2025,12,339,dez
2025-12-06,23.770833333333332,19.9,28,2.744239685099566,24,A607,2025,12,340,dez
2025-12-07,25.541666666666668,21.5,31.6,3.3321773357823337,24,A607,2025,12,341,dez
2025-12-08,27.3375,23.5,34.2,3.503887592499161,24,A607,2025,12,342,dez
2025-12-09,26.575,22.9,31.9,3.144664217921885,24,A607,2025,12,343,dez
2025-12-10,25.879166666666666,23.1,29.9,2.345389402482104,24,A607,2025,12,344,dez
2025-12-11,28.975,24,36,4.396663754929759,24,A607,2025,12,345,dez
2025-12-12,26.8375,21.1,34.5,4.2452851084672645,24,A607,2025,12,346,dez
2025-12-13,27.004166666666666,24.3,34.5,2.7118867436058105,24,A607,2025,12,347,dez
2025-12-14,27.045833333333334,23.8,33,2.9867794443640063,24,A607,2025,12,348,dez
2025-12-15,27.270833333333332,24,33.5,3.061326675559594,24,A607,2025,12,349,dez
2025-12-16,27.5625,24.5,34.5,3.181169117875021,24,A607,2025,12,350,dez
2025-12-17,23.225,21.4,26.2,1.6030541502693072,24,A607,2025,12,351,dez
2025-12-18,22.025,19.9,25.2,1.743621917533829,24,A607,2025,12,352,dez
2025-12-19,21.704166666666666,20.4,24.4,1.304000255623697,24,A607,2025,12,353,dez
2025-12-20,24.016666666666666,21.3,29.2,2.4300056658847287,24,A607,2025,12,354,dez
2025-12-21,25.258333333333333,22,29.6,2.6971670591432666,24,A607,2025,12,355,dez
2025-12-22,25.078260869565216,22.1,29.1,2.7162736041293996,23,A607,2025,12,356,dez
2025-12-23,26.5,23,30.9,2.7296353402806552,23,A607,2025,12,357,dez
2025-12-24,26.608333333333334,22.2,32.5,3.4624591244382654,24,A607,2025,12,358,dez
2025-12-25,26.7,21.7,33.1,4.111912704199413,24,A607,2025,12,359,dez
2025-12-26,26.90416666666667,21.4,33.6,4.323794545924023,24,A607,2025,12,360,dez
2025-12-27,26.579166666666666,21.7,33.4,3.830197993141695,24,A607,2025,12,361,dez
2025-12-28,27,21.6,36.3,4.613590509711969,24,A607,2025,12,362,dez
2025-12-29,27.979166666666668,21.2,36.5,5.403620297433988,24,A607,2025,12,363,dez
2025-12-30,27.52916666666667,23.2,35.5,4.051782127138267,24,A607,2025,12,364,dez
2025-12-31,28.5,23.4,36.2,4.379696237233215,24,A607,2025,12,365,dez
